journey_id,distance_km,stops_count,bus_speed_kmh,hour_of_day,is_weekend,weather_code,traffic_code,actual_duration_mins,delay_class,crowd_class
j_hist_000000,13.73,16,34.4,17,1,0,0,35.81,ON_TIME,HIGH
j_hist_000001,33.32,35,19.2,10,0,2,0,169.34,HEAVY_DELAY,HIGH
j_hist_000002,25.89,25,23.7,5,0,0,0,86.27,ON_TIME,LOW
j_hist_000003,21.35,26,32.6,10,1,1,1,84.46,HEAVY_DELAY,HIGH
j_hist_000004,6.3,8,27.5,17,0,0,0,19.6,ON_TIME,HIGH
j_hist_000005,6.3,10,34.7,17,0,0,2,27.37,MODERATE_DELAY,HIGH
j_hist_000006,2.97,4,40.9,17,0,0,1,10.99,SLIGHT_DELAY,HIGH
j_hist_000007,30.45,38,17.3,8,1,0,1,167.97,HEAVY_DELAY,HIGH
j_hist_000008,21.44,28,33.9,9,0,0,0,58.71,ON_TIME,HIGH
j_hist_000009,25.07,33,20.4,17,0,0,2,147.04,HEAVY_DELAY,HIGH
j_hist_000010,1.7,4,25.6,13,1,0,0,5.0,ON_TIME,MEDIUM
j_hist_000011,33.98,44,14.9,21,0,0,0,170.37,ON_TIME,LOW
j_hist_000012,29.3,41,17.8,7,0,0,0,129.46,ON_TIME,LOW
j_hist_000013,8.22,10,23.0,22,1,1,0,33.64,SLIGHT_DELAY,LOW
j_hist_000014,7.18,9,23.6,19,0,0,0,23.76,ON_TIME,HIGH
j_hist_000015,7.24,7,39.2,5,0,2,0,19.47,SLIGHT_DELAY,LOW
j_hist_000016,11.34,11,34.8,13,0,0,2,40.73,MODERATE_DELAY,MEDIUM
j_hist_000017,18.84,19,41.2,10,0,1,2,69.09,HEAVY_DELAY,HIGH
j_hist_000018,15.69,15,30.8,22,1,0,1,51.33,MODERATE_DELAY,LOW
j_hist_000019,10.9,12,20.8,5,0,0,0,44.46,SLIGHT_DELAY,LOW
j_hist_000020,21.8,21,23.2,11,1,0,0,72.99,ON_TIME,MEDIUM
j_hist_000021,5.74,6,23.0,14,0,0,0,19.8,ON_TIME,MEDIUM
j_hist_000022,10.93,16,23.1,10,0,0,1,48.86,MODERATE_DELAY,HIGH
j_hist_000023,13.46,12,32.8,11,0,0,0,32.19,ON_TIME,MEDIUM
j_hist_000024,16.51,22,28.9,10,0,0,0,50.46,ON_TIME,HIGH
j_hist_000025,27.7,26,24.8,12,0,0,0,83.07,ON_TIME,MEDIUM
j_hist_000026,7.79,12,18.2,6,0,0,1,43.73,MODERATE_DELAY,LOW
j_hist_000027,18.48,26,14.6,13,1,0,1,118.41,HEAVY_DELAY,MEDIUM
j_hist_000028,21.14,27,20.1,13,0,1,2,147.77,HEAVY_DELAY,MEDIUM
j_hist_000029,2.58,5,17.0,11,0,0,1,18.22,SLIGHT_DELAY,MEDIUM
j_hist_000030,21.66,19,36.0,13,0,1,0,58.9,MODERATE_DELAY,MEDIUM
j_hist_000031,6.8,11,17.1,21,0,2,0,40.91,MODERATE_DELAY,LOW
j_hist_000032,3.21,6,34.3,7,0,0,0,12.62,SLIGHT_DELAY,LOW
j_hist_000033,33.26,46,24.8,20,0,0,0,113.31,ON_TIME,LOW
j_hist_000034,33.83,42,16.1,20,0,1,0,180.0,HEAVY_DELAY,LOW
j_hist_000035,28.49,30,36.8,6,1,0,0,68.15,ON_TIME,LOW
j_hist_000036,11.36,17,30.2,15,0,1,0,41.29,SLIGHT_DELAY,MEDIUM
j_hist_000037,4.32,6,20.6,20,0,0,2,25.29,MODERATE_DELAY,LOW
j_hist_000038,24.26,29,39.1,19,0,0,1,72.07,MODERATE_DELAY,HIGH
j_hist_000039,15.97,15,15.3,5,0,0,1,92.27,HEAVY_DELAY,LOW
j_hist_000040,5.15,8,19.7,21,1,0,0,23.33,ON_TIME,LOW
j_hist_000041,17.84,17,35.1,7,0,0,0,46.43,SLIGHT_DELAY,LOW
j_hist_000042,2.17,4,33.9,11,1,0,0,8.73,ON_TIME,MEDIUM
j_hist_000043,31.92,38,22.1,15,0,0,0,114.69,ON_TIME,MEDIUM
j_hist_000044,9.8,14,15.7,22,0,0,2,70.2,HEAVY_DELAY,LOW
j_hist_000045,23.53,29,38.0,18,1,0,0,58.53,ON_TIME,HIGH
j_hist_000046,11.6,12,22.8,20,1,0,0,43.25,SLIGHT_DELAY,LOW
j_hist_000047,18.68,16,19.5,10,0,1,1,98.01,HEAVY_DELAY,HIGH
j_hist_000048,19.59,26,28.4,6,1,1,0,69.89,MODERATE_DELAY,LOW
j_hist_000049,7.29,12,39.5,15,0,1,1,27.32,MODERATE_DELAY,MEDIUM
j_hist_000050,33.97,45,15.2,15,0,0,0,164.35,ON_TIME,MEDIUM
j_hist_000051,27.35,31,35.4,14,0,0,1,90.13,HEAVY_DELAY,MEDIUM
j_hist_000052,32.94,46,30.0,8,1,2,1,163.16,HEAVY_DELAY,HIGH
j_hist_000053,31.42,34,25.9,21,0,0,2,148.25,HEAVY_DELAY,LOW
j_hist_000054,21.33,25,34.8,14,1,0,0,55.65,ON_TIME,MEDIUM
j_hist_000055,32.34,37,41.0,13,0,0,1,95.05,HEAVY_DELAY,MEDIUM
j_hist_000056,4.01,6,20.4,17,0,1,2,29.63,MODERATE_DELAY,HIGH
j_hist_000057,7.66,11,18.0,15,0,0,1,40.92,MODERATE_DELAY,MEDIUM
j_hist_000058,2.54,4,39.6,14,0,0,1,11.67,SLIGHT_DELAY,MEDIUM
j_hist_000059,12.06,13,32.7,9,0,1,1,48.11,HEAVY_DELAY,HIGH
j_hist_000060,14.22,15,26.3,7,0,0,1,55.43,MODERATE_DELAY,LOW
j_hist_000061,10.23,10,30.1,8,1,1,2,46.74,HEAVY_DELAY,HIGH
j_hist_000062,29.18,35,34.9,7,1,0,1,94.13,HEAVY_DELAY,LOW
j_hist_000063,13.13,14,35.6,14,0,1,0,35.45,SLIGHT_DELAY,MEDIUM
j_hist_000064,10.55,11,39.8,17,0,0,0,24.18,ON_TIME,HIGH
j_hist_000065,19.45,25,26.0,9,0,0,1,81.17,HEAVY_DELAY,HIGH
j_hist_000066,5.79,9,22.2,17,0,0,0,23.09,ON_TIME,HIGH
j_hist_000067,28.27,37,31.9,5,0,0,2,120.65,HEAVY_DELAY,LOW
j_hist_000068,3.53,5,25.6,15,0,0,0,10.07,ON_TIME,MEDIUM
j_hist_000069,34.55,48,30.6,7,1,0,2,157.41,HEAVY_DELAY,LOW
j_hist_000070,27.26,39,25.8,21,0,0,1,114.9,HEAVY_DELAY,LOW
j_hist_000071,7.76,11,18.3,17,1,1,2,55.57,HEAVY_DELAY,HIGH
j_hist_000072,1.19,3,27.1,20,1,0,0,5.29,ON_TIME,LOW
j_hist_000073,28.73,30,33.3,22,0,1,2,127.48,HEAVY_DELAY,LOW
j_hist_000074,25.03,36,36.4,10,1,0,1,86.57,HEAVY_DELAY,HIGH
j_hist_000075,25.79,26,27.8,11,0,2,0,96.85,HEAVY_DELAY,MEDIUM
j_hist_000076,27.22,27,18.6,19,1,0,2,162.05,HEAVY_DELAY,HIGH
j_hist_000077,3.52,5,25.6,9,0,0,0,12.06,ON_TIME,HIGH
j_hist_000078,13.19,13,36.0,20,0,2,0,40.82,MODERATE_DELAY,LOW
j_hist_000079,4.94,8,25.6,10,0,2,1,27.49,MODERATE_DELAY,HIGH
j_hist_000080,30.35,36,33.5,7,0,0,1,103.17,HEAVY_DELAY,LOW
j_hist_000081,22.19,27,28.2,16,0,0,2,101.71,HEAVY_DELAY,MEDIUM
j_hist_000082,12.25,16,20.8,8,0,1,0,54.62,MODERATE_DELAY,HIGH
j_hist_000083,3.16,5,36.3,7,0,0,0,8.89,ON_TIME,LOW
j_hist_000084,11.57,11,16.4,20,0,0,2,75.98,HEAVY_DELAY,LOW
j_hist_000085,12.06,16,28.7,20,0,1,0,41.66,SLIGHT_DELAY,LOW
j_hist_000086,25.81,33,19.8,19,0,1,0,116.81,MODERATE_DELAY,HIGH
j_hist_000087,22.68,25,15.9,13,0,0,2,156.85,HEAVY_DELAY,MEDIUM
j_hist_000088,31.17,41,28.1,6,0,0,1,122.44,HEAVY_DELAY,LOW
j_hist_000089,17.06,17,28.0,10,1,0,0,50.09,ON_TIME,HIGH
j_hist_000090,5.07,6,33.8,18,0,0,1,18.4,SLIGHT_DELAY,HIGH
j_hist_000091,25.25,24,34.9,13,0,0,2,93.42,HEAVY_DELAY,MEDIUM
j_hist_000092,26.87,29,34.4,14,0,0,2,102.34,HEAVY_DELAY,MEDIUM
j_hist_000093,20.08,28,25.5,22,1,2,0,92.66,HEAVY_DELAY,LOW
j_hist_000094,27.21,37,31.7,19,1,1,0,93.79,MODERATE_DELAY,HIGH
j_hist_000095,17.79,20,30.2,8,0,0,0,48.94,ON_TIME,HIGH
j_hist_000096,18.77,23,25.8,9,0,2,0,79.6,HEAVY_DELAY,HIGH
j_hist_000097,15.54,21,30.7,10,0,0,0,44.98,ON_TIME,HIGH
j_hist_000098,1.86,3,40.5,19,0,2,1,6.95,ON_TIME,HIGH
j_hist_000099,4.67,6,19.4,6,0,0,0,18.49,ON_TIME,LOW
j_hist_000100,2.07,4,39.4,20,1,0,1,9.51,SLIGHT_DELAY,LOW
j_hist_000101,22.64,28,15.5,9,0,0,2,161.3,HEAVY_DELAY,HIGH
j_hist_000102,11.69,18,22.6,8,0,0,0,48.02,SLIGHT_DELAY,HIGH
j_hist_000103,18.29,20,22.1,5,1,1,0,75.35,MODERATE_DELAY,LOW
j_hist_000104,31.86,40,31.5,12,0,0,1,111.3,HEAVY_DELAY,MEDIUM
j_hist_000105,9.48,10,17.7,14,1,0,0,40.58,ON_TIME,MEDIUM
j_hist_000106,14.95,16,38.7,19,1,0,1,43.2,MODERATE_DELAY,HIGH
j_hist_000107,26.69,31,37.2,6,0,1,0,75.41,MODERATE_DELAY,LOW
j_hist_000108,8.78,10,32.3,16,0,0,0,25.35,ON_TIME,MEDIUM
j_hist_000109,3.62,5,26.8,14,1,0,1,14.88,SLIGHT_DELAY,MEDIUM
j_hist_000110,10.85,12,40.1,16,1,0,0,24.76,ON_TIME,MEDIUM
j_hist_000111,6.48,7,37.3,13,0,0,1,20.03,SLIGHT_DELAY,MEDIUM
j_hist_000112,32.61,41,28.0,12,0,0,2,149.22,HEAVY_DELAY,MEDIUM
j_hist_000113,28.48,33,33.7,6,1,0,0,75.57,ON_TIME,LOW
j_hist_000114,22.54,21,29.9,11,1,1,1,90.51,HEAVY_DELAY,MEDIUM
j_hist_000115,30.63,29,30.5,8,0,0,1,99.82,HEAVY_DELAY,HIGH
j_hist_000116,28.32,26,23.3,12,0,0,1,116.17,HEAVY_DELAY,MEDIUM
j_hist_000117,7.34,10,26.9,17,0,2,0,31.44,MODERATE_DELAY,HIGH
j_hist_000118,31.35,28,16.2,7,0,1,0,157.55,HEAVY_DELAY,LOW
j_hist_000119,19.34,26,24.0,9,0,0,0,63.91,ON_TIME,HIGH
j_hist_000120,28.45,25,33.5,12,0,2,0,89.93,HEAVY_DELAY,MEDIUM
j_hist_000121,31.47,31,40.7,6,0,1,0,81.0,MODERATE_DELAY,LOW
j_hist_000122,11.81,17,41.0,14,0,0,2,47.35,HEAVY_DELAY,MEDIUM
j_hist_000123,4.74,7,29.6,20,0,0,1,17.73,SLIGHT_DELAY,LOW
j_hist_000124,8.75,9,31.0,8,0,0,0,21.85,ON_TIME,HIGH
j_hist_000125,15.52,22,19.2,18,0,1,2,113.03,HEAVY_DELAY,HIGH
j_hist_000126,28.81,33,33.5,7,1,0,1,96.57,HEAVY_DELAY,LOW
j_hist_000127,30.26,41,16.0,14,0,0,0,143.57,ON_TIME,MEDIUM
j_hist_000128,1.24,3,22.0,17,0,0,0,6.79,ON_TIME,HIGH
j_hist_000129,18.37,24,32.7,9,1,0,2,76.1,HEAVY_DELAY,HIGH
j_hist_000130,15.19,23,22.7,21,0,0,1,71.94,MODERATE_DELAY,LOW
j_hist_000131,8.55,10,15.4,21,0,2,1,66.71,HEAVY_DELAY,LOW
j_hist_000132,5.08,7,37.3,15,0,0,1,15.31,ON_TIME,MEDIUM
j_hist_000133,12.48,15,22.7,22,0,2,1,71.92,HEAVY_DELAY,LOW
j_hist_000134,33.06,29,15.8,21,0,1,0,169.32,HEAVY_DELAY,LOW
j_hist_000135,11.99,11,16.1,15,0,0,2,77.25,HEAVY_DELAY,MEDIUM
j_hist_000136,18.64,18,21.0,19,0,1,0,75.6,MODERATE_DELAY,HIGH
j_hist_000137,24.9,31,19.0,12,0,0,1,127.44,HEAVY_DELAY,MEDIUM
j_hist_000138,13.36,17,35.7,16,0,1,0,41.21,SLIGHT_DELAY,MEDIUM
j_hist_000139,34.04,40,23.0,21,0,1,0,136.11,HEAVY_DELAY,LOW
j_hist_000140,33.72,29,36.5,9,0,1,2,134.11,HEAVY_DELAY,HIGH
j_hist_000141,9.56,12,18.9,8,1,0,0,40.85,ON_TIME,HIGH
j_hist_000142,17.91,26,27.8,15,0,1,1,83.56,HEAVY_DELAY,MEDIUM
j_hist_000143,11.23,13,33.3,12,1,0,1,40.73,MODERATE_DELAY,MEDIUM
j_hist_000144,10.68,14,32.3,20,1,0,0,31.81,ON_TIME,LOW
j_hist_000145,2.25,4,30.8,20,0,1,0,8.73,ON_TIME,LOW
j_hist_000146,21.73,29,39.9,7,1,1,0,61.53,MODERATE_DELAY,LOW
j_hist_000147,18.09,22,20.4,16,1,0,2,105.66,HEAVY_DELAY,MEDIUM
j_hist_000148,2.75,5,27.8,17,1,0,1,11.63,ON_TIME,HIGH
j_hist_000149,10.47,12,38.8,5,0,0,1,30.62,SLIGHT_DELAY,LOW
j_hist_000150,31.88,44,16.2,8,1,0,0,149.51,ON_TIME,HIGH
j_hist_000151,9.15,10,15.6,10,0,1,0,48.55,SLIGHT_DELAY,HIGH
j_hist_000152,5.93,7,20.5,9,1,0,2,31.8,MODERATE_DELAY,HIGH
j_hist_000153,17.64,16,31.7,9,0,0,2,70.51,HEAVY_DELAY,HIGH
j_hist_000154,34.51,46,21.3,14,1,0,2,180.0,HEAVY_DELAY,MEDIUM
j_hist_000155,9.23,11,19.3,22,0,0,2,54.06,HEAVY_DELAY,LOW
j_hist_000156,23.85,24,26.8,6,1,0,1,89.42,HEAVY_DELAY,LOW
j_hist_000157,26.9,27,31.2,20,1,0,0,72.17,ON_TIME,LOW
j_hist_000158,9.08,14,21.0,19,0,0,0,39.17,SLIGHT_DELAY,HIGH
j_hist_000159,25.76,35,22.4,9,0,0,2,144.28,HEAVY_DELAY,HIGH
j_hist_000160,13.5,17,31.2,13,0,0,2,56.89,HEAVY_DELAY,MEDIUM
j_hist_000161,22.5,28,40.5,9,1,0,0,52.96,ON_TIME,HIGH
j_hist_000162,22.54,26,32.9,9,1,0,1,77.32,HEAVY_DELAY,HIGH
j_hist_000163,19.22,21,35.9,13,0,1,1,68.43,HEAVY_DELAY,MEDIUM
j_hist_000164,4.07,7,24.3,13,1,0,1,16.84,ON_TIME,MEDIUM
j_hist_000165,29.4,27,21.6,6,0,0,2,152.17,HEAVY_DELAY,LOW
j_hist_000166,11.91,14,26.7,11,0,0,1,46.3,MODERATE_DELAY,MEDIUM
j_hist_000167,7.34,9,36.6,5,0,0,1,24.63,SLIGHT_DELAY,LOW
j_hist_000168,2.39,4,26.8,6,0,0,0,8.48,ON_TIME,LOW
j_hist_000169,21.09,24,37.7,16,0,2,0,65.81,MODERATE_DELAY,MEDIUM
j_hist_000170,24.04,28,41.7,10,1,0,0,56.28,ON_TIME,HIGH
j_hist_000171,1.56,3,16.0,20,0,1,0,9.52,ON_TIME,LOW
j_hist_000172,18.41,22,15.3,8,1,1,0,97.97,MODERATE_DELAY,HIGH
j_hist_000173,8.7,10,18.2,22,0,0,1,46.01,MODERATE_DELAY,LOW
j_hist_000174,22.94,22,24.8,9,1,2,0,92.16,HEAVY_DELAY,HIGH
j_hist_000175,6.93,7,17.7,22,1,0,0,28.32,ON_TIME,LOW
j_hist_000176,24.49,32,38.4,10,0,0,0,61.47,ON_TIME,HIGH
j_hist_000177,14.15,16,14.6,18,0,0,1,84.04,MODERATE_DELAY,HIGH
j_hist_000178,32.85,40,22.8,21,1,1,1,167.73,HEAVY_DELAY,LOW
j_hist_000179,5.68,9,19.2,22,0,0,0,22.38,ON_TIME,LOW
j_hist_000180,12.6,17,40.1,14,0,0,1,38.91,MODERATE_DELAY,MEDIUM
j_hist_000181,4.86,7,32.7,22,0,0,0,13.71,ON_TIME,LOW
j_hist_000182,32.44,35,39.5,8,1,0,0,72.94,ON_TIME,HIGH
j_hist_000183,30.83,33,41.2,19,1,0,0,71.02,ON_TIME,HIGH
j_hist_000184,9.77,13,27.9,10,1,0,0,30.16,ON_TIME,HIGH
j_hist_000185,23.44,27,20.6,10,1,0,0,88.19,ON_TIME,HIGH
j_hist_000186,28.79,39,19.4,7,0,0,0,118.41,ON_TIME,LOW
j_hist_000187,19.88,28,20.2,13,1,1,1,114.34,HEAVY_DELAY,MEDIUM
j_hist_000188,19.01,19,33.8,15,0,2,0,60.93,MODERATE_DELAY,MEDIUM
j_hist_000189,9.22,10,15.1,9,0,0,1,53.36,MODERATE_DELAY,HIGH
j_hist_000190,4.17,6,15.4,18,0,1,2,38.35,HEAVY_DELAY,HIGH
j_hist_000191,31.51,32,31.0,6,0,0,0,84.86,ON_TIME,LOW
j_hist_000192,31.61,27,32.0,12,1,0,1,98.29,HEAVY_DELAY,MEDIUM
j_hist_000193,22.53,32,32.6,17,0,0,0,65.92,ON_TIME,HIGH
j_hist_000194,12.53,13,24.4,9,0,1,0,47.98,MODERATE_DELAY,HIGH
j_hist_000195,12.87,19,36.6,19,0,0,0,39.55,SLIGHT_DELAY,HIGH
j_hist_000196,25.68,33,28.9,8,0,0,0,77.97,ON_TIME,HIGH
j_hist_000197,31.5,41,17.0,8,0,1,1,180.0,HEAVY_DELAY,HIGH
j_hist_000198,31.16,30,36.3,22,1,2,2,140.76,HEAVY_DELAY,LOW
j_hist_000199,27.52,27,40.7,13,0,0,1,75.91,HEAVY_DELAY,MEDIUM
j_hist_000200,22.83,27,15.7,19,1,1,0,122.89,HEAVY_DELAY,HIGH
j_hist_000201,3.86,5,25.0,16,0,0,0,13.17,ON_TIME,MEDIUM
j_hist_000202,6.5,8,27.7,8,0,0,2,30.25,MODERATE_DELAY,HIGH
j_hist_000203,31.55,33,18.1,7,0,0,1,163.49,HEAVY_DELAY,LOW
j_hist_000204,21.62,21,38.3,9,0,0,0,49.92,ON_TIME,HIGH
j_hist_000205,1.31,3,22.0,21,0,0,1,7.44,ON_TIME,LOW
j_hist_000206,4.45,7,35.9,9,0,0,1,16.12,SLIGHT_DELAY,HIGH
j_hist_000207,23.56,23,32.8,8,0,0,0,59.88,ON_TIME,HIGH
j_hist_000208,1.17,2,30.7,11,0,0,2,7.79,SLIGHT_DELAY,MEDIUM
j_hist_000209,6.47,9,19.4,11,0,0,1,34.07,MODERATE_DELAY,MEDIUM
j_hist_000210,19.66,29,20.2,11,0,0,1,101.4,HEAVY_DELAY,MEDIUM
j_hist_000211,24.52,26,15.3,21,1,1,2,180.0,HEAVY_DELAY,LOW
j_hist_000212,23.17,22,20.7,19,0,0,2,123.66,HEAVY_DELAY,HIGH
j_hist_000213,8.63,11,23.7,11,0,1,2,50.47,HEAVY_DELAY,MEDIUM
j_hist_000214,25.21,35,37.3,19,1,0,0,69.03,SLIGHT_DELAY,HIGH
j_hist_000215,9.07,13,24.3,8,1,0,0,34.99,SLIGHT_DELAY,HIGH
j_hist_000216,12.06,16,35.1,6,0,0,1,39.61,MODERATE_DELAY,LOW
j_hist_000217,26.38,28,26.3,17,0,1,1,115.05,HEAVY_DELAY,HIGH
j_hist_000218,23.09,27,36.0,16,0,0,0,59.92,ON_TIME,MEDIUM
j_hist_000219,29.87,27,41.3,14,0,1,1,90.73,HEAVY_DELAY,MEDIUM
j_hist_000220,23.36,30,20.7,19,0,0,1,110.3,HEAVY_DELAY,HIGH
j_hist_000221,20.32,27,38.1,21,0,2,0,66.01,MODERATE_DELAY,LOW
j_hist_000222,4.18,7,31.4,10,0,2,1,21.41,MODERATE_DELAY,HIGH
j_hist_000223,13.5,14,36.9,9,0,1,0,40.75,MODERATE_DELAY,HIGH
j_hist_000224,10.02,10,32.2,17,0,0,2,41.76,HEAVY_DELAY,HIGH
j_hist_000225,9.3,12,25.9,18,0,0,0,29.66,ON_TIME,HIGH
j_hist_000226,34.08,43,20.4,18,0,0,0,130.46,ON_TIME,HIGH
j_hist_000227,14.37,20,16.0,19,0,0,0,68.34,ON_TIME,HIGH
j_hist_000228,31.33,30,29.0,20,0,0,0,87.08,ON_TIME,LOW
j_hist_000229,22.46,23,41.7,14,0,0,0,49.69,ON_TIME,MEDIUM
j_hist_000230,28.02,33,34.7,5,1,1,1,104.35,HEAVY_DELAY,LOW
j_hist_000231,18.09,20,23.2,15,1,0,0,60.96,ON_TIME,MEDIUM
j_hist_000232,20.61,29,37.2,11,0,0,1,69.7,MODERATE_DELAY,MEDIUM
j_hist_000233,17.75,21,35.5,21,0,0,0,45.17,ON_TIME,LOW
j_hist_000234,7.64,11,21.9,8,0,1,0,33.16,SLIGHT_DELAY,HIGH
j_hist_000235,25.56,31,14.4,11,0,0,2,180.0,HEAVY_DELAY,MEDIUM
j_hist_000236,10.55,15,17.3,7,1,2,0,63.34,HEAVY_DELAY,LOW
j_hist_000237,1.83,3,38.6,18,0,2,2,10.22,SLIGHT_DELAY,HIGH
j_hist_000238,22.95,31,37.4,22,1,0,0,60.92,ON_TIME,LOW
j_hist_000239,7.02,8,22.3,22,0,0,1,33.5,MODERATE_DELAY,LOW
j_hist_000240,32.98,39,22.0,5,0,0,2,178.38,HEAVY_DELAY,LOW
j_hist_000241,33.43,33,36.2,10,0,1,0,93.24,MODERATE_DELAY,HIGH
j_hist_000242,32.11,36,40.3,13,0,0,1,92.3,HEAVY_DELAY,MEDIUM
j_hist_000243,13.59,15,35.8,6,1,0,0,34.0,ON_TIME,LOW
j_hist_000244,1.53,3,31.0,12,1,0,0,5.0,ON_TIME,MEDIUM
j_hist_000245,32.56,46,20.8,8,0,0,1,160.8,HEAVY_DELAY,HIGH
j_hist_000246,15.56,15,28.7,14,0,0,1,56.15,MODERATE_DELAY,MEDIUM
j_hist_000247,33.87,45,20.5,5,0,0,1,164.54,HEAVY_DELAY,LOW
j_hist_000248,33.76,48,36.6,15,0,0,1,115.9,HEAVY_DELAY,MEDIUM
j_hist_000249,30.0,26,24.8,13,0,0,2,137.67,HEAVY_DELAY,MEDIUM
j_hist_000250,11.01,15,37.3,15,0,2,0,37.64,MODERATE_DELAY,MEDIUM
j_hist_000251,14.09,15,24.7,8,1,0,1,55.8,MODERATE_DELAY,HIGH
j_hist_000252,29.94,26,37.1,9,1,1,0,75.92,MODERATE_DELAY,HIGH
j_hist_000253,11.78,14,23.3,21,0,0,0,39.83,ON_TIME,LOW
j_hist_000254,6.76,11,26.3,22,0,0,0,24.63,ON_TIME,LOW
j_hist_000255,19.93,18,31.2,9,1,0,1,63.14,MODERATE_DELAY,HIGH
j_hist_000256,32.83,39,16.0,22,1,1,0,176.29,HEAVY_DELAY,LOW
j_hist_000257,24.67,29,40.5,21,0,0,1,71.01,MODERATE_DELAY,LOW
j_hist_000258,20.38,28,30.1,7,1,1,0,68.83,MODERATE_DELAY,LOW
j_hist_000259,4.3,5,28.2,15,1,2,1,20.06,MODERATE_DELAY,MEDIUM
j_hist_000260,21.91,28,37.5,21,0,0,1,69.18,MODERATE_DELAY,LOW
j_hist_000261,34.66,43,38.2,12,1,0,1,110.13,HEAVY_DELAY,MEDIUM
j_hist_000262,5.76,8,28.6,12,0,0,0,19.49,ON_TIME,MEDIUM
j_hist_000263,18.62,27,40.0,6,1,1,0,54.63,SLIGHT_DELAY,LOW
j_hist_000264,30.83,41,15.8,11,0,0,0,149.26,ON_TIME,MEDIUM
j_hist_000265,26.19,23,17.2,10,0,0,0,108.94,ON_TIME,HIGH
j_hist_000266,24.7,28,30.7,22,0,1,1,97.75,HEAVY_DELAY,LOW
j_hist_000267,24.88,27,23.9,11,0,0,0,82.24,ON_TIME,MEDIUM
j_hist_000268,13.22,15,27.0,22,1,0,0,39.67,ON_TIME,LOW
j_hist_000269,10.98,13,23.2,16,0,0,0,39.06,ON_TIME,MEDIUM
j_hist_000270,28.52,31,25.3,11,0,2,0,116.55,HEAVY_DELAY,MEDIUM
j_hist_000271,28.54,32,37.0,11,1,0,0,69.68,ON_TIME,MEDIUM
j_hist_000272,30.48,44,30.6,5,0,0,1,116.45,HEAVY_DELAY,LOW
j_hist_000273,32.05,29,41.9,14,1,0,2,101.16,HEAVY_DELAY,MEDIUM
j_hist_000274,18.39,26,36.0,14,1,1,1,73.18,HEAVY_DELAY,MEDIUM
j_hist_000275,18.05,21,21.7,16,0,0,0,66.05,ON_TIME,MEDIUM
j_hist_000276,28.14,35,21.4,7,0,0,1,129.7,HEAVY_DELAY,LOW
j_hist_000277,23.1,31,23.4,7,0,2,1,134.71,HEAVY_DELAY,LOW
j_hist_000278,24.87,27,37.6,17,0,0,1,76.9,HEAVY_DELAY,HIGH
j_hist_000279,28.06,31,14.8,17,0,1,1,180.0,HEAVY_DELAY,HIGH
j_hist_000280,31.26,34,20.4,10,0,0,1,147.01,HEAVY_DELAY,HIGH
j_hist_000281,12.49,14,39.3,7,0,0,0,28.01,ON_TIME,LOW
j_hist_000282,13.77,20,31.9,19,0,0,0,39.75,ON_TIME,HIGH
j_hist_000283,4.2,7,20.4,13,1,2,0,25.44,MODERATE_DELAY,MEDIUM
j_hist_000284,20.66,19,20.1,10,0,0,0,77.67,ON_TIME,HIGH
j_hist_000285,2.22,3,38.2,10,0,0,2,8.84,SLIGHT_DELAY,HIGH
j_hist_000286,16.83,19,39.0,12,1,1,1,57.79,HEAVY_DELAY,MEDIUM
j_hist_000287,19.45,18,21.2,15,0,2,1,112.42,HEAVY_DELAY,MEDIUM
j_hist_000288,10.74,14,25.8,20,1,0,0,33.95,ON_TIME,LOW
j_hist_000289,21.09,20,37.4,13,0,0,1,62.85,MODERATE_DELAY,MEDIUM
j_hist_000290,2.04,4,35.6,15,0,0,0,7.57,ON_TIME,MEDIUM
j_hist_000291,2.27,3,36.8,20,1,1,1,8.07,SLIGHT_DELAY,LOW
j_hist_000292,28.97,30,28.5,10,1,0,0,83.34,ON_TIME,HIGH
j_hist_000293,13.25,17,39.5,21,0,1,1,47.07,MODERATE_DELAY,LOW
j_hist_000294,5.32,7,23.1,20,0,0,1,23.13,SLIGHT_DELAY,LOW
j_hist_000295,18.76,28,18.4,22,1,0,0,81.81,ON_TIME,LOW
j_hist_000296,27.18,37,33.8,5,1,0,2,114.9,HEAVY_DELAY,LOW
j_hist_000297,8.34,10,29.1,22,0,0,1,31.27,SLIGHT_DELAY,LOW
j_hist_000298,22.18,20,37.9,12,0,0,0,49.98,ON_TIME,MEDIUM
j_hist_000299,3.9,7,16.3,14,1,1,1,29.46,MODERATE_DELAY,MEDIUM
j_hist_000300,2.76,5,37.6,6,0,0,1,12.03,SLIGHT_DELAY,LOW
j_hist_000301,19.07,26,22.2,13,1,0,2,105.34,HEAVY_DELAY,MEDIUM
j_hist_000302,19.38,18,32.3,8,0,1,0,59.45,MODERATE_DELAY,HIGH
j_hist_000303,22.67,33,15.1,15,0,0,1,144.9,HEAVY_DELAY,MEDIUM
j_hist_000304,25.69,26,31.1,14,0,0,0,71.06,ON_TIME,MEDIUM
j_hist_000305,34.18,44,34.1,18,0,1,0,111.62,HEAVY_DELAY,HIGH
j_hist_000306,18.55,26,24.3,11,1,0,1,82.87,HEAVY_DELAY,MEDIUM
j_hist_000307,11.98,13,20.0,10,0,0,0,43.14,ON_TIME,HIGH
j_hist_000308,28.04,39,29.1,20,1,1,0,98.99,MODERATE_DELAY,LOW
j_hist_000309,10.21,12,37.3,17,1,0,1,29.78,SLIGHT_DELAY,HIGH
j_hist_000310,15.93,24,23.1,16,0,1,0,70.49,MODERATE_DELAY,MEDIUM
j_hist_000311,3.67,5,21.1,19,0,0,0,16.24,SLIGHT_DELAY,HIGH
j_hist_000312,1.86,4,21.8,12,0,0,2,14.88,SLIGHT_DELAY,MEDIUM
j_hist_000313,33.73,30,40.6,8,0,1,1,105.23,HEAVY_DELAY,HIGH
j_hist_000314,29.42,38,24.1,12,0,0,1,129.9,HEAVY_DELAY,MEDIUM
j_hist_000315,24.66,29,14.1,20,0,1,1,179.74,HEAVY_DELAY,LOW
j_hist_000316,14.9,18,35.9,20,0,0,1,47.97,MODERATE_DELAY,LOW
j_hist_000317,6.89,8,33.6,6,0,2,0,22.43,SLIGHT_DELAY,LOW
j_hist_000318,6.32,9,17.6,21,1,1,1,38.24,MODERATE_DELAY,LOW
j_hist_000319,9.51,10,41.6,9,0,0,1,29.22,MODERATE_DELAY,HIGH
j_hist_000320,19.67,24,31.0,9,0,1,0,62.66,SLIGHT_DELAY,HIGH
j_hist_000321,25.3,26,28.0,16,1,0,0,73.43,ON_TIME,MEDIUM
j_hist_000322,23.45,34,24.7,11,1,1,0,95.56,MODERATE_DELAY,MEDIUM
j_hist_000323,10.52,10,39.2,9,0,0,0,22.4,ON_TIME,HIGH
j_hist_000324,33.47,32,20.8,8,0,2,0,153.74,HEAVY_DELAY,HIGH
j_hist_000325,26.09,26,22.0,21,1,0,0,90.88,ON_TIME,LOW
j_hist_000326,19.85,22,17.4,10,0,0,1,105.24,HEAVY_DELAY,HIGH
j_hist_000327,21.8,22,35.3,18,1,0,1,69.82,HEAVY_DELAY,HIGH
j_hist_000328,15.27,18,30.7,13,0,0,2,65.5,HEAVY_DELAY,MEDIUM
j_hist_000329,9.42,14,31.1,8,0,0,1,36.77,MODERATE_DELAY,HIGH
j_hist_000330,13.1,18,20.1,15,1,0,0,48.06,ON_TIME,MEDIUM
j_hist_000331,26.77,32,32.2,20,0,0,0,74.54,ON_TIME,LOW
j_hist_000332,1.49,3,35.4,20,0,0,1,5.8,ON_TIME,LOW
j_hist_000333,4.95,8,24.0,20,0,2,0,26.06,MODERATE_DELAY,LOW
j_hist_000334,2.56,4,36.4,10,1,0,0,6.19,ON_TIME,HIGH
j_hist_000335,2.38,5,23.8,19,1,0,1,12.99,SLIGHT_DELAY,HIGH
j_hist_000336,30.09,30,35.2,7,1,2,0,94.27,HEAVY_DELAY,LOW
j_hist_000337,24.92,28,14.9,13,0,0,1,149.14,HEAVY_DELAY,MEDIUM
j_hist_000338,17.12,19,29.4,5,0,0,1,60.65,MODERATE_DELAY,LOW
j_hist_000339,4.33,7,41.1,15,1,1,1,16.03,SLIGHT_DELAY,MEDIUM
j_hist_000340,17.71,17,41.5,10,0,0,0,36.76,ON_TIME,HIGH
j_hist_000341,17.1,21,21.9,9,0,0,1,77.88,HEAVY_DELAY,HIGH
j_hist_000342,6.89,8,26.4,22,0,0,0,22.2,ON_TIME,LOW
j_hist_000343,15.75,21,15.8,16,1,0,2,114.89,HEAVY_DELAY,MEDIUM
j_hist_000344,14.55,21,38.5,11,0,0,0,35.43,ON_TIME,MEDIUM
j_hist_000345,21.94,25,29.9,6,0,0,0,62.83,ON_TIME,LOW
j_hist_000346,22.59,26,24.8,11,1,1,0,82.29,MODERATE_DELAY,MEDIUM
j_hist_000347,2.54,5,17.2,13,0,1,0,16.73,SLIGHT_DELAY,MEDIUM
j_hist_000348,13.74,17,40.5,12,0,0,0,34.9,ON_TIME,MEDIUM
j_hist_000349,22.28,26,28.8,13,1,0,1,82.12,HEAVY_DELAY,MEDIUM
j_hist_000350,18.11,22,21.9,14,0,0,1,81.28,HEAVY_DELAY,MEDIUM
j_hist_000351,30.12,38,23.8,16,0,0,1,130.37,HEAVY_DELAY,MEDIUM
j_hist_000352,23.4,22,21.6,6,0,1,2,138.77,HEAVY_DELAY,LOW
j_hist_000353,6.54,10,30.9,14,0,0,0,22.76,SLIGHT_DELAY,MEDIUM
j_hist_000354,3.4,5,40.0,7,0,2,0,9.93,ON_TIME,LOW
j_hist_000355,22.84,21,38.0,5,0,0,1,65.84,MODERATE_DELAY,LOW
j_hist_000356,1.9,4,26.9,21,0,2,0,8.46,ON_TIME,LOW
j_hist_000357,20.92,23,37.1,5,0,1,0,59.47,MODERATE_DELAY,LOW
j_hist_000358,32.97,30,25.8,9,1,0,1,123.37,HEAVY_DELAY,HIGH
j_hist_000359,20.57,26,21.1,18,1,0,0,79.18,ON_TIME,HIGH
j_hist_000360,14.2,20,41.5,10,1,0,1,46.05,MODERATE_DELAY,HIGH
j_hist_000361,22.87,32,22.5,13,0,0,0,84.42,ON_TIME,MEDIUM
j_hist_000362,16.58,24,23.1,18,0,0,2,92.1,HEAVY_DELAY,HIGH
j_hist_000363,19.55,27,41.7,8,1,0,0,51.26,SLIGHT_DELAY,HIGH
j_hist_000364,33.01,28,17.7,5,0,1,1,180.0,HEAVY_DELAY,LOW
j_hist_000365,14.13,16,35.3,10,1,0,1,45.88,MODERATE_DELAY,HIGH
j_hist_000366,33.68,45,40.2,11,0,0,0,85.2,ON_TIME,MEDIUM
j_hist_000367,31.78,34,28.3,10,0,2,0,118.97,HEAVY_DELAY,HIGH
j_hist_000368,7.66,10,14.1,5,0,0,1,48.02,MODERATE_DELAY,LOW
j_hist_000369,3.36,5,24.5,12,0,1,1,17.3,SLIGHT_DELAY,MEDIUM
j_hist_000370,4.43,6,17.1,16,0,0,1,24.4,SLIGHT_DELAY,MEDIUM
j_hist_000371,1.62,4,25.7,15,0,0,0,5.31,ON_TIME,MEDIUM
j_hist_000372,4.21,6,36.1,6,0,0,2,14.21,SLIGHT_DELAY,LOW
j_hist_000373,24.22,28,26.3,6,1,0,1,94.87,HEAVY_DELAY,LOW
j_hist_000374,3.42,6,26.1,6,0,0,0,12.13,ON_TIME,LOW
j_hist_000375,11.85,14,29.6,12,1,0,1,43.99,MODERATE_DELAY,MEDIUM
j_hist_000376,29.73,28,30.3,11,0,0,0,79.7,ON_TIME,MEDIUM
j_hist_000377,1.79,3,38.0,20,0,0,1,5.0,ON_TIME,LOW
j_hist_000378,28.69,38,22.6,13,1,0,0,104.01,ON_TIME,MEDIUM
j_hist_000379,10.58,15,37.0,20,1,0,1,33.93,SLIGHT_DELAY,LOW
j_hist_000380,5.02,8,29.8,6,0,0,1,21.08,SLIGHT_DELAY,LOW
j_hist_000381,24.69,32,22.4,7,0,2,1,148.67,HEAVY_DELAY,LOW
j_hist_000382,22.38,23,22.3,6,0,0,0,77.57,ON_TIME,LOW
j_hist_000383,30.83,42,24.1,21,0,1,1,155.13,HEAVY_DELAY,LOW
j_hist_000384,25.99,36,31.4,16,1,0,2,115.31,HEAVY_DELAY,MEDIUM
j_hist_000385,28.32,27,20.5,15,0,0,1,131.07,HEAVY_DELAY,MEDIUM
j_hist_000386,10.59,11,39.8,10,0,0,1,26.57,SLIGHT_DELAY,HIGH
j_hist_000387,7.03,11,30.1,14,0,0,0,20.98,ON_TIME,MEDIUM
j_hist_000388,26.52,37,39.8,18,0,0,0,66.59,ON_TIME,HIGH
j_hist_000389,28.43,39,15.3,5,0,0,0,140.86,ON_TIME,LOW
j_hist_000390,34.68,48,23.6,19,0,0,1,155.85,HEAVY_DELAY,HIGH
j_hist_000391,15.03,18,14.6,10,0,0,0,75.61,ON_TIME,HIGH
j_hist_000392,13.65,18,21.6,17,0,0,0,51.84,ON_TIME,HIGH
j_hist_000393,27.4,32,38.1,18,1,2,0,87.33,HEAVY_DELAY,HIGH
j_hist_000394,12.59,12,15.0,17,0,0,2,88.24,HEAVY_DELAY,HIGH
j_hist_000395,32.65,42,26.2,20,1,0,1,132.86,HEAVY_DELAY,LOW
j_hist_000396,30.19,35,17.3,5,0,0,0,127.48,ON_TIME,LOW
j_hist_000397,15.59,20,25.7,18,0,0,0,50.16,ON_TIME,HIGH
j_hist_000398,26.53,31,37.5,17,1,0,0,65.94,ON_TIME,HIGH
j_hist_000399,26.65,31,31.4,14,0,2,1,118.35,HEAVY_DELAY,MEDIUM
j_hist_000400,4.51,6,34.6,14,1,0,0,10.41,ON_TIME,MEDIUM
j_hist_000401,31.69,32,23.8,8,1,0,2,155.69,HEAVY_DELAY,HIGH
j_hist_000402,18.18,18,40.4,18,0,0,0,42.37,ON_TIME,HIGH
j_hist_000403,29.1,28,33.9,16,1,0,2,108.88,HEAVY_DELAY,MEDIUM
j_hist_000404,11.88,18,25.8,10,0,0,2,59.42,HEAVY_DELAY,HIGH
j_hist_000405,31.45,30,25.9,19,0,0,1,119.12,HEAVY_DELAY,HIGH
j_hist_000406,14.23,15,39.7,9,1,0,2,50.29,HEAVY_DELAY,HIGH
j_hist_000407,1.37,3,30.1,14,0,0,1,6.8,ON_TIME,MEDIUM
j_hist_000408,31.78,39,33.8,13,1,1,0,97.7,MODERATE_DELAY,MEDIUM
j_hist_000409,4.1,5,25.7,14,0,0,2,19.7,SLIGHT_DELAY,MEDIUM
j_hist_000410,11.86,17,20.3,16,0,0,0,48.24,ON_TIME,MEDIUM
j_hist_000411,33.3,44,34.3,8,0,0,0,92.19,ON_TIME,HIGH
j_hist_000412,33.32,33,31.0,8,0,0,0,88.93,ON_TIME,HIGH
j_hist_000413,20.5,21,28.0,17,0,1,0,67.02,MODERATE_DELAY,HIGH
j_hist_000414,22.48,32,31.5,18,0,0,1,83.4,HEAVY_DELAY,HIGH
j_hist_000415,16.25,23,19.8,16,0,0,0,65.89,ON_TIME,MEDIUM
j_hist_000416,10.97,15,36.2,17,1,0,1,37.19,MODERATE_DELAY,HIGH
j_hist_000417,12.17,12,40.5,17,0,0,0,29.18,SLIGHT_DELAY,HIGH
j_hist_000418,23.87,27,39.0,6,0,0,2,87.3,HEAVY_DELAY,LOW
j_hist_000419,26.58,32,23.0,13,0,0,0,93.13,ON_TIME,MEDIUM
j_hist_000420,27.91,27,25.4,14,0,0,0,86.5,ON_TIME,MEDIUM
j_hist_000421,27.85,31,36.6,21,0,0,0,66.9,ON_TIME,LOW
j_hist_000422,4.1,6,30.7,14,0,0,1,16.57,SLIGHT_DELAY,MEDIUM
j_hist_000423,17.81,19,29.3,17,0,2,0,66.19,HEAVY_DELAY,HIGH
j_hist_000424,2.96,5,39.9,5,0,0,1,11.0,SLIGHT_DELAY,LOW
j_hist_000425,19.68,27,29.0,6,0,1,1,86.39,HEAVY_DELAY,LOW
j_hist_000426,16.01,17,28.4,21,1,0,0,46.68,ON_TIME,LOW
j_hist_000427,31.18,42,15.2,17,1,2,2,180.0,HEAVY_DELAY,HIGH
j_hist_000428,12.93,13,15.9,21,0,1,0,68.69,MODERATE_DELAY,LOW
j_hist_000429,4.98,8,14.2,17,0,0,1,34.44,MODERATE_DELAY,HIGH
j_hist_000430,5.86,7,39.6,21,0,2,1,24.76,MODERATE_DELAY,LOW
j_hist_000431,26.89,24,25.4,18,1,1,0,92.05,MODERATE_DELAY,HIGH
j_hist_000432,22.02,28,27.1,14,1,0,1,86.94,HEAVY_DELAY,MEDIUM
j_hist_000433,4.44,6,37.7,6,0,2,1,18.5,SLIGHT_DELAY,LOW
j_hist_000434,3.86,7,31.1,18,0,0,0,13.22,ON_TIME,HIGH
j_hist_000435,24.83,27,31.1,21,1,0,0,68.57,ON_TIME,LOW
j_hist_000436,3.47,5,22.3,9,0,1,2,22.74,MODERATE_DELAY,HIGH
j_hist_000437,28.94,33,37.3,22,1,1,0,79.73,MODERATE_DELAY,LOW
j_hist_000438,25.01,28,18.6,7,0,0,1,125.33,HEAVY_DELAY,LOW
j_hist_000439,3.77,5,15.5,20,1,0,0,17.86,ON_TIME,LOW
j_hist_000440,3.88,6,19.4,22,1,0,1,21.17,SLIGHT_DELAY,LOW
j_hist_000441,34.55,45,21.5,9,0,0,0,132.39,SLIGHT_DELAY,HIGH
j_hist_000442,13.73,20,21.9,12,0,0,2,79.2,HEAVY_DELAY,MEDIUM
j_hist_000443,13.6,20,32.8,10,1,0,1,51.56,MODERATE_DELAY,HIGH
j_hist_000444,28.64,29,20.1,19,1,1,1,153.59,HEAVY_DELAY,HIGH
j_hist_000445,33.21,42,32.9,7,0,0,0,89.81,ON_TIME,LOW
j_hist_000446,34.52,37,16.6,13,0,0,1,180.0,HEAVY_DELAY,MEDIUM
j_hist_000447,26.61,34,18.1,15,1,0,0,113.6,ON_TIME,MEDIUM
j_hist_000448,13.79,16,28.2,18,0,2,0,53.06,MODERATE_DELAY,HIGH
j_hist_000449,3.84,7,39.8,13,0,0,0,8.66,ON_TIME,MEDIUM
j_hist_000450,27.42,35,38.1,14,1,0,2,101.15,HEAVY_DELAY,MEDIUM
j_hist_000451,19.99,29,41.1,19,0,0,0,52.66,ON_TIME,HIGH
j_hist_000452,15.42,22,32.2,22,1,1,0,51.06,SLIGHT_DELAY,LOW
j_hist_000453,31.82,44,32.9,11,1,0,1,114.91,HEAVY_DELAY,MEDIUM
j_hist_000454,4.78,8,31.5,9,1,2,1,27.05,MODERATE_DELAY,HIGH
j_hist_000455,17.75,21,31.4,22,0,0,1,61.47,MODERATE_DELAY,LOW
j_hist_000456,1.39,3,18.1,5,1,0,1,10.22,SLIGHT_DELAY,LOW
j_hist_000457,16.93,19,29.2,16,0,0,0,49.74,ON_TIME,MEDIUM
j_hist_000458,2.91,4,24.8,10,0,0,0,11.68,ON_TIME,HIGH
j_hist_000459,5.04,7,26.4,17,0,0,2,25.14,MODERATE_DELAY,HIGH
j_hist_000460,5.0,7,28.7,21,0,0,2,24.13,MODERATE_DELAY,LOW
j_hist_000461,23.07,27,17.6,13,0,1,0,114.84,HEAVY_DELAY,MEDIUM
j_hist_000462,26.37,38,24.1,5,1,0,0,91.95,ON_TIME,LOW
j_hist_000463,20.83,30,15.8,16,1,1,0,116.56,MODERATE_DELAY,MEDIUM
j_hist_000464,33.71,32,41.4,5,1,2,0,92.42,HEAVY_DELAY,LOW
j_hist_000465,13.75,16,17.3,8,1,0,0,59.42,ON_TIME,HIGH
j_hist_000466,10.71,13,21.2,11,0,0,0,39.39,ON_TIME,MEDIUM
j_hist_000467,30.53,33,39.0,9,0,0,0,73.94,SLIGHT_DELAY,HIGH
j_hist_000468,8.6,13,27.5,9,0,0,0,31.43,SLIGHT_DELAY,HIGH
j_hist_000469,33.75,39,17.8,11,0,0,0,143.66,ON_TIME,MEDIUM
j_hist_000470,1.41,3,24.8,21,0,0,0,8.11,SLIGHT_DELAY,LOW
j_hist_000471,33.98,46,17.2,16,0,0,0,152.97,ON_TIME,MEDIUM
j_hist_000472,2.47,5,19.6,19,0,1,0,11.97,ON_TIME,HIGH
j_hist_000473,31.3,29,15.5,7,0,0,0,144.39,ON_TIME,LOW
j_hist_000474,18.94,25,26.3,21,0,0,1,77.03,HEAVY_DELAY,LOW
j_hist_000475,34.76,38,36.6,18,0,1,1,122.7,HEAVY_DELAY,HIGH
j_hist_000476,3.51,5,30.4,19,0,1,2,19.23,MODERATE_DELAY,HIGH
j_hist_000477,19.83,18,31.0,19,0,0,2,77.17,HEAVY_DELAY,HIGH
j_hist_000478,33.96,39,19.6,19,0,2,0,176.1,HEAVY_DELAY,HIGH
j_hist_000479,18.79,21,23.6,15,0,2,1,99.84,HEAVY_DELAY,MEDIUM
j_hist_000480,22.4,23,37.7,22,0,1,0,59.11,SLIGHT_DELAY,LOW
j_hist_000481,24.66,32,16.5,14,0,0,0,114.15,ON_TIME,MEDIUM
j_hist_000482,16.45,22,38.0,13,0,0,1,53.52,MODERATE_DELAY,MEDIUM
j_hist_000483,22.34,23,27.5,7,0,0,0,65.75,ON_TIME,LOW
j_hist_000484,20.87,19,37.4,5,0,1,0,54.77,MODERATE_DELAY,LOW
j_hist_000485,31.64,43,22.9,15,0,1,0,130.48,HEAVY_DELAY,MEDIUM
j_hist_000486,2.55,4,23.5,20,0,1,0,12.04,SLIGHT_DELAY,LOW
j_hist_000487,10.55,16,35.0,7,1,0,0,30.31,ON_TIME,LOW
j_hist_000488,33.31,41,36.0,13,0,0,1,107.86,HEAVY_DELAY,MEDIUM
j_hist_000489,31.27,33,20.4,15,0,0,0,117.59,ON_TIME,MEDIUM
j_hist_000490,16.49,17,41.2,21,0,0,1,46.85,MODERATE_DELAY,LOW
j_hist_000491,22.08,19,16.4,5,1,2,2,180.0,HEAVY_DELAY,LOW
j_hist_000492,10.43,11,15.9,13,1,0,0,47.96,ON_TIME,MEDIUM
j_hist_000493,7.4,8,30.7,7,0,0,0,20.49,ON_TIME,LOW
j_hist_000494,16.77,21,34.2,14,1,1,1,65.85,HEAVY_DELAY,MEDIUM
j_hist_000495,13.01,13,40.9,9,0,0,1,37.73,MODERATE_DELAY,HIGH
j_hist_000496,20.84,25,25.3,15,1,1,1,97.52,HEAVY_DELAY,MEDIUM
j_hist_000497,3.64,6,14.7,9,0,0,1,25.17,SLIGHT_DELAY,HIGH
j_hist_000498,34.13,35,30.9,16,0,0,1,115.97,HEAVY_DELAY,MEDIUM
j_hist_000499,34.53,30,22.1,18,0,1,2,180.0,HEAVY_DELAY,HIGH
j_hist_000500,24.74,22,26.1,16,1,0,0,72.16,ON_TIME,MEDIUM
j_hist_000501,19.23,17,27.7,13,1,0,1,66.91,MODERATE_DELAY,MEDIUM
j_hist_000502,11.52,16,15.8,11,0,0,0,57.37,ON_TIME,MEDIUM
j_hist_000503,28.67,30,27.6,20,0,0,0,83.01,ON_TIME,LOW
j_hist_000504,24.28,33,25.9,11,0,0,2,119.05,HEAVY_DELAY,MEDIUM
j_hist_000505,6.53,8,34.0,18,1,0,0,18.87,ON_TIME,HIGH
j_hist_000506,31.97,36,32.1,12,0,1,0,100.15,MODERATE_DELAY,MEDIUM
j_hist_000507,28.97,34,19.2,22,0,0,1,144.67,HEAVY_DELAY,LOW
j_hist_000508,33.29,42,19.8,7,0,0,1,162.87,HEAVY_DELAY,LOW
j_hist_000509,25.67,26,21.0,6,0,1,1,130.59,HEAVY_DELAY,LOW
j_hist_000510,21.86,21,19.0,9,0,0,1,102.21,HEAVY_DELAY,HIGH
j_hist_000511,15.22,19,32.4,12,0,0,1,51.76,MODERATE_DELAY,MEDIUM
j_hist_000512,32.71,34,41.8,13,0,0,1,93.96,HEAVY_DELAY,MEDIUM
j_hist_000513,30.45,34,32.3,6,0,1,1,118.41,HEAVY_DELAY,LOW
j_hist_000514,2.54,5,31.0,19,0,1,0,10.6,ON_TIME,HIGH
j_hist_000515,1.9,4,25.5,12,1,0,1,9.24,ON_TIME,MEDIUM
j_hist_000516,13.8,18,22.8,14,0,1,1,69.72,HEAVY_DELAY,MEDIUM
j_hist_000517,28.56,34,39.5,11,1,0,0,68.15,ON_TIME,MEDIUM
j_hist_000518,34.57,44,41.1,5,0,0,0,85.1,ON_TIME,LOW
j_hist_000519,6.11,9,27.9,6,0,0,0,20.51,ON_TIME,LOW
j_hist_000520,21.2,25,22.1,7,1,0,1,91.68,HEAVY_DELAY,LOW
j_hist_000521,13.95,18,35.6,18,0,0,1,48.91,MODERATE_DELAY,HIGH
j_hist_000522,33.98,46,17.7,19,0,0,0,149.48,ON_TIME,HIGH
j_hist_000523,29.63,33,35.4,18,0,2,2,144.95,HEAVY_DELAY,HIGH
j_hist_000524,29.5,32,36.9,12,1,0,0,71.51,ON_TIME,MEDIUM
j_hist_000525,16.94,23,17.5,22,0,0,0,74.66,ON_TIME,LOW
j_hist_000526,15.1,19,41.4,21,0,2,0,45.93,MODERATE_DELAY,LOW
j_hist_000527,10.3,10,41.6,11,0,0,0,23.19,ON_TIME,MEDIUM
j_hist_000528,2.92,5,40.2,5,1,0,0,6.86,ON_TIME,LOW
j_hist_000529,30.4,26,27.9,13,0,0,0,83.6,ON_TIME,MEDIUM
j_hist_000530,28.64,37,20.9,13,0,0,0,110.2,ON_TIME,MEDIUM
j_hist_000531,34.99,45,30.3,15,0,1,1,148.67,HEAVY_DELAY,MEDIUM
j_hist_000532,34.89,49,25.8,10,1,0,1,148.57,HEAVY_DELAY,HIGH
j_hist_000533,19.88,18,19.8,11,0,2,0,96.99,HEAVY_DELAY,MEDIUM
j_hist_000534,27.15,33,25.9,19,0,0,0,87.94,ON_TIME,HIGH
j_hist_000535,33.12,37,32.6,10,0,0,0,86.07,ON_TIME,HIGH
j_hist_000536,29.89,31,16.0,13,0,0,0,137.31,ON_TIME,MEDIUM
j_hist_000537,9.41,10,23.3,19,1,0,2,49.03,HEAVY_DELAY,HIGH
j_hist_000538,16.32,20,14.5,10,1,0,0,82.93,ON_TIME,HIGH
j_hist_000539,5.39,7,35.0,11,0,1,1,20.51,SLIGHT_DELAY,MEDIUM
j_hist_000540,33.44,30,31.9,21,0,0,1,105.76,HEAVY_DELAY,LOW
j_hist_000541,21.61,27,15.8,10,1,0,0,103.72,ON_TIME,HIGH
j_hist_000542,8.77,12,41.0,13,0,1,0,22.38,ON_TIME,MEDIUM
j_hist_000543,23.84,32,14.6,7,0,0,0,122.33,ON_TIME,LOW
j_hist_000544,22.02,31,30.5,18,0,0,0,67.36,ON_TIME,HIGH
j_hist_000545,13.18,15,35.7,10,0,0,0,30.07,ON_TIME,HIGH
j_hist_000546,4.86,8,36.1,8,0,0,0,16.95,SLIGHT_DELAY,HIGH
j_hist_000547,23.83,33,15.0,20,0,0,1,153.94,HEAVY_DELAY,LOW
j_hist_000548,18.69,20,39.4,20,1,2,0,59.71,HEAVY_DELAY,LOW
j_hist_000549,27.26,26,39.7,13,1,0,0,61.72,ON_TIME,MEDIUM
j_hist_000550,18.69,21,29.7,8,0,2,0,72.28,HEAVY_DELAY,HIGH
j_hist_000551,29.97,33,27.5,12,1,1,1,129.2,HEAVY_DELAY,MEDIUM
j_hist_000552,19.76,24,15.3,12,1,0,1,123.14,HEAVY_DELAY,MEDIUM
j_hist_000553,20.07,25,29.7,10,0,0,1,74.32,HEAVY_DELAY,HIGH
j_hist_000554,30.81,40,25.5,12,0,0,0,99.54,ON_TIME,MEDIUM
j_hist_000555,14.72,18,35.6,10,0,1,1,53.92,HEAVY_DELAY,HIGH
j_hist_000556,5.56,6,25.3,18,0,0,0,18.27,ON_TIME,HIGH
j_hist_000557,1.98,4,33.1,18,0,0,0,6.87,ON_TIME,HIGH
j_hist_000558,26.67,28,16.8,22,0,2,1,180.0,HEAVY_DELAY,LOW
j_hist_000559,22.09,32,17.7,17,0,1,0,115.57,HEAVY_DELAY,HIGH
j_hist_000560,24.94,23,17.9,19,0,1,0,117.57,HEAVY_DELAY,HIGH
j_hist_000561,8.24,13,15.3,7,0,0,1,51.66,MODERATE_DELAY,LOW
j_hist_000562,5.64,6,29.2,10,1,0,1,17.29,ON_TIME,HIGH
j_hist_000563,1.49,3,36.2,21,0,0,0,5.74,ON_TIME,LOW
j_hist_000564,12.92,12,31.1,20,0,0,1,41.68,MODERATE_DELAY,LOW
j_hist_000565,21.06,27,30.1,10,1,0,1,76.93,MODERATE_DELAY,HIGH
j_hist_000566,14.34,20,33.1,12,0,1,0,45.5,SLIGHT_DELAY,MEDIUM
j_hist_000567,15.87,18,23.5,17,1,0,0,56.04,SLIGHT_DELAY,HIGH
j_hist_000568,31.74,45,24.1,17,0,0,2,166.69,HEAVY_DELAY,HIGH
j_hist_000569,12.84,16,22.8,21,0,0,0,44.65,ON_TIME,LOW
j_hist_000570,18.48,23,33.9,7,1,0,0,49.23,ON_TIME,LOW
j_hist_000571,27.64,38,18.5,17,0,0,0,117.37,ON_TIME,HIGH
j_hist_000572,14.48,16,14.4,11,1,2,2,138.15,HEAVY_DELAY,MEDIUM
j_hist_000573,22.15,24,30.7,9,0,0,1,75.85,MODERATE_DELAY,HIGH
j_hist_000574,30.32,42,40.4,15,0,0,0,77.21,ON_TIME,MEDIUM
j_hist_000575,33.28,46,31.1,22,0,0,1,123.92,HEAVY_DELAY,LOW
j_hist_000576,6.0,10,35.9,8,1,0,1,18.13,ON_TIME,HIGH
j_hist_000577,32.5,45,32.8,11,1,2,2,180.0,HEAVY_DELAY,MEDIUM
j_hist_000578,17.73,17,27.9,8,0,0,1,64.42,MODERATE_DELAY,HIGH
j_hist_000579,9.78,14,34.1,14,0,1,1,37.2,MODERATE_DELAY,MEDIUM
j_hist_000580,16.61,19,37.1,5,1,0,0,40.69,ON_TIME,LOW
j_hist_000581,34.32,49,20.3,21,0,0,0,136.24,ON_TIME,LOW
j_hist_000582,17.75,21,23.4,9,1,0,1,78.2,HEAVY_DELAY,HIGH
j_hist_000583,12.18,15,20.3,21,0,0,0,49.29,ON_TIME,LOW
j_hist_000584,22.54,27,26.7,7,0,0,1,89.79,HEAVY_DELAY,LOW
j_hist_000585,9.16,11,38.8,13,0,0,1,30.55,MODERATE_DELAY,MEDIUM
j_hist_000586,3.58,5,23.7,7,1,0,2,19.94,MODERATE_DELAY,LOW
j_hist_000587,5.38,9,24.5,7,1,0,0,20.06,ON_TIME,LOW
j_hist_000588,5.35,8,38.1,13,1,0,0,15.37,ON_TIME,MEDIUM
j_hist_000589,6.16,7,28.4,9,0,2,0,22.43,SLIGHT_DELAY,HIGH
j_hist_000590,5.72,9,29.0,14,1,0,0,16.95,ON_TIME,MEDIUM
j_hist_000591,22.79,28,38.1,19,1,0,2,85.03,HEAVY_DELAY,HIGH
j_hist_000592,7.18,9,27.7,16,0,0,1,27.2,SLIGHT_DELAY,MEDIUM
j_hist_000593,12.75,14,33.1,10,1,0,1,40.87,MODERATE_DELAY,HIGH
j_hist_000594,31.49,43,16.4,11,0,0,0,149.87,SLIGHT_DELAY,MEDIUM
j_hist_000595,17.11,22,19.0,11,0,0,1,87.03,HEAVY_DELAY,MEDIUM
j_hist_000596,23.7,28,25.3,8,0,1,1,108.62,HEAVY_DELAY,HIGH
j_hist_000597,6.86,9,27.9,17,0,2,0,25.73,SLIGHT_DELAY,HIGH
j_hist_000598,7.54,8,41.0,19,0,0,1,21.48,SLIGHT_DELAY,HIGH
j_hist_000599,2.39,4,41.2,22,0,0,0,8.94,SLIGHT_DELAY,LOW
j_hist_000600,6.74,8,37.8,22,0,0,0,13.6,ON_TIME,LOW
j_hist_000601,10.47,11,22.8,11,1,0,0,36.6,ON_TIME,MEDIUM
j_hist_000602,7.02,10,41.0,14,0,0,1,24.11,SLIGHT_DELAY,MEDIUM
j_hist_000603,4.02,7,33.3,20,0,0,0,11.11,ON_TIME,LOW
j_hist_000604,5.1,7,25.0,12,0,1,1,23.7,SLIGHT_DELAY,MEDIUM
j_hist_000605,16.67,17,33.6,15,0,1,0,51.78,MODERATE_DELAY,MEDIUM
j_hist_000606,8.02,11,14.5,10,0,2,0,55.88,MODERATE_DELAY,HIGH
j_hist_000607,13.39,19,18.1,14,0,1,0,66.66,MODERATE_DELAY,MEDIUM
j_hist_000608,18.12,24,37.2,18,0,1,2,82.02,HEAVY_DELAY,HIGH
j_hist_000609,24.47,34,32.1,10,0,0,1,89.1,HEAVY_DELAY,HIGH
j_hist_000610,2.34,4,24.2,8,0,1,2,16.56,MODERATE_DELAY,HIGH
j_hist_000611,28.18,37,28.0,19,0,0,0,88.0,ON_TIME,HIGH
j_hist_000612,22.35,21,39.3,9,0,0,0,48.8,ON_TIME,HIGH
j_hist_000613,3.78,5,31.7,20,1,0,0,9.91,ON_TIME,LOW
j_hist_000614,30.7,33,25.1,11,0,0,0,99.94,ON_TIME,MEDIUM
j_hist_000615,32.31,37,17.4,6,1,0,2,180.0,HEAVY_DELAY,LOW
j_hist_000616,3.08,6,22.2,17,0,0,0,12.9,ON_TIME,HIGH
j_hist_000617,10.41,15,41.4,6,1,0,0,27.3,ON_TIME,LOW
j_hist_000618,28.41,27,26.2,13,1,0,1,107.35,HEAVY_DELAY,MEDIUM
j_hist_000619,26.44,25,27.2,9,0,0,0,75.2,ON_TIME,HIGH
j_hist_000620,7.27,9,28.0,7,0,0,0,21.68,ON_TIME,LOW
j_hist_000621,8.12,9,38.8,6,0,0,0,17.45,ON_TIME,LOW
j_hist_000622,13.6,17,30.9,18,0,0,0,37.8,ON_TIME,HIGH
j_hist_000623,17.47,25,33.4,12,0,2,0,67.41,HEAVY_DELAY,MEDIUM
j_hist_000624,22.02,32,24.9,16,1,1,1,115.11,HEAVY_DELAY,MEDIUM
j_hist_000625,13.54,18,14.8,21,1,0,0,66.85,ON_TIME,LOW
j_hist_000626,16.73,23,40.1,20,0,0,1,51.99,MODERATE_DELAY,LOW
j_hist_000627,26.41,31,40.6,10,0,1,0,71.32,MODERATE_DELAY,HIGH
j_hist_000628,2.25,4,40.6,10,0,2,1,6.14,ON_TIME,HIGH
j_hist_000629,9.58,12,40.4,22,0,0,1,32.73,MODERATE_DELAY,LOW
j_hist_000630,25.25,30,36.8,6,1,0,0,61.72,ON_TIME,LOW
j_hist_000631,31.44,41,33.2,12,0,0,2,130.98,HEAVY_DELAY,MEDIUM
j_hist_000632,18.4,19,37.6,18,1,0,1,55.05,MODERATE_DELAY,HIGH
j_hist_000633,19.09,21,30.8,6,0,0,1,66.19,MODERATE_DELAY,LOW
j_hist_000634,4.64,6,17.8,21,0,0,1,25.32,SLIGHT_DELAY,LOW
j_hist_000635,16.21,24,25.0,20,0,0,1,71.75,MODERATE_DELAY,LOW
j_hist_000636,19.11,22,41.2,22,0,0,0,42.28,ON_TIME,LOW
j_hist_000637,9.24,13,23.8,10,1,1,0,37.91,SLIGHT_DELAY,HIGH
j_hist_000638,10.15,14,38.3,21,0,1,1,39.87,MODERATE_DELAY,LOW
j_hist_000639,13.83,15,16.6,22,0,1,0,69.57,MODERATE_DELAY,LOW
j_hist_000640,1.68,3,23.4,18,0,0,1,8.36,ON_TIME,HIGH
j_hist_000641,11.95,17,23.8,14,0,0,0,43.52,ON_TIME,MEDIUM
j_hist_000642,8.19,10,15.4,8,0,1,0,46.07,SLIGHT_DELAY,HIGH
j_hist_000643,12.13,18,17.3,22,1,0,1,69.61,MODERATE_DELAY,LOW
j_hist_000644,5.07,6,19.4,15,0,0,0,20.61,ON_TIME,MEDIUM
j_hist_000645,31.28,28,37.5,20,0,0,1,87.44,HEAVY_DELAY,LOW
j_hist_000646,21.18,30,15.8,8,1,2,0,131.97,HEAVY_DELAY,HIGH
j_hist_000647,24.09,33,22.4,10,0,0,0,89.96,ON_TIME,HIGH
j_hist_000648,27.83,40,14.3,12,0,1,0,168.32,HEAVY_DELAY,MEDIUM
j_hist_000649,17.95,23,33.5,22,0,0,1,62.21,MODERATE_DELAY,LOW
j_hist_000650,3.96,7,31.4,22,0,0,1,15.98,SLIGHT_DELAY,LOW
j_hist_000651,19.26,26,32.1,20,0,1,2,94.72,HEAVY_DELAY,LOW
j_hist_000652,20.95,29,24.5,11,1,1,1,104.23,HEAVY_DELAY,MEDIUM
j_hist_000653,26.34,32,19.8,21,0,0,2,152.9,HEAVY_DELAY,LOW
j_hist_000654,15.68,18,34.2,7,1,1,1,58.79,HEAVY_DELAY,LOW
j_hist_000655,5.34,9,36.7,19,0,0,0,13.99,ON_TIME,HIGH
j_hist_000656,10.65,13,17.9,8,1,0,2,68.96,HEAVY_DELAY,HIGH
j_hist_000657,13.34,16,27.6,20,1,0,2,61.37,HEAVY_DELAY,LOW
j_hist_000658,22.96,26,21.0,18,0,0,0,85.81,ON_TIME,HIGH
j_hist_000659,20.41,25,18.7,21,0,0,0,84.51,ON_TIME,LOW
j_hist_000660,13.11,16,34.6,13,1,0,0,35.75,ON_TIME,MEDIUM
j_hist_000661,34.54,30,29.1,11,0,0,1,118.23,HEAVY_DELAY,MEDIUM
j_hist_000662,21.6,30,20.1,18,0,1,1,124.63,HEAVY_DELAY,HIGH
j_hist_000663,9.07,11,22.7,16,0,0,0,33.13,ON_TIME,MEDIUM
j_hist_000664,4.46,7,41.1,21,1,1,2,21.82,MODERATE_DELAY,LOW
j_hist_000665,6.2,7,37.8,13,0,1,1,21.4,SLIGHT_DELAY,MEDIUM
j_hist_000666,9.36,9,38.6,16,0,0,1,27.66,SLIGHT_DELAY,MEDIUM
j_hist_000667,6.46,8,26.9,16,1,1,1,29.74,MODERATE_DELAY,MEDIUM
j_hist_000668,7.34,10,31.5,12,0,0,0,22.4,ON_TIME,MEDIUM
j_hist_000669,10.69,11,24.5,14,0,1,2,60.2,HEAVY_DELAY,MEDIUM
j_hist_000670,6.89,11,16.2,16,0,0,0,35.54,ON_TIME,MEDIUM
j_hist_000671,31.49,31,25.2,9,1,0,1,120.05,HEAVY_DELAY,HIGH
j_hist_000672,3.73,5,30.6,5,0,0,0,12.09,ON_TIME,LOW
j_hist_000673,18.83,19,22.0,13,1,2,0,86.14,HEAVY_DELAY,MEDIUM
j_hist_000674,14.95,14,37.7,19,1,1,0,41.41,MODERATE_DELAY,HIGH
j_hist_000675,34.4,45,18.2,6,0,0,0,147.5,ON_TIME,LOW
j_hist_000676,4.81,8,24.3,8,0,0,2,28.0,MODERATE_DELAY,HIGH
j_hist_000677,14.53,18,17.5,8,1,0,1,78.92,HEAVY_DELAY,HIGH
j_hist_000678,33.96,33,25.3,7,0,0,2,156.42,HEAVY_DELAY,LOW
j_hist_000679,30.43,31,15.1,20,0,0,1,180.0,HEAVY_DELAY,LOW
j_hist_000680,28.78,33,21.6,12,0,2,1,169.8,HEAVY_DELAY,MEDIUM
j_hist_000681,9.77,15,25.2,11,1,0,1,43.57,MODERATE_DELAY,MEDIUM
j_hist_000682,6.81,8,27.4,16,0,1,2,39.51,HEAVY_DELAY,MEDIUM
j_hist_000683,23.73,31,29.2,16,0,0,0,72.4,ON_TIME,MEDIUM
j_hist_000684,32.6,36,21.7,8,0,1,0,134.76,HEAVY_DELAY,HIGH
j_hist_000685,19.93,21,28.6,19,0,0,0,57.54,ON_TIME,HIGH
j_hist_000686,20.43,23,28.3,10,0,0,0,61.31,ON_TIME,HIGH
j_hist_000687,10.52,10,22.9,7,0,0,0,35.34,ON_TIME,LOW
j_hist_000688,27.16,36,37.2,11,0,0,0,71.05,ON_TIME,MEDIUM
j_hist_000689,7.36,8,29.3,10,0,1,1,30.1,MODERATE_DELAY,HIGH
j_hist_000690,12.01,16,23.3,5,0,2,1,70.78,HEAVY_DELAY,LOW
j_hist_000691,15.46,15,40.5,12,0,0,1,41.32,MODERATE_DELAY,MEDIUM
j_hist_000692,18.26,27,37.7,5,1,0,2,73.39,HEAVY_DELAY,LOW
j_hist_000693,9.24,10,41.5,20,0,0,2,33.08,MODERATE_DELAY,LOW
j_hist_000694,4.9,8,33.4,7,0,0,1,18.07,SLIGHT_DELAY,LOW
j_hist_000695,21.76,29,24.6,6,0,1,0,84.82,MODERATE_DELAY,LOW
j_hist_000696,10.81,16,21.9,10,1,0,1,52.36,MODERATE_DELAY,HIGH
j_hist_000697,20.76,24,32.6,12,1,1,1,80.11,HEAVY_DELAY,MEDIUM
j_hist_000698,6.25,9,41.5,11,0,0,0,14.18,ON_TIME,MEDIUM
j_hist_000699,17.36,19,31.5,11,1,0,0,48.63,ON_TIME,MEDIUM
j_hist_000700,19.11,19,38.7,22,0,0,0,43.14,ON_TIME,LOW
j_hist_000701,2.76,4,23.2,7,0,0,1,12.93,SLIGHT_DELAY,LOW
j_hist_000702,12.44,13,25.4,15,0,0,0,39.03,ON_TIME,MEDIUM
j_hist_000703,5.57,9,39.4,15,0,0,1,18.41,SLIGHT_DELAY,MEDIUM
j_hist_000704,3.15,4,35.2,7,0,0,1,9.89,ON_TIME,LOW
j_hist_000705,34.66,41,41.5,5,1,1,2,139.51,HEAVY_DELAY,LOW
j_hist_000706,11.96,16,35.7,14,0,0,1,41.9,MODERATE_DELAY,MEDIUM
j_hist_000707,28.54,34,26.6,6,0,0,1,112.94,HEAVY_DELAY,LOW
j_hist_000708,9.66,13,28.9,21,0,1,0,36.56,SLIGHT_DELAY,LOW
j_hist_000709,24.17,23,39.2,13,0,1,0,61.55,MODERATE_DELAY,MEDIUM
j_hist_000710,26.85,32,29.4,22,1,0,1,98.53,HEAVY_DELAY,LOW
j_hist_000711,21.25,22,21.2,13,0,0,0,75.0,ON_TIME,MEDIUM
j_hist_000712,17.03,25,26.2,15,0,0,0,58.75,ON_TIME,MEDIUM
j_hist_000713,15.0,20,28.5,21,1,0,2,71.51,HEAVY_DELAY,LOW
j_hist_000714,12.86,19,16.7,18,1,0,0,61.52,ON_TIME,HIGH
j_hist_000715,32.6,28,34.8,22,1,0,2,117.13,HEAVY_DELAY,LOW
j_hist_000716,29.24,30,17.1,22,0,0,0,125.3,ON_TIME,LOW
j_hist_000717,33.81,33,25.3,16,1,0,0,105.48,ON_TIME,MEDIUM
j_hist_000718,5.23,6,36.5,22,0,2,1,22.6,MODERATE_DELAY,LOW
j_hist_000719,25.85,26,27.1,12,0,2,0,101.49,HEAVY_DELAY,MEDIUM
j_hist_000720,32.9,41,37.6,12,1,0,1,104.1,HEAVY_DELAY,MEDIUM
j_hist_000721,7.16,8,23.6,12,0,0,1,29.37,SLIGHT_DELAY,MEDIUM
j_hist_000722,3.26,5,40.8,19,0,0,2,14.89,SLIGHT_DELAY,HIGH
j_hist_000723,26.2,36,19.9,12,1,0,2,159.34,HEAVY_DELAY,MEDIUM
j_hist_000724,20.53,26,15.1,18,0,1,1,145.47,HEAVY_DELAY,HIGH
j_hist_000725,29.62,32,38.4,17,0,1,0,79.74,MODERATE_DELAY,HIGH
j_hist_000726,5.75,7,35.1,12,0,0,0,14.97,ON_TIME,MEDIUM
j_hist_000727,28.04,32,20.5,21,1,0,0,105.56,ON_TIME,LOW
j_hist_000728,7.86,9,41.6,10,0,0,1,21.23,SLIGHT_DELAY,HIGH
j_hist_000729,6.56,9,28.1,21,0,1,1,28.66,MODERATE_DELAY,LOW
j_hist_000730,6.59,8,40.6,8,0,2,0,21.35,SLIGHT_DELAY,HIGH
j_hist_000731,28.7,39,28.1,11,0,0,0,90.04,ON_TIME,MEDIUM
j_hist_000732,23.62,31,27.2,21,1,0,2,113.21,HEAVY_DELAY,LOW
j_hist_000733,18.78,23,26.6,22,0,0,1,74.23,MODERATE_DELAY,LOW
j_hist_000734,13.2,15,23.4,10,0,0,2,66.32,HEAVY_DELAY,HIGH
j_hist_000735,30.82,30,28.9,14,1,0,1,109.78,HEAVY_DELAY,MEDIUM
j_hist_000736,14.34,20,26.7,22,0,0,1,59.48,MODERATE_DELAY,LOW
j_hist_000737,28.76,33,15.0,11,1,0,1,175.52,HEAVY_DELAY,MEDIUM
j_hist_000738,15.93,16,21.3,18,0,0,1,71.74,MODERATE_DELAY,HIGH
j_hist_000739,13.82,14,20.0,18,0,2,1,84.39,HEAVY_DELAY,HIGH
j_hist_000740,16.73,17,38.3,14,0,0,1,47.97,MODERATE_DELAY,MEDIUM
j_hist_000741,11.25,16,30.8,13,0,1,0,36.61,SLIGHT_DELAY,MEDIUM
j_hist_000742,26.42,26,35.4,14,1,0,0,61.32,ON_TIME,MEDIUM
j_hist_000743,18.09,22,40.8,6,1,1,2,75.62,HEAVY_DELAY,LOW
j_hist_000744,8.9,11,32.0,7,0,0,1,32.67,MODERATE_DELAY,LOW
j_hist_000745,31.59,38,41.5,20,1,0,2,113.14,HEAVY_DELAY,LOW
j_hist_000746,14.05,20,22.7,14,0,0,2,77.98,HEAVY_DELAY,MEDIUM
j_hist_000747,19.48,27,19.2,15,0,0,1,100.34,HEAVY_DELAY,MEDIUM
j_hist_000748,31.82,36,25.3,14,1,0,0,103.4,ON_TIME,MEDIUM
j_hist_000749,22.22,19,27.2,16,0,0,1,80.96,HEAVY_DELAY,MEDIUM
j_hist_000750,4.97,7,39.1,18,0,0,0,15.47,SLIGHT_DELAY,HIGH
j_hist_000751,32.95,40,29.7,13,0,1,0,110.67,MODERATE_DELAY,MEDIUM
j_hist_000752,22.34,27,22.2,17,0,2,0,106.31,HEAVY_DELAY,HIGH
j_hist_000753,12.39,16,34.8,10,0,0,0,34.07,ON_TIME,HIGH
j_hist_000754,5.74,7,28.2,15,1,1,1,25.19,MODERATE_DELAY,MEDIUM
j_hist_000755,28.0,35,18.5,5,1,0,1,145.1,HEAVY_DELAY,LOW
j_hist_000756,22.08,22,30.2,19,0,0,1,77.46,HEAVY_DELAY,HIGH
j_hist_000757,19.14,25,39.5,11,0,0,0,49.55,ON_TIME,MEDIUM
j_hist_000758,31.39,33,37.6,15,0,0,1,93.33,HEAVY_DELAY,MEDIUM
j_hist_000759,27.81,36,30.4,21,0,0,1,103.42,HEAVY_DELAY,LOW
j_hist_000760,6.16,7,24.6,9,0,1,0,24.26,SLIGHT_DELAY,HIGH
j_hist_000761,11.6,14,16.4,13,1,0,0,53.8,ON_TIME,MEDIUM
j_hist_000762,9.45,13,27.2,20,0,0,1,36.91,SLIGHT_DELAY,LOW
j_hist_000763,26.29,26,35.1,15,0,0,0,63.12,ON_TIME,MEDIUM
j_hist_000764,2.14,4,24.1,21,0,0,2,12.25,SLIGHT_DELAY,LOW
j_hist_000765,20.38,26,20.6,10,1,0,1,99.2,HEAVY_DELAY,HIGH
j_hist_000766,26.92,33,40.1,19,1,0,0,67.71,SLIGHT_DELAY,HIGH
j_hist_000767,30.81,33,37.0,7,0,0,1,91.2,HEAVY_DELAY,LOW
j_hist_000768,12.63,15,31.9,13,0,1,1,52.03,HEAVY_DELAY,MEDIUM
j_hist_000769,28.92,35,17.8,16,1,0,2,180.0,HEAVY_DELAY,MEDIUM
j_hist_000770,4.76,7,18.1,22,0,0,0,21.43,ON_TIME,LOW
j_hist_000771,29.78,38,16.9,20,1,2,2,180.0,HEAVY_DELAY,LOW
j_hist_000772,5.33,7,31.3,12,0,0,0,17.55,SLIGHT_DELAY,MEDIUM
j_hist_000773,14.51,15,17.2,9,1,1,0,71.42,MODERATE_DELAY,HIGH
j_hist_000774,28.11,28,37.6,16,0,1,1,95.3,HEAVY_DELAY,MEDIUM
j_hist_000775,6.1,6,41.8,10,1,0,2,21.12,MODERATE_DELAY,HIGH
j_hist_000776,8.79,10,24.3,16,1,0,1,36.16,SLIGHT_DELAY,MEDIUM
j_hist_000777,25.56,33,26.7,19,0,0,0,79.58,ON_TIME,HIGH
j_hist_000778,25.48,34,33.9,14,0,0,0,67.91,ON_TIME,MEDIUM
j_hist_000779,22.8,23,40.2,21,0,0,0,52.07,ON_TIME,LOW
j_hist_000780,24.59,35,39.0,11,1,0,1,79.67,HEAVY_DELAY,MEDIUM
j_hist_000781,19.45,23,15.6,11,0,1,0,107.62,HEAVY_DELAY,MEDIUM
j_hist_000782,9.56,14,18.7,15,0,0,2,61.76,HEAVY_DELAY,MEDIUM
j_hist_000783,12.75,17,35.1,6,0,0,2,52.8,HEAVY_DELAY,LOW
j_hist_000784,7.17,10,33.3,6,0,0,2,32.04,MODERATE_DELAY,LOW
j_hist_000785,31.89,29,17.7,18,0,0,0,131.02,ON_TIME,HIGH
j_hist_000786,20.84,21,28.1,22,0,0,2,90.11,HEAVY_DELAY,LOW
j_hist_000787,14.63,13,35.9,20,1,0,0,34.38,ON_TIME,LOW
j_hist_000788,16.71,22,20.1,15,0,2,0,87.46,HEAVY_DELAY,MEDIUM
j_hist_000789,33.21,35,38.4,13,0,0,0,78.53,ON_TIME,MEDIUM
j_hist_000790,6.21,9,15.5,11,0,0,0,28.19,ON_TIME,MEDIUM
j_hist_000791,20.93,23,35.9,8,0,0,0,48.99,ON_TIME,HIGH
j_hist_000792,18.2,25,31.2,20,0,0,0,52.8,ON_TIME,LOW
j_hist_000793,21.79,21,22.8,18,0,0,0,74.44,ON_TIME,HIGH
j_hist_000794,1.62,3,34.2,15,0,0,0,5.13,ON_TIME,MEDIUM
j_hist_000795,30.65,32,35.9,12,0,1,1,110.52,HEAVY_DELAY,MEDIUM
j_hist_000796,32.69,36,40.1,15,0,0,1,96.02,HEAVY_DELAY,MEDIUM
j_hist_000797,20.21,22,24.3,21,0,2,0,84.37,HEAVY_DELAY,LOW
j_hist_000798,24.69,33,33.2,14,0,1,0,81.29,MODERATE_DELAY,MEDIUM
j_hist_000799,32.36,29,30.9,16,1,0,1,103.99,HEAVY_DELAY,MEDIUM
j_hist_000800,25.05,27,28.7,5,0,1,0,86.0,MODERATE_DELAY,LOW
j_hist_000801,6.19,10,38.9,6,0,1,2,30.17,MODERATE_DELAY,LOW
j_hist_000802,20.59,19,14.1,22,0,1,1,148.71,HEAVY_DELAY,LOW
j_hist_000803,21.63,31,21.9,11,0,0,0,83.33,ON_TIME,MEDIUM
j_hist_000804,15.42,23,29.1,20,0,2,1,79.73,HEAVY_DELAY,LOW
j_hist_000805,26.04,24,19.0,17,0,1,1,144.35,HEAVY_DELAY,HIGH
j_hist_000806,32.77,33,39.4,8,0,0,0,73.33,ON_TIME,HIGH
j_hist_000807,32.47,35,32.1,14,0,0,1,108.92,HEAVY_DELAY,MEDIUM
j_hist_000808,16.33,22,27.4,13,1,0,1,65.53,MODERATE_DELAY,MEDIUM
j_hist_000809,4.85,7,36.8,22,0,0,2,20.57,MODERATE_DELAY,LOW
j_hist_000810,34.48,42,26.6,13,1,0,0,108.89,ON_TIME,MEDIUM
j_hist_000811,29.52,39,29.6,14,0,0,1,109.96,HEAVY_DELAY,MEDIUM
j_hist_000812,5.24,6,14.1,12,0,0,2,40.23,MODERATE_DELAY,MEDIUM
j_hist_000813,32.31,43,24.2,15,1,0,1,139.02,HEAVY_DELAY,MEDIUM
j_hist_000814,30.58,39,17.9,17,0,0,0,130.47,ON_TIME,HIGH
j_hist_000815,18.64,23,33.3,17,0,1,0,56.56,SLIGHT_DELAY,HIGH
j_hist_000816,21.1,30,27.4,20,0,0,0,68.49,ON_TIME,LOW
j_hist_000817,14.57,19,22.4,17,0,0,0,53.37,ON_TIME,HIGH
j_hist_000818,2.86,4,27.1,16,1,0,1,10.85,ON_TIME,MEDIUM
j_hist_000819,12.4,15,19.9,19,0,1,0,56.54,MODERATE_DELAY,HIGH
j_hist_000820,28.3,33,39.9,20,1,0,0,67.16,ON_TIME,LOW
j_hist_000821,1.16,2,15.5,12,1,0,2,8.45,SLIGHT_DELAY,MEDIUM
j_hist_000822,12.34,18,38.2,10,0,2,1,55.03,HEAVY_DELAY,HIGH
j_hist_000823,14.54,14,28.3,12,0,0,0,40.38,ON_TIME,MEDIUM
j_hist_000824,19.27,25,31.3,6,0,0,0,55.17,ON_TIME,LOW
j_hist_000825,32.28,37,22.5,22,0,0,0,114.38,ON_TIME,LOW
j_hist_000826,12.78,12,41.1,15,0,1,1,40.88,MODERATE_DELAY,MEDIUM
j_hist_000827,12.8,19,21.9,21,0,0,0,47.75,ON_TIME,LOW
j_hist_000828,26.08,36,30.5,14,1,0,0,78.5,ON_TIME,MEDIUM
j_hist_000829,16.38,20,41.8,6,1,0,1,48.02,MODERATE_DELAY,LOW
j_hist_000830,8.64,10,38.7,6,0,0,0,21.94,ON_TIME,LOW
j_hist_000831,16.38,16,29.0,10,1,1,0,51.82,SLIGHT_DELAY,HIGH
j_hist_000832,5.79,7,41.7,21,1,2,1,22.09,MODERATE_DELAY,LOW
j_hist_000833,7.0,8,33.6,16,0,1,0,23.69,SLIGHT_DELAY,MEDIUM
j_hist_000834,17.94,21,19.8,9,0,0,0,69.38,ON_TIME,HIGH
j_hist_000835,15.24,23,25.4,6,0,0,1,68.33,HEAVY_DELAY,LOW
j_hist_000836,32.1,38,23.4,13,0,2,2,180.0,HEAVY_DELAY,MEDIUM
j_hist_000837,13.32,19,23.6,6,0,0,1,59.9,MODERATE_DELAY,LOW
j_hist_000838,20.74,26,35.3,18,0,0,0,54.18,ON_TIME,HIGH
j_hist_000839,22.5,26,30.4,19,1,0,0,62.44,ON_TIME,HIGH
j_hist_000840,1.45,3,15.1,6,0,0,0,6.5,ON_TIME,LOW
j_hist_000841,23.56,27,38.6,22,1,0,1,72.11,HEAVY_DELAY,LOW
j_hist_000842,7.05,11,22.3,16,1,1,0,30.54,SLIGHT_DELAY,MEDIUM
j_hist_000843,33.68,34,41.9,11,1,0,0,72.62,ON_TIME,MEDIUM
j_hist_000844,6.05,7,40.7,20,0,0,0,13.17,ON_TIME,LOW
j_hist_000845,15.1,21,40.3,7,0,0,2,54.9,HEAVY_DELAY,LOW
j_hist_000846,3.9,6,36.7,19,1,2,0,13.2,SLIGHT_DELAY,HIGH
j_hist_000847,34.89,48,20.2,19,0,2,2,180.0,HEAVY_DELAY,HIGH
j_hist_000848,18.07,26,28.9,11,1,0,0,55.57,ON_TIME,MEDIUM
j_hist_000849,21.24,19,20.3,12,1,0,1,96.83,HEAVY_DELAY,MEDIUM
j_hist_000850,3.28,5,21.3,11,0,0,1,16.03,SLIGHT_DELAY,MEDIUM
j_hist_000851,26.5,29,31.1,7,0,0,1,89.99,HEAVY_DELAY,LOW
j_hist_000852,8.14,11,15.1,22,0,0,1,50.87,MODERATE_DELAY,LOW
j_hist_000853,31.53,42,41.1,11,1,0,2,116.22,HEAVY_DELAY,MEDIUM
j_hist_000854,7.97,9,39.7,9,0,0,2,29.28,MODERATE_DELAY,HIGH
j_hist_000855,7.48,10,24.7,17,0,0,0,23.72,ON_TIME,HIGH
j_hist_000856,2.24,4,28.4,6,0,0,1,11.98,SLIGHT_DELAY,LOW
j_hist_000857,17.05,17,27.1,22,1,2,1,81.8,HEAVY_DELAY,LOW
j_hist_000858,20.2,28,38.7,8,0,0,0,53.54,ON_TIME,HIGH
j_hist_000859,3.23,5,33.3,8,0,0,0,7.9,ON_TIME,HIGH
j_hist_000860,27.37,39,21.8,12,0,0,0,104.61,ON_TIME,MEDIUM
j_hist_000861,16.41,18,26.5,15,0,0,0,50.07,ON_TIME,MEDIUM
j_hist_000862,18.83,18,26.0,5,1,0,2,86.03,HEAVY_DELAY,LOW
j_hist_000863,15.99,19,40.9,13,0,0,1,49.34,MODERATE_DELAY,MEDIUM
j_hist_000864,14.63,14,18.9,10,0,0,1,71.23,MODERATE_DELAY,HIGH
j_hist_000865,20.03,29,16.5,8,0,0,2,141.03,HEAVY_DELAY,HIGH
j_hist_000866,6.28,7,38.7,10,1,0,1,18.82,SLIGHT_DELAY,HIGH
j_hist_000867,7.19,10,39.1,17,0,0,1,19.84,ON_TIME,HIGH
j_hist_000868,30.3,35,38.4,13,0,0,1,91.35,HEAVY_DELAY,MEDIUM
j_hist_000869,33.17,35,28.3,18,0,0,0,93.45,ON_TIME,HIGH
j_hist_000870,13.69,13,32.5,16,0,0,0,36.49,ON_TIME,MEDIUM
j_hist_000871,10.21,13,29.8,8,0,1,0,36.09,SLIGHT_DELAY,HIGH
j_hist_000872,22.9,28,15.9,12,0,1,0,124.15,HEAVY_DELAY,MEDIUM
j_hist_000873,14.9,16,30.7,21,1,0,0,39.9,ON_TIME,LOW
j_hist_000874,1.86,4,14.4,9,0,2,0,12.0,ON_TIME,HIGH
j_hist_000875,6.31,8,23.1,7,0,0,1,29.4,MODERATE_DELAY,LOW
j_hist_000876,25.34,29,40.1,8,1,0,1,78.36,HEAVY_DELAY,HIGH
j_hist_000877,23.4,28,22.5,12,0,2,1,136.43,HEAVY_DELAY,MEDIUM
j_hist_000878,1.92,3,40.3,20,0,0,2,9.94,SLIGHT_DELAY,LOW
j_hist_000879,8.55,13,21.0,15,1,0,1,43.0,MODERATE_DELAY,MEDIUM
j_hist_000880,8.86,11,22.8,6,1,1,0,35.84,SLIGHT_DELAY,LOW
j_hist_000881,23.84,22,31.6,12,1,1,2,109.13,HEAVY_DELAY,MEDIUM
j_hist_000882,1.67,3,35.3,11,0,1,1,7.22,SLIGHT_DELAY,MEDIUM
j_hist_000883,4.54,7,28.0,5,0,0,2,23.92,MODERATE_DELAY,LOW
j_hist_000884,28.2,33,38.7,6,1,1,0,78.52,MODERATE_DELAY,LOW
j_hist_000885,7.07,10,15.1,17,0,0,1,43.98,MODERATE_DELAY,HIGH
j_hist_000886,23.19,21,39.8,15,1,1,0,58.0,MODERATE_DELAY,MEDIUM
j_hist_000887,9.1,10,19.5,7,1,0,1,45.0,MODERATE_DELAY,LOW
j_hist_000888,4.38,7,38.8,6,1,0,1,14.42,SLIGHT_DELAY,LOW
j_hist_000889,9.27,9,25.2,20,0,0,1,39.11,MODERATE_DELAY,LOW
j_hist_000890,25.56,35,37.3,5,1,0,1,84.63,HEAVY_DELAY,LOW
j_hist_000891,30.09,27,32.8,11,0,0,0,75.02,ON_TIME,MEDIUM
j_hist_000892,29.23,40,18.9,7,0,0,0,121.64,ON_TIME,LOW
j_hist_000893,14.5,16,39.7,20,1,0,1,43.27,MODERATE_DELAY,LOW
j_hist_000894,23.71,29,20.9,10,0,1,0,100.02,MODERATE_DELAY,HIGH
j_hist_000895,7.97,9,20.8,18,0,0,2,44.26,MODERATE_DELAY,HIGH
j_hist_000896,10.97,11,36.8,15,0,0,0,27.3,ON_TIME,MEDIUM
j_hist_000897,31.48,31,17.0,5,0,0,0,132.87,ON_TIME,LOW
j_hist_000898,1.44,3,20.2,17,0,1,1,9.97,SLIGHT_DELAY,HIGH
j_hist_000899,3.91,5,28.1,13,0,1,1,18.12,SLIGHT_DELAY,MEDIUM
j_hist_000900,8.07,10,37.3,15,0,0,0,20.07,ON_TIME,MEDIUM
j_hist_000901,1.9,4,18.1,5,0,2,0,12.3,SLIGHT_DELAY,LOW
j_hist_000902,7.17,11,29.3,17,0,0,0,22.79,ON_TIME,HIGH
j_hist_000903,20.82,26,33.9,5,0,0,0,54.96,ON_TIME,LOW
j_hist_000904,15.33,19,38.1,7,0,0,0,40.95,SLIGHT_DELAY,LOW
j_hist_000905,31.35,34,40.2,21,0,0,1,91.01,HEAVY_DELAY,LOW
j_hist_000906,28.79,33,36.0,9,1,0,0,72.61,ON_TIME,HIGH
j_hist_000907,12.62,15,32.3,10,0,0,2,52.02,HEAVY_DELAY,HIGH
j_hist_000908,9.82,14,26.1,21,1,0,0,34.37,ON_TIME,LOW
j_hist_000909,13.91,15,17.1,14,0,0,1,72.27,MODERATE_DELAY,MEDIUM
j_hist_000910,21.07,18,33.9,15,0,0,0,50.56,ON_TIME,MEDIUM
j_hist_000911,10.11,14,41.8,17,0,2,1,38.77,MODERATE_DELAY,HIGH
j_hist_000912,22.22,22,34.6,14,0,1,2,96.01,HEAVY_DELAY,MEDIUM
j_hist_000913,14.92,21,14.5,18,1,1,1,112.72,HEAVY_DELAY,HIGH
j_hist_000914,19.77,28,27.9,17,1,0,1,78.94,HEAVY_DELAY,HIGH
j_hist_000915,15.83,15,31.2,8,1,0,2,63.22,HEAVY_DELAY,HIGH
j_hist_000916,11.01,11,33.3,21,0,2,0,37.12,MODERATE_DELAY,LOW
j_hist_000917,33.25,38,34.2,22,0,2,0,115.45,HEAVY_DELAY,LOW
j_hist_000918,26.96,33,29.6,15,1,2,1,129.8,HEAVY_DELAY,MEDIUM
j_hist_000919,5.76,7,20.3,14,0,0,0,20.63,ON_TIME,MEDIUM
j_hist_000920,30.53,39,40.4,22,1,0,1,92.17,HEAVY_DELAY,LOW
j_hist_000921,17.57,22,33.5,13,0,0,1,60.14,MODERATE_DELAY,MEDIUM
j_hist_000922,31.41,33,20.6,9,0,0,1,142.08,HEAVY_DELAY,HIGH
j_hist_000923,28.2,24,23.0,5,1,2,0,120.66,HEAVY_DELAY,LOW
j_hist_000924,15.46,21,39.8,9,1,0,0,39.59,ON_TIME,HIGH
j_hist_000925,1.76,3,38.8,7,1,0,2,5.0,ON_TIME,LOW
j_hist_000926,10.14,15,25.3,5,0,0,1,44.0,MODERATE_DELAY,LOW
j_hist_000927,19.42,22,15.1,10,1,0,0,97.73,SLIGHT_DELAY,HIGH
j_hist_000928,22.54,27,15.4,14,0,0,1,134.6,HEAVY_DELAY,MEDIUM
j_hist_000929,9.77,14,21.9,9,0,1,2,62.0,HEAVY_DELAY,HIGH
j_hist_000930,5.74,9,31.6,16,0,0,0,16.82,ON_TIME,MEDIUM
j_hist_000931,29.39,32,30.4,16,1,0,0,79.49,ON_TIME,MEDIUM
j_hist_000932,34.47,33,31.7,21,0,0,1,112.78,HEAVY_DELAY,LOW
j_hist_000933,18.87,25,34.1,6,0,0,2,76.4,HEAVY_DELAY,LOW
j_hist_000934,6.84,9,14.5,18,0,0,2,53.45,HEAVY_DELAY,HIGH
j_hist_000935,10.26,11,16.9,16,0,0,1,56.09,MODERATE_DELAY,MEDIUM
j_hist_000936,1.63,4,24.1,17,0,0,0,6.06,ON_TIME,HIGH
j_hist_000937,32.09,31,18.3,9,0,2,0,164.51,HEAVY_DELAY,HIGH
j_hist_000938,5.0,6,16.1,9,1,0,0,23.6,ON_TIME,HIGH
j_hist_000939,20.6,18,31.9,21,0,0,1,65.36,MODERATE_DELAY,LOW
j_hist_000940,10.32,14,36.8,9,1,2,0,33.2,SLIGHT_DELAY,HIGH
j_hist_000941,19.84,25,35.1,8,0,1,0,59.41,SLIGHT_DELAY,HIGH
j_hist_000942,23.15,24,36.9,11,0,1,1,77.68,HEAVY_DELAY,MEDIUM
j_hist_000943,29.21,30,32.6,21,0,0,0,74.82,ON_TIME,LOW
j_hist_000944,8.02,10,34.6,15,0,1,0,24.26,SLIGHT_DELAY,MEDIUM
j_hist_000945,1.37,3,21.6,10,0,0,0,5.08,ON_TIME,HIGH
j_hist_000946,5.65,6,41.8,17,0,0,1,13.89,ON_TIME,HIGH
j_hist_000947,31.6,44,19.1,16,0,2,1,180.0,HEAVY_DELAY,MEDIUM
j_hist_000948,30.71,30,20.0,9,1,0,1,144.04,HEAVY_DELAY,HIGH
j_hist_000949,21.31,31,22.1,14,1,2,2,159.32,HEAVY_DELAY,MEDIUM
j_hist_000950,21.42,21,41.3,15,1,0,1,61.04,MODERATE_DELAY,MEDIUM
j_hist_000951,23.61,31,41.7,13,0,0,0,57.85,ON_TIME,MEDIUM
j_hist_000952,6.96,8,36.3,17,0,0,0,16.0,ON_TIME,HIGH
j_hist_000953,32.09,29,31.6,7,0,2,1,133.38,HEAVY_DELAY,LOW
j_hist_000954,15.24,22,28.6,21,0,0,0,49.04,ON_TIME,LOW
j_hist_000955,14.03,20,41.2,22,1,0,1,44.87,MODERATE_DELAY,LOW
j_hist_000956,18.64,21,33.5,9,0,0,1,60.11,MODERATE_DELAY,HIGH
j_hist_000957,2.6,5,40.5,20,0,1,2,14.41,SLIGHT_DELAY,LOW
j_hist_000958,6.65,9,22.9,20,0,1,0,26.08,ON_TIME,LOW
j_hist_000959,26.09,36,23.3,15,1,0,0,91.76,ON_TIME,MEDIUM
j_hist_000960,3.82,5,37.9,8,1,0,1,13.09,SLIGHT_DELAY,HIGH
j_hist_000961,21.51,25,18.2,13,0,0,2,133.47,HEAVY_DELAY,MEDIUM
j_hist_000962,9.34,12,40.5,19,0,2,2,43.72,HEAVY_DELAY,HIGH
j_hist_000963,14.24,16,28.2,16,0,1,0,47.69,SLIGHT_DELAY,MEDIUM
j_hist_000964,10.82,16,39.9,20,0,1,0,32.69,SLIGHT_DELAY,LOW
j_hist_000965,13.09,13,23.4,8,0,0,0,42.71,ON_TIME,HIGH
j_hist_000966,25.45,24,34.0,7,0,1,0,72.23,MODERATE_DELAY,LOW
j_hist_000967,11.1,14,27.5,8,0,0,1,44.55,MODERATE_DELAY,HIGH
j_hist_000968,20.26,26,31.6,6,0,0,0,57.25,ON_TIME,LOW
j_hist_000969,17.19,17,28.1,11,1,0,0,50.1,ON_TIME,MEDIUM
j_hist_000970,23.56,26,41.1,6,0,0,0,56.19,SLIGHT_DELAY,LOW
j_hist_000971,32.85,46,33.4,5,1,0,0,91.85,ON_TIME,LOW
j_hist_000972,25.91,26,21.0,22,1,0,0,95.33,ON_TIME,LOW
j_hist_000973,8.31,11,39.5,12,1,0,1,24.67,SLIGHT_DELAY,MEDIUM
j_hist_000974,2.06,4,22.2,12,1,0,1,9.54,ON_TIME,MEDIUM
j_hist_000975,9.92,12,24.4,14,0,0,0,31.08,ON_TIME,MEDIUM
j_hist_000976,21.23,30,16.9,22,0,0,0,97.2,ON_TIME,LOW
j_hist_000977,2.75,5,39.2,15,0,1,0,9.67,ON_TIME,MEDIUM
j_hist_000978,17.88,21,22.0,5,0,0,1,81.64,HEAVY_DELAY,LOW
j_hist_000979,21.29,26,21.2,11,0,1,0,92.96,MODERATE_DELAY,MEDIUM
j_hist_000980,12.36,17,39.8,12,0,0,0,28.25,ON_TIME,MEDIUM
j_hist_000981,27.21,33,36.6,18,0,0,1,84.22,MODERATE_DELAY,HIGH
j_hist_000982,4.62,8,18.0,12,0,0,2,32.59,MODERATE_DELAY,MEDIUM
j_hist_000983,3.55,5,35.5,8,1,0,0,10.51,ON_TIME,HIGH
j_hist_000984,25.76,27,39.6,14,1,0,0,60.78,ON_TIME,MEDIUM
j_hist_000985,17.85,18,16.2,14,0,1,0,92.03,MODERATE_DELAY,MEDIUM
j_hist_000986,24.41,22,37.1,8,0,0,1,68.12,MODERATE_DELAY,HIGH
j_hist_000987,15.78,15,29.3,12,0,0,1,52.98,MODERATE_DELAY,MEDIUM
j_hist_000988,9.38,14,32.7,11,0,0,0,27.84,ON_TIME,MEDIUM
j_hist_000989,28.85,36,27.8,19,0,0,0,87.06,ON_TIME,HIGH
j_hist_000990,28.18,35,33.5,12,1,0,0,75.19,ON_TIME,MEDIUM
j_hist_000991,24.62,30,15.0,14,0,0,2,180.0,HEAVY_DELAY,MEDIUM
j_hist_000992,10.25,15,35.4,11,0,0,0,28.25,ON_TIME,MEDIUM
j_hist_000993,21.07,24,14.9,7,0,1,1,147.51,HEAVY_DELAY,LOW
j_hist_000994,13.27,19,26.7,13,0,0,2,66.46,HEAVY_DELAY,MEDIUM
j_hist_000995,4.11,6,18.2,20,1,0,0,15.87,ON_TIME,LOW
j_hist_000996,32.19,45,37.1,18,0,0,0,85.94,ON_TIME,HIGH
j_hist_000997,5.65,8,22.8,11,1,0,0,18.93,ON_TIME,MEDIUM
j_hist_000998,33.31,33,26.7,16,0,2,2,180.0,HEAVY_DELAY,MEDIUM
j_hist_000999,16.16,20,26.0,5,0,1,0,61.03,MODERATE_DELAY,LOW
j_hist_001000,7.29,10,35.6,20,0,0,0,20.35,ON_TIME,LOW
j_hist_001001,19.42,19,27.5,7,0,0,0,55.16,ON_TIME,LOW
j_hist_001002,30.68,37,36.1,5,0,2,0,100.7,HEAVY_DELAY,LOW
j_hist_001003,25.9,27,16.1,10,1,0,2,177.69,HEAVY_DELAY,HIGH
j_hist_001004,28.42,25,19.4,6,1,0,1,134.61,HEAVY_DELAY,LOW
j_hist_001005,23.4,34,29.4,11,0,0,0,72.87,ON_TIME,MEDIUM
j_hist_001006,24.54,31,40.5,12,0,0,2,91.13,HEAVY_DELAY,MEDIUM
j_hist_001007,29.87,41,16.1,17,0,1,1,180.0,HEAVY_DELAY,HIGH
j_hist_001008,9.49,13,15.2,20,0,1,2,84.82,HEAVY_DELAY,LOW
j_hist_001009,17.64,19,18.4,14,0,0,1,89.39,HEAVY_DELAY,MEDIUM
j_hist_001010,8.52,11,32.0,8,0,0,1,34.01,MODERATE_DELAY,HIGH
j_hist_001011,34.58,43,25.2,17,0,0,1,143.6,HEAVY_DELAY,HIGH
j_hist_001012,33.1,47,37.1,21,0,1,0,100.24,MODERATE_DELAY,LOW
j_hist_001013,2.34,4,16.0,12,0,1,0,13.58,ON_TIME,MEDIUM
j_hist_001014,24.99,35,19.5,12,1,0,1,129.98,HEAVY_DELAY,MEDIUM
j_hist_001015,32.46,45,22.4,11,0,1,0,138.82,HEAVY_DELAY,MEDIUM
j_hist_001016,7.14,10,31.5,5,0,0,1,25.47,SLIGHT_DELAY,LOW
j_hist_001017,20.31,29,33.2,19,0,0,2,88.1,HEAVY_DELAY,HIGH
j_hist_001018,32.13,35,17.5,19,1,0,1,171.62,HEAVY_DELAY,HIGH
j_hist_001019,2.15,4,40.4,8,1,0,2,8.25,SLIGHT_DELAY,HIGH
j_hist_001020,24.71,32,23.5,10,0,0,0,86.87,ON_TIME,HIGH
j_hist_001021,11.11,11,34.0,14,0,0,1,33.34,SLIGHT_DELAY,MEDIUM
j_hist_001022,32.43,45,28.7,16,1,0,2,152.94,HEAVY_DELAY,MEDIUM
j_hist_001023,34.02,39,20.2,8,1,0,1,161.22,HEAVY_DELAY,HIGH
j_hist_001024,33.11,37,37.7,10,1,0,1,100.91,HEAVY_DELAY,HIGH
j_hist_001025,17.12,21,36.9,18,1,0,2,67.08,HEAVY_DELAY,HIGH
j_hist_001026,30.31,28,25.1,17,0,0,2,141.23,HEAVY_DELAY,HIGH
j_hist_001027,29.71,34,30.5,7,1,0,1,104.61,HEAVY_DELAY,LOW
j_hist_001028,11.85,17,21.2,19,1,1,1,64.53,HEAVY_DELAY,HIGH
j_hist_001029,29.18,25,33.3,7,0,0,1,89.17,HEAVY_DELAY,LOW
j_hist_001030,2.26,4,22.7,9,1,0,0,8.43,ON_TIME,HIGH
j_hist_001031,21.27,19,37.6,17,0,0,0,48.2,ON_TIME,HIGH
j_hist_001032,8.82,11,20.1,19,0,0,0,34.76,ON_TIME,HIGH
j_hist_001033,5.1,8,14.4,21,0,0,0,26.62,ON_TIME,LOW
j_hist_001034,3.62,6,21.5,10,1,0,1,17.2,SLIGHT_DELAY,HIGH
j_hist_001035,24.67,35,19.3,22,0,0,1,129.09,HEAVY_DELAY,LOW
j_hist_001036,12.56,16,28.2,7,0,0,2,60.33,HEAVY_DELAY,LOW
j_hist_001037,25.64,26,19.7,13,0,0,1,122.26,HEAVY_DELAY,MEDIUM
j_hist_001038,3.22,6,35.4,12,0,0,1,12.35,SLIGHT_DELAY,MEDIUM
j_hist_001039,11.72,16,20.8,15,0,0,1,58.89,MODERATE_DELAY,MEDIUM
j_hist_001040,19.34,24,33.8,15,0,0,1,65.04,MODERATE_DELAY,MEDIUM
j_hist_001041,27.88,35,30.2,12,0,0,0,83.59,ON_TIME,MEDIUM
j_hist_001042,11.84,18,41.6,5,1,1,2,53.93,HEAVY_DELAY,LOW
j_hist_001043,22.28,29,42.0,6,1,0,1,62.88,MODERATE_DELAY,LOW
j_hist_001044,31.12,33,38.3,8,0,1,1,106.19,HEAVY_DELAY,HIGH
j_hist_001045,21.94,28,35.3,6,0,0,1,71.98,MODERATE_DELAY,LOW
j_hist_001046,8.92,9,24.8,6,0,0,0,29.5,ON_TIME,LOW
j_hist_001047,1.83,3,35.1,17,0,0,0,5.0,ON_TIME,HIGH
j_hist_001048,30.58,33,40.8,10,0,0,0,69.64,ON_TIME,HIGH
j_hist_001049,1.72,3,14.7,8,0,1,1,13.12,SLIGHT_DELAY,HIGH
j_hist_001050,30.74,27,29.1,19,0,0,1,104.06,HEAVY_DELAY,HIGH
j_hist_001051,18.98,18,20.1,7,0,0,0,71.67,ON_TIME,LOW
j_hist_001052,32.93,41,29.6,8,0,0,0,101.67,SLIGHT_DELAY,HIGH
j_hist_001053,28.16,38,27.1,21,0,0,1,114.04,HEAVY_DELAY,LOW
j_hist_001054,34.93,50,30.1,10,0,1,2,180.0,HEAVY_DELAY,HIGH
j_hist_001055,12.92,15,29.4,6,0,1,0,45.25,MODERATE_DELAY,LOW
j_hist_001056,27.08,33,40.9,17,0,0,1,84.26,HEAVY_DELAY,HIGH
j_hist_001057,14.67,21,29.5,19,0,0,1,58.18,MODERATE_DELAY,HIGH
j_hist_001058,17.32,17,37.7,9,0,0,1,51.63,MODERATE_DELAY,HIGH
j_hist_001059,22.34,29,23.0,10,0,2,0,103.99,HEAVY_DELAY,HIGH
j_hist_001060,30.71,40,26.3,21,1,0,1,123.75,HEAVY_DELAY,LOW
j_hist_001061,34.46,31,27.2,5,0,1,1,144.51,HEAVY_DELAY,LOW
j_hist_001062,27.12,37,21.8,6,0,0,1,127.16,HEAVY_DELAY,LOW
j_hist_001063,15.2,21,24.6,5,0,0,2,76.17,HEAVY_DELAY,LOW
j_hist_001064,15.33,14,30.8,12,1,2,0,54.81,MODERATE_DELAY,MEDIUM
j_hist_001065,26.08,24,30.2,8,0,2,0,90.38,HEAVY_DELAY,HIGH
j_hist_001066,9.12,9,31.8,22,0,0,2,36.44,MODERATE_DELAY,LOW
j_hist_001067,4.76,6,23.9,13,1,0,1,18.93,SLIGHT_DELAY,MEDIUM
j_hist_001068,13.06,16,22.8,19,0,0,1,59.17,MODERATE_DELAY,HIGH
j_hist_001069,10.77,14,31.1,20,1,0,2,46.49,HEAVY_DELAY,LOW
j_hist_001070,11.07,12,17.7,7,0,0,1,58.39,MODERATE_DELAY,LOW
j_hist_001071,8.94,14,21.1,5,0,1,1,52.61,HEAVY_DELAY,LOW
j_hist_001072,2.43,4,15.2,17,1,0,0,12.53,ON_TIME,HIGH
j_hist_001073,1.61,3,16.0,18,0,0,1,9.27,ON_TIME,HIGH
j_hist_001074,34.58,35,20.8,10,0,0,1,157.44,HEAVY_DELAY,HIGH
j_hist_001075,15.54,19,14.5,9,0,0,1,97.4,HEAVY_DELAY,HIGH
j_hist_001076,14.07,16,20.9,9,0,0,0,48.42,ON_TIME,HIGH
j_hist_001077,24.11,25,32.3,8,0,0,0,63.55,ON_TIME,HIGH
j_hist_001078,8.42,9,15.7,16,0,0,0,40.23,ON_TIME,MEDIUM
j_hist_001079,33.3,45,26.2,18,1,0,0,107.2,ON_TIME,HIGH
j_hist_001080,27.74,40,39.6,18,0,0,1,91.05,HEAVY_DELAY,HIGH
j_hist_001081,4.04,6,36.2,15,0,2,0,15.54,SLIGHT_DELAY,MEDIUM
j_hist_001082,15.2,17,22.6,14,1,1,0,62.98,MODERATE_DELAY,MEDIUM
j_hist_001083,30.89,38,39.9,14,1,2,0,97.88,HEAVY_DELAY,MEDIUM
j_hist_001084,33.12,42,23.2,13,0,0,1,145.97,HEAVY_DELAY,MEDIUM
j_hist_001085,16.89,19,16.0,6,1,0,2,116.22,HEAVY_DELAY,LOW
j_hist_001086,21.86,31,41.8,18,1,1,1,78.28,HEAVY_DELAY,HIGH
j_hist_001087,6.68,9,38.4,11,1,0,0,15.45,ON_TIME,MEDIUM
j_hist_001088,34.7,39,27.0,21,0,2,1,172.06,HEAVY_DELAY,LOW
j_hist_001089,8.88,12,32.7,12,0,0,0,26.05,ON_TIME,MEDIUM
j_hist_001090,33.05,47,32.8,8,0,0,1,119.53,HEAVY_DELAY,HIGH
j_hist_001091,23.09,31,19.4,9,0,1,0,107.98,MODERATE_DELAY,HIGH
j_hist_001092,21.66,19,19.6,17,0,0,0,80.69,ON_TIME,HIGH
j_hist_001093,18.43,20,27.1,11,1,1,0,62.99,MODERATE_DELAY,MEDIUM
j_hist_001094,8.84,11,39.5,10,0,0,1,27.34,SLIGHT_DELAY,HIGH
j_hist_001095,7.0,8,14.3,21,1,0,0,36.08,ON_TIME,LOW
j_hist_001096,8.5,12,35.9,10,0,0,0,23.42,ON_TIME,HIGH
j_hist_001097,7.34,11,15.6,7,0,1,0,40.41,SLIGHT_DELAY,LOW
j_hist_001098,27.51,36,27.4,13,0,0,1,110.35,HEAVY_DELAY,MEDIUM
j_hist_001099,12.9,19,31.9,19,0,1,0,43.15,SLIGHT_DELAY,HIGH
j_hist_001100,2.97,4,33.2,12,0,0,0,8.41,ON_TIME,MEDIUM
j_hist_001101,33.95,46,15.6,19,0,0,0,166.81,SLIGHT_DELAY,HIGH
j_hist_001102,31.05,41,25.7,5,0,0,2,152.22,HEAVY_DELAY,LOW
j_hist_001103,32.54,35,30.3,12,0,0,0,89.33,ON_TIME,MEDIUM
j_hist_001104,34.83,45,15.8,8,0,0,1,180.0,MODERATE_DELAY,HIGH
j_hist_001105,6.91,7,17.8,14,0,2,0,36.42,MODERATE_DELAY,MEDIUM
j_hist_001106,14.47,20,32.6,20,0,0,1,49.83,MODERATE_DELAY,LOW
j_hist_001107,26.78,31,28.6,22,0,0,0,79.49,ON_TIME,LOW
j_hist_001108,24.66,26,18.5,8,1,0,2,145.74,HEAVY_DELAY,HIGH
j_hist_001109,6.23,9,29.0,12,0,1,0,25.87,SLIGHT_DELAY,MEDIUM
j_hist_001110,28.74,36,39.6,8,0,0,0,71.91,ON_TIME,HIGH
j_hist_001111,8.63,9,14.4,14,0,2,1,67.96,HEAVY_DELAY,MEDIUM
j_hist_001112,8.61,9,32.0,8,0,0,1,28.16,SLIGHT_DELAY,HIGH
j_hist_001113,19.26,22,16.1,20,0,0,0,86.04,ON_TIME,LOW
j_hist_001114,21.16,26,14.2,16,1,1,0,127.43,HEAVY_DELAY,MEDIUM
j_hist_001115,20.72,29,18.2,14,1,2,0,117.22,HEAVY_DELAY,MEDIUM
j_hist_001116,4.11,7,25.8,15,0,0,0,12.75,ON_TIME,MEDIUM
j_hist_001117,30.83,36,36.5,6,0,0,1,96.61,HEAVY_DELAY,LOW
j_hist_001118,10.03,14,21.9,20,0,2,2,75.16,HEAVY_DELAY,LOW
j_hist_001119,5.4,7,31.5,16,0,1,2,27.64,MODERATE_DELAY,MEDIUM
j_hist_001120,31.22,40,25.5,8,0,0,2,155.98,HEAVY_DELAY,HIGH
j_hist_001121,33.49,32,20.6,21,0,0,1,152.36,HEAVY_DELAY,LOW
j_hist_001122,30.31,32,28.4,16,0,0,1,106.63,HEAVY_DELAY,MEDIUM
j_hist_001123,28.52,35,36.3,20,0,0,0,77.03,SLIGHT_DELAY,LOW
j_hist_001124,23.28,20,37.3,7,0,0,2,78.13,HEAVY_DELAY,LOW
j_hist_001125,19.73,26,37.7,6,1,0,0,51.42,ON_TIME,LOW
j_hist_001126,3.96,7,23.5,11,1,1,0,20.16,SLIGHT_DELAY,MEDIUM
j_hist_001127,14.89,17,36.2,10,0,0,2,56.47,HEAVY_DELAY,HIGH
j_hist_001128,13.67,16,19.9,5,0,0,1,68.62,HEAVY_DELAY,LOW
j_hist_001129,9.83,14,34.7,19,0,0,0,29.25,ON_TIME,HIGH
j_hist_001130,25.6,34,40.6,16,1,0,0,65.75,SLIGHT_DELAY,MEDIUM
j_hist_001131,17.86,19,14.4,17,1,0,0,89.67,ON_TIME,HIGH
j_hist_001132,3.76,5,26.3,12,0,0,0,11.84,ON_TIME,MEDIUM
j_hist_001133,8.49,12,32.1,13,0,0,2,36.54,MODERATE_DELAY,MEDIUM
j_hist_001134,24.23,29,33.6,5,1,0,2,100.16,HEAVY_DELAY,LOW
j_hist_001135,3.59,5,18.9,9,0,2,0,19.4,SLIGHT_DELAY,HIGH
j_hist_001136,29.94,31,41.2,11,0,0,0,68.28,ON_TIME,MEDIUM
j_hist_001137,17.83,25,31.2,22,1,2,1,85.25,HEAVY_DELAY,LOW
j_hist_001138,17.34,23,18.6,12,0,0,0,72.6,ON_TIME,MEDIUM
j_hist_001139,21.14,31,14.6,14,0,1,0,127.09,HEAVY_DELAY,MEDIUM
j_hist_001140,29.04,38,35.9,12,0,0,2,114.83,HEAVY_DELAY,MEDIUM
j_hist_001141,12.83,19,16.2,16,1,0,0,60.72,ON_TIME,MEDIUM
j_hist_001142,24.05,24,17.9,20,0,1,2,169.3,HEAVY_DELAY,LOW
j_hist_001143,20.23,27,30.1,16,0,0,0,61.71,ON_TIME,MEDIUM
j_hist_001144,10.08,10,30.9,7,1,0,0,26.33,ON_TIME,LOW
j_hist_001145,30.87,39,33.2,22,1,0,2,127.53,HEAVY_DELAY,LOW
j_hist_001146,28.11,32,25.0,9,0,0,0,93.98,SLIGHT_DELAY,HIGH
j_hist_001147,23.39,25,35.7,18,0,0,1,73.44,HEAVY_DELAY,HIGH
j_hist_001148,29.92,41,41.3,20,0,0,0,76.23,ON_TIME,LOW
j_hist_001149,30.49,42,21.6,10,0,1,2,180.0,HEAVY_DELAY,HIGH
j_hist_001150,25.08,22,33.7,20,0,0,1,76.3,HEAVY_DELAY,LOW
j_hist_001151,29.46,36,40.0,18,0,0,0,73.49,SLIGHT_DELAY,HIGH
j_hist_001152,24.71,27,33.2,9,0,0,0,62.9,ON_TIME,HIGH
j_hist_001153,24.12,27,33.1,18,1,0,0,65.32,ON_TIME,HIGH
j_hist_001154,22.03,30,20.3,15,1,0,0,89.68,ON_TIME,MEDIUM
j_hist_001155,26.59,28,29.0,13,0,0,2,111.82,HEAVY_DELAY,MEDIUM
j_hist_001156,6.39,10,29.8,11,0,2,1,32.18,MODERATE_DELAY,MEDIUM
j_hist_001157,30.95,30,33.6,9,0,0,1,97.57,HEAVY_DELAY,HIGH
j_hist_001158,30.64,38,41.9,19,0,0,2,109.27,HEAVY_DELAY,HIGH
j_hist_001159,1.99,4,14.9,17,0,0,1,15.42,SLIGHT_DELAY,HIGH
j_hist_001160,29.08,29,15.8,16,1,0,0,130.31,ON_TIME,MEDIUM
j_hist_001161,5.38,7,16.2,19,1,0,1,30.45,SLIGHT_DELAY,HIGH
j_hist_001162,12.39,18,34.8,14,1,0,1,45.98,MODERATE_DELAY,MEDIUM
j_hist_001163,26.28,35,17.8,21,1,1,0,133.22,HEAVY_DELAY,LOW
j_hist_001164,6.47,8,31.4,20,0,1,0,22.01,SLIGHT_DELAY,LOW
j_hist_001165,28.81,34,23.1,9,1,0,1,125.46,HEAVY_DELAY,HIGH
j_hist_001166,29.29,26,26.8,8,0,2,0,110.52,HEAVY_DELAY,HIGH
j_hist_001167,18.25,18,20.0,14,1,2,1,112.09,HEAVY_DELAY,MEDIUM
j_hist_001168,1.22,3,38.3,10,0,0,0,5.4,ON_TIME,HIGH
j_hist_001169,10.76,11,30.4,15,0,0,0,29.63,ON_TIME,MEDIUM
j_hist_001170,21.98,30,40.4,15,0,0,0,53.19,ON_TIME,MEDIUM
j_hist_001171,34.36,44,30.1,20,0,0,2,150.28,HEAVY_DELAY,LOW
j_hist_001172,22.48,32,17.5,18,0,1,0,117.62,HEAVY_DELAY,HIGH
j_hist_001173,9.83,13,18.8,8,1,0,0,41.77,ON_TIME,HIGH
j_hist_001174,22.56,32,41.7,9,0,0,0,56.04,ON_TIME,HIGH
j_hist_001175,19.36,23,34.3,21,0,0,2,74.43,HEAVY_DELAY,LOW
j_hist_001176,27.51,33,15.4,22,0,1,0,153.91,HEAVY_DELAY,LOW
j_hist_001177,4.64,8,33.7,12,0,0,0,13.33,ON_TIME,MEDIUM
j_hist_001178,26.87,33,25.5,8,0,0,0,87.32,ON_TIME,HIGH
j_hist_001179,19.4,17,22.6,22,0,0,0,64.03,ON_TIME,LOW
j_hist_001180,33.74,43,18.3,15,0,0,1,176.71,HEAVY_DELAY,MEDIUM
j_hist_001181,12.62,18,37.5,18,1,0,0,31.65,ON_TIME,HIGH
j_hist_001182,22.51,30,15.8,17,1,0,1,135.34,HEAVY_DELAY,HIGH
j_hist_001183,32.69,39,22.1,20,0,0,1,149.36,HEAVY_DELAY,LOW
j_hist_001184,4.49,7,22.6,16,1,1,0,23.43,SLIGHT_DELAY,MEDIUM
j_hist_001185,32.87,47,18.5,13,0,0,0,142.69,ON_TIME,MEDIUM
j_hist_001186,24.39,22,28.2,11,1,0,0,71.12,SLIGHT_DELAY,MEDIUM
j_hist_001187,3.31,5,14.3,14,0,0,0,18.54,ON_TIME,MEDIUM
j_hist_001188,11.23,12,22.4,21,0,0,0,40.87,ON_TIME,LOW
j_hist_001189,25.08,31,40.1,22,0,0,2,91.08,HEAVY_DELAY,LOW
j_hist_001190,3.29,5,22.7,11,1,0,1,16.07,SLIGHT_DELAY,MEDIUM
j_hist_001191,20.79,20,24.1,7,0,0,0,67.42,ON_TIME,LOW
j_hist_001192,12.76,13,27.2,19,0,0,0,38.02,ON_TIME,HIGH
j_hist_001193,22.11,27,29.7,20,1,0,1,80.62,HEAVY_DELAY,LOW
j_hist_001194,2.56,4,36.6,21,0,0,2,11.92,SLIGHT_DELAY,LOW
j_hist_001195,30.63,31,19.3,17,0,1,2,180.0,HEAVY_DELAY,HIGH
j_hist_001196,34.1,46,38.4,7,1,0,1,110.36,HEAVY_DELAY,LOW
j_hist_001197,33.94,35,35.2,9,1,0,1,104.77,HEAVY_DELAY,HIGH
j_hist_001198,26.49,30,34.2,13,1,0,0,71.27,SLIGHT_DELAY,MEDIUM
j_hist_001199,5.42,9,16.4,22,0,1,1,40.03,MODERATE_DELAY,LOW
j_hist_001200,26.78,27,14.6,15,0,0,2,180.0,HEAVY_DELAY,MEDIUM
j_hist_001201,1.84,3,30.6,15,1,0,0,5.45,ON_TIME,MEDIUM
j_hist_001202,1.75,4,38.2,20,1,0,0,5.28,ON_TIME,LOW
j_hist_001203,12.0,17,30.4,12,0,0,0,36.71,ON_TIME,MEDIUM
j_hist_001204,17.61,25,20.0,6,1,2,2,136.61,HEAVY_DELAY,LOW
j_hist_001205,27.19,38,16.5,14,1,0,0,127.87,ON_TIME,MEDIUM
j_hist_001206,24.23,32,33.6,10,0,0,1,82.04,MODERATE_DELAY,HIGH
j_hist_001207,16.16,17,34.2,8,0,0,0,40.23,ON_TIME,HIGH
j_hist_001208,10.3,10,18.8,9,0,0,1,51.35,MODERATE_DELAY,HIGH
j_hist_001209,34.9,37,14.8,15,0,1,1,180.0,MODERATE_DELAY,MEDIUM
j_hist_001210,15.49,15,25.4,16,0,2,1,77.46,HEAVY_DELAY,MEDIUM
j_hist_001211,16.35,22,30.3,20,0,1,1,70.87,HEAVY_DELAY,LOW
j_hist_001212,6.56,9,33.8,18,0,0,0,16.71,ON_TIME,HIGH
j_hist_001213,28.02,25,36.7,18,0,2,1,104.43,HEAVY_DELAY,HIGH
j_hist_001214,24.59,34,31.1,19,0,1,0,82.67,MODERATE_DELAY,HIGH
j_hist_001215,8.51,10,17.1,12,0,1,0,43.27,SLIGHT_DELAY,MEDIUM
j_hist_001216,3.8,6,33.1,9,0,1,0,11.51,ON_TIME,HIGH
j_hist_001217,24.14,30,41.6,13,0,0,1,73.42,HEAVY_DELAY,MEDIUM
j_hist_001218,23.25,26,39.4,20,0,0,1,67.65,MODERATE_DELAY,LOW
j_hist_001219,10.29,12,38.4,7,0,0,0,24.72,ON_TIME,LOW
j_hist_001220,33.33,29,22.5,16,0,1,0,126.3,HEAVY_DELAY,MEDIUM
j_hist_001221,6.14,8,35.0,11,0,0,1,18.74,SLIGHT_DELAY,MEDIUM
j_hist_001222,15.7,21,37.8,21,0,0,1,48.37,MODERATE_DELAY,LOW
j_hist_001223,33.08,46,33.0,19,1,0,2,138.44,HEAVY_DELAY,HIGH
j_hist_001224,15.27,18,21.0,19,0,0,0,56.9,ON_TIME,HIGH
j_hist_001225,22.71,25,40.7,16,0,0,0,53.72,ON_TIME,MEDIUM
j_hist_001226,14.52,19,26.6,6,0,0,2,69.7,HEAVY_DELAY,LOW
j_hist_001227,10.32,16,17.6,12,0,0,1,56.97,MODERATE_DELAY,MEDIUM
j_hist_001228,34.46,35,17.1,9,0,1,0,168.21,HEAVY_DELAY,HIGH
j_hist_001229,14.92,17,32.1,7,1,2,0,52.33,MODERATE_DELAY,LOW
j_hist_001230,31.4,42,26.3,5,0,0,2,153.77,HEAVY_DELAY,LOW
j_hist_001231,8.82,12,16.6,20,1,0,1,52.39,MODERATE_DELAY,LOW
j_hist_001232,8.25,9,34.7,14,1,1,0,26.08,SLIGHT_DELAY,MEDIUM
j_hist_001233,2.06,4,36.4,14,0,2,0,7.91,ON_TIME,MEDIUM
j_hist_001234,23.16,23,34.3,15,0,0,1,69.74,MODERATE_DELAY,MEDIUM
j_hist_001235,13.53,16,19.7,16,1,0,0,51.76,ON_TIME,MEDIUM
j_hist_001236,30.39,35,33.3,12,0,0,0,80.76,ON_TIME,MEDIUM
j_hist_001237,17.09,24,14.3,9,0,0,1,110.07,HEAVY_DELAY,HIGH
j_hist_001238,33.92,38,22.5,13,0,1,0,136.58,HEAVY_DELAY,MEDIUM
j_hist_001239,7.31,9,25.2,15,0,0,0,24.77,ON_TIME,MEDIUM
j_hist_001240,30.53,30,37.4,19,0,0,0,71.19,ON_TIME,HIGH
j_hist_001241,27.4,38,24.9,21,1,0,1,118.04,HEAVY_DELAY,LOW
j_hist_001242,27.21,26,14.3,15,1,0,0,132.11,ON_TIME,MEDIUM
j_hist_001243,29.72,33,23.9,17,0,0,1,123.22,HEAVY_DELAY,HIGH
j_hist_001244,26.87,26,28.0,21,0,0,1,96.34,HEAVY_DELAY,LOW
j_hist_001245,22.29,30,40.6,11,1,0,2,82.39,HEAVY_DELAY,MEDIUM
j_hist_001246,5.46,7,40.3,13,0,0,1,16.73,SLIGHT_DELAY,MEDIUM
j_hist_001247,2.11,4,19.1,22,0,2,0,10.83,ON_TIME,LOW
j_hist_001248,32.31,34,19.2,22,0,0,2,180.0,HEAVY_DELAY,LOW
j_hist_001249,21.97,30,18.6,14,0,0,1,116.45,HEAVY_DELAY,MEDIUM
j_hist_001250,28.08,33,36.1,16,0,0,0,73.15,ON_TIME,MEDIUM
j_hist_001251,17.37,23,14.2,22,1,0,0,88.41,ON_TIME,LOW
j_hist_001252,4.99,8,17.6,13,1,0,0,25.12,SLIGHT_DELAY,MEDIUM
j_hist_001253,5.26,9,29.1,13,0,0,0,19.79,SLIGHT_DELAY,MEDIUM
j_hist_001254,24.31,26,20.9,14,0,1,0,99.71,MODERATE_DELAY,MEDIUM
j_hist_001255,15.63,23,16.6,5,1,0,0,75.68,ON_TIME,LOW
j_hist_001256,7.82,8,24.1,15,1,1,0,27.23,ON_TIME,MEDIUM
j_hist_001257,17.71,20,21.7,18,0,0,0,64.69,ON_TIME,HIGH
j_hist_001258,3.18,6,28.3,14,0,0,0,13.58,SLIGHT_DELAY,MEDIUM
j_hist_001259,20.79,22,41.4,18,0,0,1,58.83,MODERATE_DELAY,HIGH
j_hist_001260,10.15,11,17.5,14,1,1,0,50.34,MODERATE_DELAY,MEDIUM
j_hist_001261,28.12,29,24.4,21,1,0,2,137.39,HEAVY_DELAY,LOW
j_hist_001262,11.55,15,40.1,6,0,1,0,37.46,MODERATE_DELAY,LOW
j_hist_001263,16.48,19,38.6,18,1,0,2,58.94,HEAVY_DELAY,HIGH
j_hist_001264,1.4,3,25.0,22,1,2,0,9.13,SLIGHT_DELAY,LOW
j_hist_001265,3.46,6,33.6,6,0,0,2,14.13,SLIGHT_DELAY,LOW
j_hist_001266,14.34,19,16.5,12,0,2,1,106.31,HEAVY_DELAY,MEDIUM
j_hist_001267,17.32,17,34.0,10,0,0,0,43.9,ON_TIME,HIGH
j_hist_001268,21.4,31,41.2,11,1,0,0,55.83,ON_TIME,MEDIUM
j_hist_001269,10.92,12,29.0,17,0,0,2,48.24,HEAVY_DELAY,HIGH
j_hist_001270,24.63,23,28.0,6,0,0,0,69.51,ON_TIME,LOW
j_hist_001271,30.24,27,19.2,11,1,0,0,113.97,ON_TIME,MEDIUM
j_hist_001272,27.51,33,31.7,5,0,1,0,87.0,MODERATE_DELAY,LOW
j_hist_001273,2.35,4,30.5,10,0,0,0,8.07,ON_TIME,HIGH
j_hist_001274,17.34,17,32.3,20,0,0,0,45.78,ON_TIME,LOW
j_hist_001275,4.57,6,14.7,12,0,0,1,30.57,MODERATE_DELAY,MEDIUM
j_hist_001276,9.23,10,29.4,17,0,0,1,30.82,SLIGHT_DELAY,HIGH
j_hist_001277,34.55,42,30.7,22,0,0,0,104.6,SLIGHT_DELAY,LOW
j_hist_001278,5.84,9,19.8,18,1,0,1,28.88,SLIGHT_DELAY,HIGH
j_hist_001279,17.96,24,19.8,22,1,2,1,116.08,HEAVY_DELAY,LOW
j_hist_001280,22.02,23,21.7,8,1,0,0,77.79,ON_TIME,HIGH
j_hist_001281,24.88,25,33.9,19,1,2,0,81.58,HEAVY_DELAY,HIGH
j_hist_001282,20.03,29,31.0,9,0,0,2,91.75,HEAVY_DELAY,HIGH
j_hist_001283,1.33,3,37.7,18,0,0,1,6.43,SLIGHT_DELAY,HIGH
j_hist_001284,12.1,18,22.3,20,0,1,1,67.23,HEAVY_DELAY,LOW
j_hist_001285,18.6,19,39.5,19,0,0,0,44.72,SLIGHT_DELAY,HIGH
j_hist_001286,3.99,7,34.8,15,1,2,1,21.19,MODERATE_DELAY,MEDIUM
j_hist_001287,12.92,14,25.1,6,0,0,0,39.51,ON_TIME,LOW
j_hist_001288,2.13,4,16.7,22,0,0,1,12.75,SLIGHT_DELAY,LOW
j_hist_001289,3.67,6,21.2,8,0,2,0,18.46,SLIGHT_DELAY,HIGH
j_hist_001290,14.5,18,40.8,19,0,0,1,43.24,MODERATE_DELAY,HIGH
j_hist_001291,5.51,7,22.7,16,0,2,2,40.56,HEAVY_DELAY,MEDIUM
j_hist_001292,20.3,24,23.2,7,0,0,0,71.55,ON_TIME,LOW
j_hist_001293,24.44,32,19.3,8,1,1,0,114.78,MODERATE_DELAY,HIGH
j_hist_001294,28.22,25,36.6,20,1,0,0,66.81,ON_TIME,LOW
j_hist_001295,7.81,8,21.7,10,1,0,1,35.95,MODERATE_DELAY,HIGH
j_hist_001296,6.69,9,23.2,6,0,0,1,27.97,SLIGHT_DELAY,LOW
j_hist_001297,4.56,6,25.6,13,0,0,1,17.58,SLIGHT_DELAY,MEDIUM
j_hist_001298,22.64,29,26.1,16,1,0,2,111.17,HEAVY_DELAY,MEDIUM
j_hist_001299,25.02,25,25.5,16,1,0,2,116.16,HEAVY_DELAY,MEDIUM
j_hist_001300,2.07,4,28.1,18,0,1,1,11.83,SLIGHT_DELAY,HIGH
j_hist_001301,32.83,32,36.8,21,1,1,0,88.53,MODERATE_DELAY,LOW
j_hist_001302,2.77,5,36.9,13,0,0,2,13.6,SLIGHT_DELAY,MEDIUM
j_hist_001303,19.4,18,36.4,16,0,0,0,45.52,ON_TIME,MEDIUM
j_hist_001304,25.11,22,16.8,14,1,0,0,106.9,ON_TIME,MEDIUM
j_hist_001305,30.61,27,36.4,15,0,0,0,71.31,ON_TIME,MEDIUM
j_hist_001306,25.28,36,17.4,6,0,1,1,163.93,HEAVY_DELAY,LOW
j_hist_001307,28.26,27,17.5,20,0,1,0,137.32,HEAVY_DELAY,LOW
j_hist_001308,12.54,17,40.5,5,0,0,0,30.91,ON_TIME,LOW
j_hist_001309,28.7,26,36.9,5,0,0,0,69.46,SLIGHT_DELAY,LOW
j_hist_001310,3.72,5,29.5,6,0,0,0,8.61,ON_TIME,LOW
j_hist_001311,31.42,36,38.5,16,0,1,1,107.59,HEAVY_DELAY,MEDIUM
j_hist_001312,19.62,23,41.7,22,0,0,1,57.2,MODERATE_DELAY,LOW
j_hist_001313,28.79,41,31.1,16,0,0,1,105.56,HEAVY_DELAY,MEDIUM
j_hist_001314,16.38,24,31.2,5,1,0,0,48.74,ON_TIME,LOW
j_hist_001315,22.88,31,35.1,15,1,0,0,63.59,ON_TIME,MEDIUM
j_hist_001316,18.9,23,20.5,6,0,0,1,90.43,HEAVY_DELAY,LOW
j_hist_001317,25.87,29,18.7,16,1,0,2,158.39,HEAVY_DELAY,MEDIUM
j_hist_001318,3.78,5,35.3,6,0,1,0,13.82,SLIGHT_DELAY,LOW
j_hist_001319,3.05,6,23.7,21,0,0,0,12.99,ON_TIME,LOW
j_hist_001320,9.4,12,17.8,10,0,2,0,51.41,MODERATE_DELAY,HIGH
j_hist_001321,6.42,9,22.8,20,0,0,1,29.36,SLIGHT_DELAY,LOW
j_hist_001322,30.64,30,24.0,10,1,1,1,142.18,HEAVY_DELAY,HIGH
j_hist_001323,8.45,8,41.0,11,0,1,1,26.61,MODERATE_DELAY,MEDIUM
j_hist_001324,34.18,48,33.5,21,0,0,0,96.51,ON_TIME,LOW
j_hist_001325,12.45,14,28.9,10,0,0,1,45.64,MODERATE_DELAY,HIGH
j_hist_001326,7.19,9,41.1,19,0,0,2,27.2,MODERATE_DELAY,HIGH
j_hist_001327,27.85,26,39.3,13,0,0,0,58.25,ON_TIME,MEDIUM
j_hist_001328,23.4,32,28.3,6,1,1,0,85.48,MODERATE_DELAY,LOW
j_hist_001329,17.94,16,39.4,9,1,2,1,62.92,HEAVY_DELAY,HIGH
j_hist_001330,19.88,27,25.3,9,1,0,0,64.55,ON_TIME,HIGH
j_hist_001331,25.45,24,20.5,16,1,2,1,148.08,HEAVY_DELAY,MEDIUM
j_hist_001332,8.77,13,20.5,14,0,0,2,53.7,HEAVY_DELAY,MEDIUM
j_hist_001333,34.88,45,32.5,8,0,0,1,122.14,HEAVY_DELAY,HIGH
j_hist_001334,34.14,32,28.0,16,0,0,0,99.37,SLIGHT_DELAY,MEDIUM
j_hist_001335,23.11,28,32.5,19,0,0,1,81.78,HEAVY_DELAY,HIGH
j_hist_001336,7.78,9,33.2,14,1,0,0,19.03,ON_TIME,MEDIUM
j_hist_001337,24.13,23,14.6,22,0,1,0,133.55,HEAVY_DELAY,LOW
j_hist_001338,3.45,6,15.5,9,0,0,0,19.96,SLIGHT_DELAY,HIGH
j_hist_001339,2.04,4,28.9,17,0,0,0,5.96,ON_TIME,HIGH
j_hist_001340,9.76,12,19.3,8,0,0,2,61.54,HEAVY_DELAY,HIGH
j_hist_001341,16.73,17,31.7,13,0,0,1,55.34,MODERATE_DELAY,MEDIUM
j_hist_001342,30.52,33,29.5,22,1,0,2,130.9,HEAVY_DELAY,LOW
j_hist_001343,25.72,36,30.4,7,0,0,2,116.76,HEAVY_DELAY,LOW
j_hist_001344,26.25,28,22.5,15,0,0,0,91.4,ON_TIME,MEDIUM
j_hist_001345,15.47,23,31.9,8,0,0,0,47.55,ON_TIME,HIGH
j_hist_001346,12.76,19,37.2,13,0,0,0,33.54,ON_TIME,MEDIUM
j_hist_001347,13.62,14,41.9,16,0,0,0,30.21,ON_TIME,MEDIUM
j_hist_001348,34.58,33,37.5,14,0,0,1,100.35,HEAVY_DELAY,MEDIUM
j_hist_001349,2.36,5,29.6,14,0,0,1,11.11,SLIGHT_DELAY,MEDIUM
j_hist_001350,30.48,33,19.4,13,0,0,2,180.0,HEAVY_DELAY,MEDIUM
j_hist_001351,20.67,18,33.1,14,0,0,2,76.51,HEAVY_DELAY,MEDIUM
j_hist_001352,15.91,17,40.3,13,0,1,0,42.62,SLIGHT_DELAY,MEDIUM
j_hist_001353,25.66,31,19.9,5,0,0,2,153.21,HEAVY_DELAY,LOW
j_hist_001354,17.55,24,21.2,20,0,0,1,85.85,HEAVY_DELAY,LOW
j_hist_001355,30.7,29,18.2,18,1,1,1,177.07,HEAVY_DELAY,HIGH
j_hist_001356,31.62,29,34.6,17,0,0,0,75.91,ON_TIME,HIGH
j_hist_001357,15.34,22,25.4,10,0,0,0,54.7,ON_TIME,HIGH
j_hist_001358,10.41,15,15.8,18,0,1,0,56.76,SLIGHT_DELAY,HIGH
j_hist_001359,21.14,26,38.5,12,0,1,0,61.07,MODERATE_DELAY,MEDIUM
j_hist_001360,32.02,42,29.6,22,1,1,1,138.82,HEAVY_DELAY,LOW
j_hist_001361,8.16,10,23.3,5,0,0,1,36.3,MODERATE_DELAY,LOW
j_hist_001362,22.18,29,23.6,16,1,0,0,79.44,ON_TIME,MEDIUM
j_hist_001363,22.47,24,22.1,15,1,1,0,90.02,MODERATE_DELAY,MEDIUM
j_hist_001364,25.93,26,26.8,17,1,0,0,76.46,ON_TIME,HIGH
j_hist_001365,5.47,8,23.4,8,1,2,0,24.04,SLIGHT_DELAY,HIGH
j_hist_001366,25.34,28,29.3,10,0,0,2,109.29,HEAVY_DELAY,HIGH
j_hist_001367,31.91,46,35.7,17,0,0,0,89.72,ON_TIME,HIGH
j_hist_001368,7.11,9,32.9,17,0,0,0,18.59,ON_TIME,HIGH
j_hist_001369,9.08,14,22.2,10,1,0,0,32.5,ON_TIME,HIGH
j_hist_001370,34.03,48,28.8,8,0,0,1,132.41,HEAVY_DELAY,HIGH
j_hist_001371,7.15,8,37.5,7,0,0,1,22.54,SLIGHT_DELAY,LOW
j_hist_001372,30.05,40,15.9,19,0,0,1,179.14,HEAVY_DELAY,HIGH
j_hist_001373,17.74,20,16.2,15,0,0,1,101.75,HEAVY_DELAY,MEDIUM
j_hist_001374,9.41,14,29.6,6,0,0,0,30.74,ON_TIME,LOW
j_hist_001375,30.61,34,31.9,21,0,0,0,84.59,ON_TIME,LOW
j_hist_001376,16.14,22,19.9,6,0,0,0,63.95,ON_TIME,LOW
j_hist_001377,18.5,21,34.9,5,0,1,1,71.06,HEAVY_DELAY,LOW
j_hist_001378,13.21,14,32.1,9,0,0,0,35.21,ON_TIME,HIGH
j_hist_001379,21.16,21,39.9,21,0,1,1,69.37,HEAVY_DELAY,LOW
j_hist_001380,6.56,8,18.7,5,1,0,0,27.08,ON_TIME,LOW
j_hist_001381,14.3,19,35.0,11,0,0,1,49.33,MODERATE_DELAY,MEDIUM
j_hist_001382,33.96,41,16.3,7,0,2,1,180.0,HEAVY_DELAY,LOW
j_hist_001383,9.78,13,29.8,20,0,0,1,35.8,SLIGHT_DELAY,LOW
j_hist_001384,23.33,24,29.5,20,0,0,0,66.01,ON_TIME,LOW
j_hist_001385,12.06,15,24.9,16,0,0,0,41.79,ON_TIME,MEDIUM
j_hist_001386,27.3,24,37.6,13,0,0,2,94.24,HEAVY_DELAY,MEDIUM
j_hist_001387,5.45,9,14.1,18,0,1,0,33.82,SLIGHT_DELAY,HIGH
j_hist_001388,33.97,49,28.6,16,0,1,1,156.75,HEAVY_DELAY,MEDIUM
j_hist_001389,16.43,19,20.1,20,1,2,0,82.85,HEAVY_DELAY,LOW
j_hist_001390,9.03,9,34.8,21,0,0,1,27.97,SLIGHT_DELAY,LOW
j_hist_001391,3.5,5,15.2,16,0,2,0,23.12,SLIGHT_DELAY,MEDIUM
j_hist_001392,6.77,10,37.3,8,0,0,2,27.55,MODERATE_DELAY,HIGH
j_hist_001393,18.67,23,37.5,21,0,0,2,71.45,HEAVY_DELAY,LOW
j_hist_001394,12.46,17,37.3,5,0,0,2,46.63,MODERATE_DELAY,LOW
j_hist_001395,29.18,29,18.3,21,1,0,0,115.29,ON_TIME,LOW
j_hist_001396,15.65,21,31.7,15,1,1,0,51.17,SLIGHT_DELAY,MEDIUM
j_hist_001397,9.46,13,14.4,22,0,0,0,50.32,ON_TIME,LOW
j_hist_001398,21.98,23,37.7,6,1,0,2,78.91,HEAVY_DELAY,LOW
j_hist_001399,25.03,30,34.2,13,1,2,0,86.47,HEAVY_DELAY,MEDIUM
j_hist_001400,6.68,7,28.9,13,0,1,1,29.42,MODERATE_DELAY,MEDIUM
j_hist_001401,6.7,9,34.5,16,1,0,0,17.74,ON_TIME,MEDIUM
j_hist_001402,2.25,4,16.6,17,0,0,0,11.74,ON_TIME,HIGH
j_hist_001403,26.04,29,28.8,20,0,0,0,75.44,ON_TIME,LOW
j_hist_001404,23.57,32,22.2,17,1,0,2,131.29,HEAVY_DELAY,HIGH
j_hist_001405,17.14,21,41.2,18,0,0,2,63.34,HEAVY_DELAY,HIGH
j_hist_001406,29.7,29,38.0,11,0,0,0,68.33,ON_TIME,MEDIUM
j_hist_001407,28.39,34,34.5,6,0,0,0,75.19,ON_TIME,LOW
j_hist_001408,20.9,25,40.1,16,1,0,2,74.96,HEAVY_DELAY,MEDIUM
j_hist_001409,30.52,33,23.7,21,0,0,0,101.92,ON_TIME,LOW
j_hist_001410,8.0,8,39.2,9,0,0,0,18.98,ON_TIME,HIGH
j_hist_001411,4.81,7,23.1,14,0,1,1,23.9,SLIGHT_DELAY,MEDIUM
j_hist_001412,10.17,10,34.5,22,0,1,1,34.56,MODERATE_DELAY,LOW
j_hist_001413,2.94,4,34.6,7,0,0,0,7.98,ON_TIME,LOW
j_hist_001414,19.06,22,14.5,17,0,0,0,94.96,ON_TIME,HIGH
j_hist_001415,32.84,34,24.1,17,1,0,0,108.29,ON_TIME,HIGH
j_hist_001416,2.34,5,14.5,14,0,2,0,18.89,SLIGHT_DELAY,MEDIUM
j_hist_001417,5.15,7,41.9,6,1,0,0,11.01,ON_TIME,LOW
j_hist_001418,16.37,22,17.4,20,0,0,0,71.32,ON_TIME,LOW
j_hist_001419,32.75,38,29.2,8,0,0,2,143.23,HEAVY_DELAY,HIGH
j_hist_001420,11.75,16,36.1,9,1,0,1,38.74,MODERATE_DELAY,HIGH
j_hist_001421,18.25,19,19.6,11,1,0,1,87.62,HEAVY_DELAY,MEDIUM
j_hist_001422,2.41,5,27.6,13,0,1,0,11.77,SLIGHT_DELAY,MEDIUM
j_hist_001423,6.04,8,31.0,9,0,0,2,27.03,MODERATE_DELAY,HIGH
j_hist_001424,34.55,46,18.5,12,0,2,1,180.0,HEAVY_DELAY,MEDIUM
j_hist_001425,33.81,36,35.8,6,0,0,0,83.0,ON_TIME,LOW
j_hist_001426,1.17,3,22.4,11,1,0,0,5.0,ON_TIME,MEDIUM
j_hist_001427,33.36,42,19.9,8,0,1,0,150.89,HEAVY_DELAY,HIGH
j_hist_001428,22.73,20,29.6,19,1,0,0,60.55,ON_TIME,HIGH
j_hist_001429,30.51,35,25.5,22,0,0,0,98.3,ON_TIME,LOW
j_hist_001430,16.46,17,39.8,6,0,0,0,37.5,ON_TIME,LOW
j_hist_001431,18.53,23,38.6,18,0,1,0,52.08,SLIGHT_DELAY,HIGH
j_hist_001432,17.62,26,27.5,14,0,0,1,72.37,MODERATE_DELAY,MEDIUM
j_hist_001433,23.67,27,24.1,9,0,2,1,128.04,HEAVY_DELAY,HIGH
j_hist_001434,5.75,9,23.1,16,0,0,0,19.85,ON_TIME,MEDIUM
j_hist_001435,2.02,4,21.5,14,1,1,0,10.93,SLIGHT_DELAY,MEDIUM
j_hist_001436,11.47,14,29.2,22,1,2,1,55.21,HEAVY_DELAY,LOW
j_hist_001437,24.96,35,36.5,10,0,0,0,67.35,ON_TIME,HIGH
j_hist_001438,7.86,12,22.7,16,0,1,1,43.18,MODERATE_DELAY,MEDIUM
j_hist_001439,23.9,32,19.3,5,1,0,1,122.52,HEAVY_DELAY,LOW
j_hist_001440,33.98,35,27.3,11,0,0,0,101.33,ON_TIME,MEDIUM
j_hist_001441,4.19,6,15.9,16,0,2,0,29.29,MODERATE_DELAY,MEDIUM
j_hist_001442,23.87,24,33.6,11,1,1,0,71.37,MODERATE_DELAY,MEDIUM
j_hist_001443,16.09,19,28.5,13,0,0,1,59.05,MODERATE_DELAY,MEDIUM
j_hist_001444,30.52,35,27.9,19,1,0,1,112.21,HEAVY_DELAY,HIGH
j_hist_001445,7.02,11,22.4,16,0,1,2,48.14,HEAVY_DELAY,MEDIUM
j_hist_001446,24.55,34,39.3,17,0,0,0,63.67,ON_TIME,HIGH
j_hist_001447,29.5,32,16.5,8,0,1,2,180.0,HEAVY_DELAY,HIGH
j_hist_001448,33.12,28,38.4,14,0,1,1,103.8,HEAVY_DELAY,MEDIUM
j_hist_001449,24.23,33,24.5,7,0,0,0,83.06,ON_TIME,LOW
j_hist_001450,17.9,18,38.7,9,0,1,0,47.72,SLIGHT_DELAY,HIGH
j_hist_001451,22.01,27,34.4,8,0,1,1,84.8,HEAVY_DELAY,HIGH
j_hist_001452,30.54,26,16.9,19,0,0,0,130.9,SLIGHT_DELAY,HIGH
j_hist_001453,20.4,23,37.3,11,0,0,1,63.82,MODERATE_DELAY,MEDIUM
j_hist_001454,2.03,4,33.1,7,0,1,2,11.91,SLIGHT_DELAY,LOW
j_hist_001455,32.65,30,14.9,20,0,0,0,149.79,ON_TIME,LOW
j_hist_001456,24.44,27,17.7,19,1,0,2,154.74,HEAVY_DELAY,HIGH
j_hist_001457,24.0,25,31.8,22,0,0,0,64.26,ON_TIME,LOW
j_hist_001458,8.33,13,32.6,7,0,0,1,29.7,SLIGHT_DELAY,LOW
j_hist_001459,23.4,32,34.9,18,1,0,1,81.21,HEAVY_DELAY,HIGH
j_hist_001460,14.39,15,34.2,5,1,0,1,47.62,MODERATE_DELAY,LOW
j_hist_001461,23.14,21,32.5,11,1,0,0,61.43,SLIGHT_DELAY,MEDIUM
j_hist_001462,4.62,7,35.5,6,0,0,1,16.54,SLIGHT_DELAY,LOW
j_hist_001463,23.37,25,30.1,14,1,0,0,64.52,ON_TIME,MEDIUM
j_hist_001464,34.98,44,21.3,20,0,2,1,180.0,HEAVY_DELAY,LOW
j_hist_001465,2.64,4,39.5,16,0,1,1,8.91,ON_TIME,MEDIUM
j_hist_001466,34.22,32,14.5,22,0,0,0,165.79,ON_TIME,LOW
j_hist_001467,14.83,19,24.3,10,1,0,2,74.65,HEAVY_DELAY,HIGH
j_hist_001468,30.61,30,34.4,21,1,0,1,96.54,HEAVY_DELAY,LOW
j_hist_001469,27.6,38,26.0,12,1,0,0,91.41,ON_TIME,MEDIUM
j_hist_001470,20.28,18,14.7,13,0,0,2,145.78,HEAVY_DELAY,MEDIUM
j_hist_001471,26.11,26,15.8,6,0,1,1,170.23,HEAVY_DELAY,LOW
j_hist_001472,30.87,45,32.2,11,0,0,1,115.04,HEAVY_DELAY,MEDIUM
j_hist_001473,14.74,17,41.0,15,1,0,0,33.88,ON_TIME,MEDIUM
j_hist_001474,12.12,16,29.5,17,0,0,0,37.18,ON_TIME,HIGH
j_hist_001475,23.7,23,28.2,14,1,0,2,102.97,HEAVY_DELAY,MEDIUM
j_hist_001476,28.47,35,22.9,19,0,0,0,100.08,ON_TIME,HIGH
j_hist_001477,26.92,35,21.2,11,1,1,0,118.43,HEAVY_DELAY,MEDIUM
j_hist_001478,28.13,29,14.6,10,0,0,0,139.31,ON_TIME,HIGH
j_hist_001479,15.81,22,21.6,16,1,0,0,59.03,ON_TIME,MEDIUM
j_hist_001480,28.81,35,26.6,7,1,0,0,90.3,ON_TIME,LOW
j_hist_001481,5.09,7,19.5,20,0,0,1,25.02,SLIGHT_DELAY,LOW
j_hist_001482,19.51,24,16.4,13,0,0,0,88.86,ON_TIME,MEDIUM
j_hist_001483,1.2,3,34.1,14,1,2,1,5.0,ON_TIME,MEDIUM
j_hist_001484,12.04,12,39.0,17,0,0,0,27.65,ON_TIME,HIGH
j_hist_001485,13.46,16,40.2,12,0,0,2,50.75,HEAVY_DELAY,MEDIUM
j_hist_001486,14.47,16,31.3,10,0,0,1,49.86,MODERATE_DELAY,HIGH
j_hist_001487,24.65,27,15.5,7,0,0,1,147.87,HEAVY_DELAY,LOW
j_hist_001488,14.21,19,34.7,16,0,1,0,42.29,SLIGHT_DELAY,MEDIUM
j_hist_001489,16.26,19,17.1,13,0,0,1,87.39,HEAVY_DELAY,MEDIUM
j_hist_001490,9.08,14,32.8,13,0,0,1,31.39,SLIGHT_DELAY,MEDIUM
j_hist_001491,13.69,15,35.8,15,0,0,0,30.29,ON_TIME,MEDIUM
j_hist_001492,8.73,11,34.3,10,0,0,0,23.65,ON_TIME,HIGH
j_hist_001493,3.49,6,40.7,6,0,1,0,9.4,ON_TIME,LOW
j_hist_001494,21.52,26,34.7,11,1,0,1,67.66,MODERATE_DELAY,MEDIUM
j_hist_001495,23.72,28,33.4,13,0,0,0,63.09,ON_TIME,MEDIUM
j_hist_001496,22.06,20,21.3,22,0,0,1,96.37,HEAVY_DELAY,LOW
j_hist_001497,16.76,19,39.9,16,0,0,1,49.81,MODERATE_DELAY,MEDIUM
j_hist_001498,13.91,15,19.0,15,0,0,0,54.88,ON_TIME,MEDIUM
j_hist_001499,30.35,44,39.3,14,1,0,0,80.15,ON_TIME,MEDIUM
j_hist_001500,18.65,20,22.8,7,1,1,1,90.84,HEAVY_DELAY,LOW
j_hist_001501,17.29,25,17.6,16,0,0,2,114.81,HEAVY_DELAY,MEDIUM
j_hist_001502,1.87,4,37.1,8,0,0,2,10.91,SLIGHT_DELAY,HIGH
j_hist_001503,12.6,14,14.1,14,1,0,1,82.77,HEAVY_DELAY,MEDIUM
j_hist_001504,13.93,17,37.3,6,1,2,0,43.69,MODERATE_DELAY,LOW
j_hist_001505,14.56,20,21.3,16,0,2,1,91.23,HEAVY_DELAY,MEDIUM
j_hist_001506,20.73,29,38.8,15,1,0,0,52.48,ON_TIME,MEDIUM
j_hist_001507,19.14,19,33.4,18,0,0,1,59.33,MODERATE_DELAY,HIGH
j_hist_001508,21.67,23,32.7,19,0,2,0,74.53,HEAVY_DELAY,HIGH
j_hist_001509,27.01,29,24.2,18,0,0,0,89.03,ON_TIME,HIGH
j_hist_001510,28.64,25,15.7,16,0,0,1,159.92,HEAVY_DELAY,MEDIUM
j_hist_001511,25.42,31,37.2,6,0,0,2,95.74,HEAVY_DELAY,LOW
j_hist_001512,33.49,45,18.8,6,0,0,0,139.04,ON_TIME,LOW
j_hist_001513,1.62,3,24.4,5,0,1,0,8.85,SLIGHT_DELAY,LOW
j_hist_001514,7.66,11,30.8,19,1,1,0,26.51,SLIGHT_DELAY,HIGH
j_hist_001515,1.26,3,27.5,14,0,2,0,5.1,ON_TIME,MEDIUM
j_hist_001516,23.01,25,19.6,5,0,0,0,89.26,ON_TIME,LOW
j_hist_001517,31.53,29,17.9,5,0,0,0,126.75,ON_TIME,LOW
j_hist_001518,9.28,13,17.5,5,0,0,1,50.88,MODERATE_DELAY,LOW
j_hist_001519,32.52,44,38.2,15,0,1,1,119.61,HEAVY_DELAY,MEDIUM
j_hist_001520,3.05,5,14.9,16,1,0,0,14.55,ON_TIME,MEDIUM
j_hist_001521,32.77,28,41.4,19,1,2,1,109.73,HEAVY_DELAY,HIGH
j_hist_001522,12.96,14,19.6,18,0,2,1,81.72,HEAVY_DELAY,HIGH
j_hist_001523,4.45,5,17.1,5,0,0,2,28.54,MODERATE_DELAY,LOW
j_hist_001524,17.52,22,30.2,5,1,0,1,67.27,HEAVY_DELAY,LOW
j_hist_001525,9.73,14,16.2,10,0,0,0,47.42,ON_TIME,HIGH
j_hist_001526,10.69,11,30.9,7,0,0,1,36.68,MODERATE_DELAY,LOW
j_hist_001527,11.45,16,37.8,18,1,2,1,48.55,HEAVY_DELAY,HIGH
j_hist_001528,28.3,34,15.3,10,1,0,2,180.0,HEAVY_DELAY,HIGH
j_hist_001529,19.33,25,36.4,12,0,1,1,70.57,HEAVY_DELAY,MEDIUM
j_hist_001530,11.58,18,25.0,19,0,0,0,39.46,ON_TIME,HIGH
j_hist_001531,21.75,20,18.5,21,0,0,0,84.04,ON_TIME,LOW
j_hist_001532,25.35,35,18.9,13,0,1,1,150.81,HEAVY_DELAY,MEDIUM
j_hist_001533,10.27,10,39.7,20,0,0,0,22.89,ON_TIME,LOW
j_hist_001534,15.06,17,17.1,5,0,0,1,79.58,MODERATE_DELAY,LOW
j_hist_001535,5.14,8,38.3,20,0,1,0,16.63,SLIGHT_DELAY,LOW
j_hist_001536,7.16,11,29.2,13,1,1,1,32.71,MODERATE_DELAY,MEDIUM
j_hist_001537,24.16,28,15.1,21,0,0,1,148.66,HEAVY_DELAY,LOW
j_hist_001538,7.17,10,27.0,10,0,0,2,35.55,MODERATE_DELAY,HIGH
j_hist_001539,18.86,25,36.9,18,1,0,2,72.44,HEAVY_DELAY,HIGH
j_hist_001540,25.11,34,34.3,22,0,0,1,84.69,HEAVY_DELAY,LOW
j_hist_001541,4.63,6,27.7,18,0,0,0,16.79,SLIGHT_DELAY,HIGH
j_hist_001542,20.29,28,38.1,11,1,0,0,51.62,ON_TIME,MEDIUM
j_hist_001543,9.72,12,17.4,14,1,0,1,52.23,MODERATE_DELAY,MEDIUM
j_hist_001544,33.74,38,39.5,20,0,0,1,99.14,HEAVY_DELAY,LOW
j_hist_001545,17.44,20,37.7,11,0,1,0,49.1,SLIGHT_DELAY,MEDIUM
j_hist_001546,28.4,33,33.8,10,0,1,1,110.24,HEAVY_DELAY,HIGH
j_hist_001547,19.71,28,36.9,10,0,0,2,79.81,HEAVY_DELAY,HIGH
j_hist_001548,2.48,4,29.2,11,1,0,1,10.21,SLIGHT_DELAY,MEDIUM
j_hist_001549,22.53,32,32.9,21,0,0,1,81.22,HEAVY_DELAY,LOW
j_hist_001550,33.35,32,29.7,12,0,0,0,91.47,ON_TIME,MEDIUM
j_hist_001551,21.45,28,24.0,6,0,1,2,130.15,HEAVY_DELAY,LOW
j_hist_001552,28.85,39,29.9,11,0,0,0,86.32,ON_TIME,MEDIUM
j_hist_001553,31.06,39,21.2,16,1,0,0,116.37,ON_TIME,MEDIUM
j_hist_001554,8.75,12,26.3,7,0,0,1,37.65,MODERATE_DELAY,LOW
j_hist_001555,8.21,11,21.9,8,0,0,1,37.64,SLIGHT_DELAY,HIGH
j_hist_001556,21.77,30,17.4,15,1,0,1,120.78,HEAVY_DELAY,MEDIUM
j_hist_001557,14.97,21,23.0,16,0,1,1,80.61,HEAVY_DELAY,MEDIUM
j_hist_001558,29.56,27,37.9,15,1,0,1,83.41,HEAVY_DELAY,MEDIUM
j_hist_001559,31.6,43,24.7,17,1,0,0,108.93,ON_TIME,HIGH
j_hist_001560,13.02,15,34.9,5,1,0,1,41.48,MODERATE_DELAY,LOW
j_hist_001561,9.05,10,18.9,10,0,0,2,53.55,HEAVY_DELAY,HIGH
j_hist_001562,27.54,38,25.9,20,0,0,1,114.95,HEAVY_DELAY,LOW
j_hist_001563,10.34,12,17.2,6,0,0,1,55.89,MODERATE_DELAY,LOW
j_hist_001564,28.97,39,17.9,18,0,0,2,180.0,HEAVY_DELAY,HIGH
j_hist_001565,15.41,16,31.3,22,1,0,2,60.98,HEAVY_DELAY,LOW
j_hist_001566,23.7,21,31.0,21,0,0,0,64.53,SLIGHT_DELAY,LOW
j_hist_001567,4.25,6,20.0,22,0,0,0,16.26,ON_TIME,LOW
j_hist_001568,22.21,21,27.3,19,0,0,2,98.2,HEAVY_DELAY,HIGH
j_hist_001569,16.36,22,38.2,6,0,0,1,50.63,MODERATE_DELAY,LOW
j_hist_001570,20.94,22,18.9,8,0,0,1,102.84,HEAVY_DELAY,HIGH
j_hist_001571,6.71,9,14.5,5,1,1,2,59.1,HEAVY_DELAY,LOW
j_hist_001572,26.05,24,32.3,12,0,0,1,81.78,HEAVY_DELAY,MEDIUM
j_hist_001573,30.34,31,15.5,18,0,0,1,176.73,HEAVY_DELAY,HIGH
j_hist_001574,8.37,12,41.4,15,1,0,0,21.96,ON_TIME,MEDIUM
j_hist_001575,4.25,5,31.1,18,0,1,1,16.14,SLIGHT_DELAY,HIGH
j_hist_001576,1.8,4,27.2,20,1,1,0,5.31,ON_TIME,LOW
j_hist_001577,22.83,32,26.0,14,1,0,0,77.54,ON_TIME,MEDIUM
j_hist_001578,21.64,28,30.0,11,1,1,0,73.97,MODERATE_DELAY,MEDIUM
j_hist_001579,19.59,27,16.5,20,0,0,2,136.25,HEAVY_DELAY,LOW
j_hist_001580,8.89,9,40.0,8,0,1,2,33.75,MODERATE_DELAY,HIGH
j_hist_001581,14.29,15,31.5,16,0,0,2,56.63,HEAVY_DELAY,MEDIUM
j_hist_001582,21.21,30,19.2,16,1,0,0,90.23,ON_TIME,MEDIUM
j_hist_001583,17.89,23,29.8,6,0,0,1,66.16,MODERATE_DELAY,LOW
j_hist_001584,34.58,42,17.7,10,0,0,0,150.6,SLIGHT_DELAY,HIGH
j_hist_001585,5.64,8,14.5,19,0,1,1,45.74,HEAVY_DELAY,HIGH
j_hist_001586,24.63,27,31.7,19,0,0,1,84.68,HEAVY_DELAY,HIGH
j_hist_001587,14.75,14,32.2,20,1,0,2,60.41,HEAVY_DELAY,LOW
j_hist_001588,15.56,21,30.3,7,0,0,0,47.57,ON_TIME,LOW
j_hist_001589,25.4,32,19.1,5,1,0,1,128.99,HEAVY_DELAY,LOW
j_hist_001590,24.54,28,30.9,16,0,1,0,81.42,MODERATE_DELAY,MEDIUM
j_hist_001591,34.7,48,15.6,19,0,2,0,180.0,MODERATE_DELAY,HIGH
j_hist_001592,5.37,7,31.1,10,0,0,0,19.26,SLIGHT_DELAY,HIGH
j_hist_001593,4.54,6,29.5,21,0,1,1,18.97,SLIGHT_DELAY,LOW
j_hist_001594,25.63,35,32.3,13,1,0,0,75.18,ON_TIME,MEDIUM
j_hist_001595,20.67,28,39.1,17,0,2,0,68.56,HEAVY_DELAY,HIGH
j_hist_001596,10.32,13,37.8,19,0,0,1,31.06,SLIGHT_DELAY,HIGH
j_hist_001597,3.7,5,41.5,20,0,2,0,10.5,ON_TIME,LOW
j_hist_001598,3.91,5,41.3,17,0,0,1,8.18,ON_TIME,HIGH
j_hist_001599,31.4,39,35.6,6,0,1,1,117.98,HEAVY_DELAY,LOW
j_hist_001600,7.52,9,40.8,6,0,0,2,27.51,MODERATE_DELAY,LOW
j_hist_001601,11.99,17,38.3,15,0,0,0,28.3,ON_TIME,MEDIUM
j_hist_001602,8.71,13,34.4,20,0,1,0,24.01,ON_TIME,LOW
j_hist_001603,13.07,18,16.1,21,1,0,0,60.83,ON_TIME,LOW
j_hist_001604,3.36,5,15.4,7,0,2,0,22.08,SLIGHT_DELAY,LOW
j_hist_001605,18.65,25,37.5,5,0,0,0,47.13,ON_TIME,LOW
j_hist_001606,3.3,5,27.7,22,0,2,0,14.39,SLIGHT_DELAY,LOW
j_hist_001607,28.21,27,36.8,18,1,0,2,98.48,HEAVY_DELAY,HIGH
j_hist_001608,8.95,9,22.8,13,0,0,0,28.24,ON_TIME,MEDIUM
j_hist_001609,19.36,21,25.1,13,0,0,0,63.05,ON_TIME,MEDIUM
j_hist_001610,30.92,43,33.6,16,0,1,1,126.19,HEAVY_DELAY,MEDIUM
j_hist_001611,23.13,23,39.6,7,0,1,0,59.54,MODERATE_DELAY,LOW
j_hist_001612,19.12,19,16.5,6,0,1,1,117.87,HEAVY_DELAY,LOW
j_hist_001613,12.03,18,38.1,5,1,1,1,45.8,MODERATE_DELAY,LOW
j_hist_001614,12.32,12,36.2,13,0,2,0,36.88,MODERATE_DELAY,MEDIUM
j_hist_001615,23.76,32,22.8,17,1,1,1,123.41,HEAVY_DELAY,HIGH
j_hist_001616,34.8,36,23.9,20,1,2,1,180.0,HEAVY_DELAY,LOW
j_hist_001617,23.5,21,15.3,14,0,1,1,154.6,HEAVY_DELAY,MEDIUM
j_hist_001618,19.96,28,14.4,9,1,1,0,119.01,HEAVY_DELAY,HIGH
j_hist_001619,25.84,24,27.4,18,0,0,2,113.31,HEAVY_DELAY,HIGH
j_hist_001620,16.82,21,16.7,19,0,0,2,113.29,HEAVY_DELAY,HIGH
j_hist_001621,3.04,4,19.4,7,0,0,0,12.52,ON_TIME,LOW
j_hist_001622,20.12,18,37.7,13,0,0,0,44.12,ON_TIME,MEDIUM
j_hist_001623,33.56,29,30.0,5,0,0,2,132.24,HEAVY_DELAY,LOW
j_hist_001624,6.96,8,31.7,5,0,1,1,26.55,MODERATE_DELAY,LOW
j_hist_001625,24.46,22,19.2,10,0,0,0,94.09,ON_TIME,HIGH
j_hist_001626,7.83,11,37.2,15,0,0,0,20.3,ON_TIME,MEDIUM
j_hist_001627,19.22,22,38.3,22,0,0,0,46.32,ON_TIME,LOW
j_hist_001628,4.29,6,28.7,18,0,0,2,19.48,SLIGHT_DELAY,HIGH
j_hist_001629,16.31,19,39.6,20,1,0,0,38.77,ON_TIME,LOW
j_hist_001630,26.71,38,37.7,5,0,0,1,88.55,HEAVY_DELAY,LOW
j_hist_001631,12.82,19,34.5,14,1,0,1,44.87,MODERATE_DELAY,MEDIUM
j_hist_001632,23.61,31,34.6,14,1,0,0,61.31,ON_TIME,MEDIUM
j_hist_001633,28.05,39,17.0,17,0,0,0,127.61,ON_TIME,HIGH
j_hist_001634,32.52,34,21.6,5,1,0,1,145.06,HEAVY_DELAY,LOW
j_hist_001635,8.98,11,15.9,7,0,0,0,43.2,ON_TIME,LOW
j_hist_001636,14.58,19,14.2,18,0,0,1,92.26,HEAVY_DELAY,HIGH
j_hist_001637,6.18,9,18.4,20,0,0,0,24.84,ON_TIME,LOW
j_hist_001638,34.74,39,38.7,10,0,0,1,103.05,HEAVY_DELAY,HIGH
j_hist_001639,32.52,35,20.7,5,1,0,1,149.82,HEAVY_DELAY,LOW
j_hist_001640,19.36,28,41.2,9,1,1,0,53.21,SLIGHT_DELAY,HIGH
j_hist_001641,29.63,40,30.7,12,0,2,2,171.29,HEAVY_DELAY,MEDIUM
j_hist_001642,18.71,21,20.6,16,0,1,1,102.21,HEAVY_DELAY,MEDIUM
j_hist_001643,22.2,29,27.9,5,0,1,0,78.69,MODERATE_DELAY,LOW
j_hist_001644,4.03,5,20.1,17,0,0,2,23.33,MODERATE_DELAY,HIGH
j_hist_001645,26.68,24,41.6,13,0,0,0,56.91,ON_TIME,MEDIUM
j_hist_001646,5.34,7,37.7,12,0,0,0,13.45,ON_TIME,MEDIUM
j_hist_001647,29.09,32,14.7,17,1,1,1,180.0,HEAVY_DELAY,HIGH
j_hist_001648,27.59,24,40.5,6,1,0,1,72.59,MODERATE_DELAY,LOW
j_hist_001649,25.1,34,34.2,19,1,0,1,86.8,HEAVY_DELAY,HIGH
j_hist_001650,2.23,4,16.3,18,0,0,1,14.95,SLIGHT_DELAY,HIGH
j_hist_001651,11.31,14,32.8,13,0,0,0,31.13,ON_TIME,MEDIUM
j_hist_001652,9.95,10,32.1,18,0,0,2,40.36,MODERATE_DELAY,HIGH
j_hist_001653,13.24,13,20.1,12,0,1,0,56.27,MODERATE_DELAY,MEDIUM
j_hist_001654,3.98,7,35.2,9,0,1,1,16.97,SLIGHT_DELAY,HIGH
j_hist_001655,32.86,40,16.4,11,0,0,0,151.66,ON_TIME,MEDIUM
j_hist_001656,19.83,29,27.7,8,1,0,2,95.62,HEAVY_DELAY,HIGH
j_hist_001657,11.39,17,14.3,12,1,0,0,61.61,ON_TIME,MEDIUM
j_hist_001658,14.5,16,41.1,8,0,0,0,33.44,ON_TIME,HIGH
j_hist_001659,16.2,17,35.0,5,1,1,0,45.59,SLIGHT_DELAY,LOW
j_hist_001660,21.42,30,18.4,12,1,0,0,90.45,ON_TIME,MEDIUM
j_hist_001661,18.53,27,23.6,11,0,0,0,67.35,ON_TIME,MEDIUM
j_hist_001662,32.26,39,18.5,15,0,0,0,134.05,ON_TIME,MEDIUM
j_hist_001663,17.9,24,35.5,20,0,0,1,62.35,MODERATE_DELAY,LOW
j_hist_001664,34.73,46,15.6,21,0,1,0,180.0,MODERATE_DELAY,LOW
j_hist_001665,29.95,32,37.5,9,0,1,1,100.87,HEAVY_DELAY,HIGH
j_hist_001666,8.09,11,40.4,11,0,0,0,20.57,ON_TIME,MEDIUM
j_hist_001667,32.64,44,32.9,14,1,1,0,108.13,HEAVY_DELAY,MEDIUM
j_hist_001668,4.96,8,20.0,17,1,0,1,26.2,SLIGHT_DELAY,HIGH
j_hist_001669,28.79,25,24.1,19,0,2,2,176.87,HEAVY_DELAY,HIGH
j_hist_001670,13.94,15,27.4,10,0,1,2,69.23,HEAVY_DELAY,HIGH
j_hist_001671,30.85,29,30.9,6,0,2,2,160.52,HEAVY_DELAY,LOW
j_hist_001672,30.51,30,32.7,8,0,1,0,88.91,MODERATE_DELAY,HIGH
j_hist_001673,28.4,40,29.5,18,0,1,0,98.93,MODERATE_DELAY,HIGH
j_hist_001674,27.86,24,23.8,19,1,0,2,131.17,HEAVY_DELAY,HIGH
j_hist_001675,11.36,12,38.9,18,0,0,0,26.58,ON_TIME,HIGH
j_hist_001676,3.75,5,16.3,8,0,0,0,16.38,ON_TIME,HIGH
j_hist_001677,14.7,19,27.1,10,0,0,1,59.48,MODERATE_DELAY,HIGH
j_hist_001678,6.9,9,35.7,11,1,0,2,25.47,MODERATE_DELAY,MEDIUM
j_hist_001679,24.63,24,15.7,17,1,2,0,145.82,HEAVY_DELAY,HIGH
j_hist_001680,12.77,13,33.7,21,0,0,1,39.14,SLIGHT_DELAY,LOW
j_hist_001681,34.17,34,37.0,21,0,0,1,100.71,HEAVY_DELAY,LOW
j_hist_001682,22.79,27,32.5,8,0,0,1,79.73,HEAVY_DELAY,HIGH
j_hist_001683,28.96,29,14.4,17,1,0,1,178.76,HEAVY_DELAY,HIGH
j_hist_001684,5.51,9,19.0,13,0,0,0,24.17,ON_TIME,MEDIUM
j_hist_001685,30.31,34,23.6,6,1,0,0,101.03,ON_TIME,LOW
j_hist_001686,32.37,29,20.5,22,0,0,1,144.86,HEAVY_DELAY,LOW
j_hist_001687,17.56,23,41.0,21,1,1,0,48.39,SLIGHT_DELAY,LOW
j_hist_001688,21.61,23,32.2,11,0,1,1,79.4,HEAVY_DELAY,MEDIUM
j_hist_001689,27.0,34,22.3,21,1,2,1,159.82,HEAVY_DELAY,LOW
j_hist_001690,6.94,8,40.0,14,0,0,1,18.51,SLIGHT_DELAY,MEDIUM
j_hist_001691,18.09,22,34.7,18,0,0,0,47.14,ON_TIME,HIGH
j_hist_001692,14.55,20,22.0,16,1,1,2,94.62,HEAVY_DELAY,MEDIUM
j_hist_001693,5.98,10,24.6,16,0,0,1,26.44,SLIGHT_DELAY,MEDIUM
j_hist_001694,13.5,14,19.6,21,1,1,1,72.78,HEAVY_DELAY,LOW
j_hist_001695,3.32,5,41.2,18,0,2,0,11.83,SLIGHT_DELAY,HIGH
j_hist_001696,1.88,4,28.5,21,1,2,1,8.92,ON_TIME,LOW
j_hist_001697,5.6,9,39.1,19,0,2,0,18.53,SLIGHT_DELAY,HIGH
j_hist_001698,33.75,47,23.7,10,0,0,1,150.76,HEAVY_DELAY,HIGH
j_hist_001699,19.68,18,38.1,10,1,0,0,44.13,ON_TIME,HIGH
j_hist_001700,33.84,31,15.5,10,0,0,1,180.0,HEAVY_DELAY,HIGH
j_hist_001701,15.7,19,41.5,8,1,1,1,55.07,HEAVY_DELAY,HIGH
j_hist_001702,11.6,12,39.5,5,1,0,0,27.28,ON_TIME,LOW
j_hist_001703,18.21,20,24.2,15,0,1,2,104.83,HEAVY_DELAY,MEDIUM
j_hist_001704,15.94,16,35.7,11,0,0,1,47.31,MODERATE_DELAY,MEDIUM
j_hist_001705,4.59,7,35.1,6,1,1,0,17.27,SLIGHT_DELAY,LOW
j_hist_001706,22.79,33,39.2,8,1,0,1,73.41,MODERATE_DELAY,HIGH
j_hist_001707,8.35,13,22.6,10,0,0,1,40.24,MODERATE_DELAY,HIGH
j_hist_001708,22.07,24,27.0,9,0,2,0,87.36,HEAVY_DELAY,HIGH
j_hist_001709,23.11,28,38.2,13,0,0,1,70.5,MODERATE_DELAY,MEDIUM
j_hist_001710,6.17,10,35.8,15,0,0,0,15.89,ON_TIME,MEDIUM
j_hist_001711,3.09,4,25.0,22,0,1,0,11.47,ON_TIME,LOW
j_hist_001712,27.55,35,37.7,21,0,0,2,104.26,HEAVY_DELAY,LOW
j_hist_001713,16.63,19,15.3,17,1,0,0,77.35,ON_TIME,HIGH
j_hist_001714,2.98,4,35.9,21,0,1,2,12.62,SLIGHT_DELAY,LOW
j_hist_001715,34.83,38,19.8,14,0,1,1,180.0,HEAVY_DELAY,MEDIUM
j_hist_001716,2.96,4,22.0,22,0,0,2,15.29,SLIGHT_DELAY,LOW
j_hist_001717,24.63,31,27.8,21,1,1,0,88.69,MODERATE_DELAY,LOW
j_hist_001718,34.45,34,26.6,16,0,0,0,103.73,ON_TIME,MEDIUM
j_hist_001719,9.13,11,28.6,19,0,0,0,27.76,ON_TIME,HIGH
j_hist_001720,5.84,7,29.3,19,0,0,2,28.86,MODERATE_DELAY,HIGH
j_hist_001721,5.13,8,23.3,17,0,0,0,17.99,ON_TIME,HIGH
j_hist_001722,11.31,14,18.9,11,0,0,1,58.42,MODERATE_DELAY,MEDIUM
j_hist_001723,4.44,7,35.5,15,1,2,1,20.48,MODERATE_DELAY,MEDIUM
j_hist_001724,24.53,30,25.2,12,0,0,0,80.73,ON_TIME,MEDIUM
j_hist_001725,3.12,5,28.2,20,1,2,0,9.37,ON_TIME,LOW
j_hist_001726,18.32,18,32.1,15,0,0,0,46.6,ON_TIME,MEDIUM
j_hist_001727,34.89,45,39.5,9,0,0,1,107.55,HEAVY_DELAY,HIGH
j_hist_001728,28.67,27,33.8,11,0,0,1,88.71,HEAVY_DELAY,MEDIUM
j_hist_001729,21.92,20,15.3,20,1,0,0,98.78,ON_TIME,LOW
j_hist_001730,11.41,15,37.5,20,0,1,0,33.48,SLIGHT_DELAY,LOW
j_hist_001731,22.21,22,41.7,21,1,1,0,54.22,SLIGHT_DELAY,LOW
j_hist_001732,18.92,20,27.2,19,0,0,0,55.0,ON_TIME,HIGH
j_hist_001733,15.49,18,41.1,19,1,0,0,33.1,ON_TIME,HIGH
j_hist_001734,5.44,7,29.3,19,1,0,0,13.95,ON_TIME,HIGH
j_hist_001735,31.14,40,26.9,7,0,0,1,123.59,HEAVY_DELAY,LOW
j_hist_001736,16.29,21,23.3,16,1,0,1,73.34,HEAVY_DELAY,MEDIUM
j_hist_001737,7.62,11,32.4,10,0,2,1,35.94,MODERATE_DELAY,HIGH
j_hist_001738,13.5,18,20.4,9,0,0,1,66.2,MODERATE_DELAY,HIGH
j_hist_001739,15.08,16,16.9,15,0,0,1,82.22,HEAVY_DELAY,MEDIUM
j_hist_001740,29.14,30,14.8,16,0,0,0,139.36,ON_TIME,MEDIUM
j_hist_001741,25.94,29,22.2,11,0,0,1,112.93,HEAVY_DELAY,MEDIUM
j_hist_001742,27.16,28,25.1,13,0,1,2,148.63,HEAVY_DELAY,MEDIUM
j_hist_001743,1.38,3,29.5,22,0,1,0,5.3,ON_TIME,LOW
j_hist_001744,15.15,21,22.2,18,0,0,2,85.81,HEAVY_DELAY,HIGH
j_hist_001745,17.37,17,41.6,8,0,2,1,60.2,HEAVY_DELAY,HIGH
j_hist_001746,1.65,3,22.2,12,0,0,1,9.52,SLIGHT_DELAY,MEDIUM
j_hist_001747,9.83,10,26.3,20,1,0,1,35.73,SLIGHT_DELAY,LOW
j_hist_001748,26.85,27,16.9,8,1,2,0,150.32,HEAVY_DELAY,HIGH
j_hist_001749,5.66,6,21.3,10,1,0,2,31.4,MODERATE_DELAY,HIGH
j_hist_001750,19.2,23,15.4,19,0,0,2,136.9,HEAVY_DELAY,HIGH
j_hist_001751,8.32,12,29.7,16,0,0,2,36.47,MODERATE_DELAY,MEDIUM
j_hist_001752,1.41,3,35.0,16,0,0,0,5.0,ON_TIME,MEDIUM
j_hist_001753,9.2,10,19.5,6,0,0,1,44.36,MODERATE_DELAY,LOW
j_hist_001754,34.18,37,24.3,13,1,1,1,160.54,HEAVY_DELAY,MEDIUM
j_hist_001755,28.25,33,14.5,7,1,1,1,180.0,HEAVY_DELAY,LOW
j_hist_001756,33.63,45,37.5,5,0,1,0,99.2,MODERATE_DELAY,LOW
j_hist_001757,17.59,24,35.8,18,0,0,2,72.56,HEAVY_DELAY,HIGH
j_hist_001758,4.73,8,15.8,17,1,0,0,25.23,ON_TIME,HIGH
j_hist_001759,19.63,23,24.2,9,1,0,1,81.9,HEAVY_DELAY,HIGH
j_hist_001760,16.45,22,40.7,11,0,2,1,63.36,HEAVY_DELAY,MEDIUM
j_hist_001761,29.71,27,25.0,18,0,1,1,130.26,HEAVY_DELAY,HIGH
j_hist_001762,4.33,6,28.7,20,0,0,0,14.56,ON_TIME,LOW
j_hist_001763,17.6,18,23.9,22,0,1,1,82.32,HEAVY_DELAY,LOW
j_hist_001764,6.1,8,30.7,18,1,0,1,23.91,SLIGHT_DELAY,HIGH
j_hist_001765,12.04,16,41.4,5,0,0,1,36.51,MODERATE_DELAY,LOW
j_hist_001766,26.07,26,41.9,10,0,0,0,54.91,ON_TIME,HIGH
j_hist_001767,17.18,16,35.7,14,0,1,1,58.79,HEAVY_DELAY,MEDIUM
j_hist_001768,13.78,13,25.3,10,0,0,2,66.28,HEAVY_DELAY,HIGH
j_hist_001769,14.41,13,27.8,6,0,2,2,78.46,HEAVY_DELAY,LOW
j_hist_001770,16.62,15,24.0,11,0,0,0,54.9,SLIGHT_DELAY,MEDIUM
j_hist_001771,27.69,25,41.6,21,0,0,1,77.08,HEAVY_DELAY,LOW
j_hist_001772,31.33,31,33.8,18,1,0,0,77.47,ON_TIME,HIGH
j_hist_001773,33.48,33,26.6,11,0,0,2,147.96,HEAVY_DELAY,MEDIUM
j_hist_001774,27.75,40,14.3,13,0,0,0,144.5,ON_TIME,MEDIUM
j_hist_001775,11.72,13,28.6,15,0,0,0,32.75,ON_TIME,MEDIUM
j_hist_001776,24.4,23,41.5,7,0,0,0,51.42,ON_TIME,LOW
j_hist_001777,15.88,19,28.6,8,0,0,0,47.59,ON_TIME,HIGH
j_hist_001778,9.66,14,19.1,9,0,0,1,47.99,MODERATE_DELAY,HIGH
j_hist_001779,29.59,37,14.6,8,0,0,1,180.0,HEAVY_DELAY,HIGH
j_hist_001780,2.31,4,23.9,17,0,0,0,9.44,ON_TIME,HIGH
j_hist_001781,31.66,37,39.7,13,0,2,1,122.78,HEAVY_DELAY,MEDIUM
j_hist_001782,16.69,22,41.9,18,1,1,2,70.62,HEAVY_DELAY,HIGH
j_hist_001783,22.66,30,40.5,20,0,0,0,56.73,ON_TIME,LOW
j_hist_001784,23.42,30,34.4,10,0,2,0,84.48,HEAVY_DELAY,HIGH
j_hist_001785,31.43,43,29.6,14,1,1,0,108.94,MODERATE_DELAY,MEDIUM
j_hist_001786,22.65,31,30.5,17,1,0,0,71.26,SLIGHT_DELAY,HIGH
j_hist_001787,21.87,27,29.1,7,0,0,0,64.03,ON_TIME,LOW
j_hist_001788,3.27,5,33.8,15,0,2,0,10.81,ON_TIME,MEDIUM
j_hist_001789,18.63,24,25.7,7,0,0,0,61.17,ON_TIME,LOW
j_hist_001790,6.11,9,32.7,11,0,0,0,18.09,ON_TIME,MEDIUM
j_hist_001791,26.07,22,17.4,14,1,0,1,133.31,HEAVY_DELAY,MEDIUM
j_hist_001792,18.42,27,21.4,5,0,0,0,73.65,ON_TIME,LOW
j_hist_001793,24.13,23,37.4,8,0,0,0,59.04,SLIGHT_DELAY,HIGH
j_hist_001794,2.42,4,39.3,12,0,0,0,7.08,ON_TIME,MEDIUM
j_hist_001795,3.88,7,29.1,21,0,0,0,15.91,SLIGHT_DELAY,LOW
j_hist_001796,25.35,25,14.9,9,0,0,1,152.83,HEAVY_DELAY,HIGH
j_hist_001797,3.45,5,40.0,21,1,0,1,8.13,ON_TIME,LOW
j_hist_001798,3.42,5,33.7,13,1,1,0,12.2,SLIGHT_DELAY,MEDIUM
j_hist_001799,1.41,3,25.6,12,0,2,0,5.0,ON_TIME,MEDIUM
j_hist_001800,33.52,32,30.8,11,0,0,0,90.97,ON_TIME,MEDIUM
j_hist_001801,26.08,28,26.0,9,0,1,1,117.41,HEAVY_DELAY,HIGH
j_hist_001802,13.01,15,27.0,8,0,0,0,41.54,ON_TIME,HIGH
j_hist_001803,11.08,17,38.8,7,0,1,0,32.22,SLIGHT_DELAY,LOW
j_hist_001804,12.89,20,18.5,12,0,0,1,71.8,HEAVY_DELAY,MEDIUM
j_hist_001805,27.34,25,16.9,9,0,2,0,150.91,HEAVY_DELAY,HIGH
j_hist_001806,23.49,31,14.1,9,0,1,0,140.89,HEAVY_DELAY,HIGH
j_hist_001807,7.3,8,22.8,21,0,1,1,36.65,MODERATE_DELAY,LOW
j_hist_001808,6.92,7,18.1,19,1,0,1,33.9,SLIGHT_DELAY,HIGH
j_hist_001809,4.35,5,20.2,12,1,1,1,23.08,SLIGHT_DELAY,MEDIUM
j_hist_001810,23.45,34,14.3,11,0,0,1,156.12,HEAVY_DELAY,MEDIUM
j_hist_001811,26.99,38,20.4,21,0,0,0,107.79,ON_TIME,LOW
j_hist_001812,10.01,11,23.3,16,1,1,0,39.49,SLIGHT_DELAY,MEDIUM
j_hist_001813,1.71,3,14.9,8,1,1,0,10.58,ON_TIME,HIGH
j_hist_001814,3.79,5,31.0,22,0,0,1,14.39,SLIGHT_DELAY,LOW
j_hist_001815,33.91,39,29.9,8,0,0,1,121.61,HEAVY_DELAY,HIGH
j_hist_001816,11.05,14,16.7,14,0,1,0,54.43,SLIGHT_DELAY,MEDIUM
j_hist_001817,27.15,27,30.7,7,1,1,1,104.14,HEAVY_DELAY,LOW
j_hist_001818,22.24,29,42.0,9,1,0,0,52.61,ON_TIME,HIGH
j_hist_001819,13.99,15,40.4,16,0,1,0,33.93,ON_TIME,MEDIUM
j_hist_001820,7.99,12,14.1,9,1,2,1,70.05,HEAVY_DELAY,HIGH
j_hist_001821,5.13,8,36.3,9,0,0,2,20.42,SLIGHT_DELAY,HIGH
j_hist_001822,21.91,25,23.9,8,0,0,2,109.1,HEAVY_DELAY,HIGH
j_hist_001823,27.34,36,15.8,10,0,2,1,180.0,HEAVY_DELAY,HIGH
j_hist_001824,22.89,31,22.3,14,0,0,1,105.39,HEAVY_DELAY,MEDIUM
j_hist_001825,19.03,20,23.0,10,1,0,0,64.93,ON_TIME,HIGH
j_hist_001826,2.43,4,28.7,5,1,0,1,10.14,SLIGHT_DELAY,LOW
j_hist_001827,33.93,48,32.5,20,1,2,0,129.04,HEAVY_DELAY,LOW
j_hist_001828,28.16,27,35.0,15,0,2,0,88.39,HEAVY_DELAY,MEDIUM
j_hist_001829,10.96,11,20.9,10,1,1,1,58.46,HEAVY_DELAY,HIGH
j_hist_001830,34.32,38,23.0,22,0,0,1,148.42,HEAVY_DELAY,LOW
j_hist_001831,21.46,29,22.6,10,0,0,0,78.22,ON_TIME,HIGH
j_hist_001832,20.8,28,24.2,21,0,0,1,90.35,HEAVY_DELAY,LOW
j_hist_001833,26.43,37,42.0,16,0,0,1,84.73,HEAVY_DELAY,MEDIUM
j_hist_001834,28.6,34,35.8,21,1,1,0,83.69,MODERATE_DELAY,LOW
j_hist_001835,23.32,22,41.3,22,0,0,1,65.52,HEAVY_DELAY,LOW
j_hist_001836,5.36,8,33.4,14,0,0,0,16.65,ON_TIME,MEDIUM
j_hist_001837,12.5,17,25.4,16,1,0,0,40.93,ON_TIME,MEDIUM
j_hist_001838,32.55,29,24.9,8,0,1,0,115.09,MODERATE_DELAY,HIGH
j_hist_001839,8.64,9,27.7,14,0,0,0,24.66,ON_TIME,MEDIUM
j_hist_001840,13.65,13,25.7,9,0,0,0,40.45,ON_TIME,HIGH
j_hist_001841,15.69,20,37.2,8,0,0,1,50.27,MODERATE_DELAY,HIGH
j_hist_001842,15.94,23,27.0,20,0,0,2,77.76,HEAVY_DELAY,LOW
j_hist_001843,21.84,28,22.3,9,1,0,0,78.52,ON_TIME,HIGH
j_hist_001844,33.06,47,35.7,10,1,0,1,113.58,HEAVY_DELAY,HIGH
j_hist_001845,9.18,9,37.9,11,0,1,0,25.94,SLIGHT_DELAY,MEDIUM
j_hist_001846,5.13,8,25.8,14,0,0,0,17.33,ON_TIME,MEDIUM
j_hist_001847,7.71,11,32.7,11,1,0,1,28.24,SLIGHT_DELAY,MEDIUM
j_hist_001848,31.16,32,15.6,18,0,2,1,180.0,HEAVY_DELAY,HIGH
j_hist_001849,22.96,33,28.8,14,1,0,0,71.15,ON_TIME,MEDIUM
j_hist_001850,10.72,12,15.3,15,1,0,0,53.13,ON_TIME,MEDIUM
j_hist_001851,28.74,40,14.8,18,1,0,0,145.76,ON_TIME,HIGH
j_hist_001852,30.29,42,31.2,16,1,0,0,88.72,ON_TIME,MEDIUM
j_hist_001853,29.78,39,22.5,8,1,0,1,137.7,HEAVY_DELAY,HIGH
j_hist_001854,32.24,38,34.8,17,0,0,2,126.64,HEAVY_DELAY,HIGH
j_hist_001855,9.58,10,39.1,7,0,0,1,29.07,SLIGHT_DELAY,LOW
j_hist_001856,26.67,31,17.9,17,1,0,1,139.31,HEAVY_DELAY,HIGH
j_hist_001857,16.66,18,34.3,19,0,1,0,51.87,MODERATE_DELAY,HIGH
j_hist_001858,29.63,39,28.4,8,0,0,0,89.89,ON_TIME,HIGH
j_hist_001859,25.77,34,17.1,10,1,1,1,167.52,HEAVY_DELAY,HIGH
j_hist_001860,27.4,38,32.2,19,0,0,2,120.19,HEAVY_DELAY,HIGH
j_hist_001861,23.31,20,31.1,8,0,0,0,59.76,ON_TIME,HIGH
j_hist_001862,7.03,11,28.4,10,0,1,0,27.82,SLIGHT_DELAY,HIGH
j_hist_001863,19.53,28,39.9,6,0,1,1,70.15,HEAVY_DELAY,LOW
j_hist_001864,34.48,45,28.6,8,1,2,2,180.0,HEAVY_DELAY,HIGH
j_hist_001865,32.87,30,41.7,22,1,0,1,88.46,HEAVY_DELAY,LOW
j_hist_001866,2.47,4,28.3,19,1,0,0,9.84,ON_TIME,HIGH
j_hist_001867,6.6,7,17.2,16,0,0,0,29.49,ON_TIME,MEDIUM
j_hist_001868,5.48,8,27.2,12,0,2,2,32.01,MODERATE_DELAY,MEDIUM
j_hist_001869,25.68,32,19.1,16,0,0,1,132.02,HEAVY_DELAY,MEDIUM
j_hist_001870,28.8,42,30.7,13,0,2,0,114.44,HEAVY_DELAY,MEDIUM
j_hist_001871,8.26,10,33.4,11,1,0,1,29.94,MODERATE_DELAY,MEDIUM
j_hist_001872,18.2,20,27.1,12,0,2,1,89.72,HEAVY_DELAY,MEDIUM
j_hist_001873,29.58,36,16.7,14,0,0,1,163.48,HEAVY_DELAY,MEDIUM
j_hist_001874,25.92,35,27.1,15,0,0,2,125.31,HEAVY_DELAY,MEDIUM
j_hist_001875,19.44,28,16.3,6,0,0,0,90.39,ON_TIME,LOW
j_hist_001876,21.07,29,33.1,8,1,0,2,90.2,HEAVY_DELAY,HIGH
j_hist_001877,18.28,21,36.1,13,0,2,2,88.35,HEAVY_DELAY,MEDIUM
j_hist_001878,11.12,15,40.9,12,0,0,0,29.54,SLIGHT_DELAY,MEDIUM
j_hist_001879,20.21,28,18.2,9,0,0,0,87.9,ON_TIME,HIGH
j_hist_001880,24.42,28,28.9,18,0,0,0,68.6,ON_TIME,HIGH
j_hist_001881,30.69,30,29.9,6,0,0,0,86.14,SLIGHT_DELAY,LOW
j_hist_001882,22.63,22,39.8,21,1,1,1,76.25,HEAVY_DELAY,LOW
j_hist_001883,26.88,23,31.6,12,1,0,1,84.3,HEAVY_DELAY,MEDIUM
j_hist_001884,6.44,9,18.1,6,0,0,1,33.23,SLIGHT_DELAY,LOW
j_hist_001885,16.69,16,26.2,19,0,0,2,73.46,HEAVY_DELAY,HIGH
j_hist_001886,1.32,3,32.3,6,1,0,2,5.0,ON_TIME,LOW
j_hist_001887,9.39,11,33.6,15,1,2,0,33.22,MODERATE_DELAY,MEDIUM
j_hist_001888,25.7,31,38.2,18,0,0,0,62.59,ON_TIME,HIGH
j_hist_001889,34.72,38,19.1,14,0,0,1,171.14,HEAVY_DELAY,MEDIUM
j_hist_001890,4.37,7,40.6,11,0,1,0,12.94,ON_TIME,MEDIUM
j_hist_001891,14.65,14,15.7,18,0,0,1,85.28,HEAVY_DELAY,HIGH
j_hist_001892,28.2,26,41.5,17,1,0,2,89.81,HEAVY_DELAY,HIGH
j_hist_001893,7.94,10,38.0,6,0,1,0,22.24,SLIGHT_DELAY,LOW
j_hist_001894,19.87,21,32.5,14,0,0,1,64.0,MODERATE_DELAY,MEDIUM
j_hist_001895,25.92,27,34.6,5,0,0,1,82.21,HEAVY_DELAY,LOW
j_hist_001896,21.94,20,16.0,5,1,0,0,95.59,ON_TIME,LOW
j_hist_001897,7.39,11,15.2,7,0,0,0,36.73,ON_TIME,LOW
j_hist_001898,13.08,17,16.8,15,1,0,0,60.93,ON_TIME,MEDIUM
j_hist_001899,27.65,26,16.4,13,0,0,0,118.25,ON_TIME,MEDIUM
j_hist_001900,19.84,18,29.3,17,0,0,0,51.45,ON_TIME,HIGH
j_hist_001901,1.18,3,20.0,8,0,1,1,7.38,ON_TIME,HIGH
j_hist_001902,26.87,34,38.1,10,0,0,0,67.62,ON_TIME,HIGH
j_hist_001903,2.2,4,26.5,6,0,0,0,8.55,ON_TIME,LOW
j_hist_001904,26.35,34,33.5,13,0,0,0,72.53,ON_TIME,MEDIUM
j_hist_001905,7.88,11,32.3,22,0,0,0,22.94,ON_TIME,LOW
j_hist_001906,33.57,44,23.0,8,0,2,0,159.38,HEAVY_DELAY,HIGH
j_hist_001907,13.51,16,20.8,5,1,1,1,73.94,HEAVY_DELAY,LOW
j_hist_001908,12.12,14,23.6,5,0,0,2,61.38,HEAVY_DELAY,LOW
j_hist_001909,6.06,6,36.3,21,0,0,0,14.39,ON_TIME,LOW
j_hist_001910,11.39,17,30.4,7,0,1,0,40.11,SLIGHT_DELAY,LOW
j_hist_001911,30.81,37,21.1,21,0,2,0,151.13,HEAVY_DELAY,LOW
j_hist_001912,34.88,34,36.9,7,1,0,0,84.24,SLIGHT_DELAY,LOW
j_hist_001913,13.52,20,15.5,8,0,0,0,67.01,ON_TIME,HIGH
j_hist_001914,16.25,23,33.6,17,0,0,0,44.39,ON_TIME,HIGH
j_hist_001915,25.55,37,26.3,19,0,0,0,87.8,ON_TIME,HIGH
j_hist_001916,31.13,43,34.5,16,0,0,1,106.69,HEAVY_DELAY,MEDIUM
j_hist_001917,21.16,31,40.0,7,0,1,1,79.23,HEAVY_DELAY,LOW
j_hist_001918,14.31,15,35.0,12,0,0,2,49.67,MODERATE_DELAY,MEDIUM
j_hist_001919,15.03,21,26.4,5,0,0,0,48.89,ON_TIME,LOW
j_hist_001920,24.65,33,18.2,22,1,2,2,180.0,HEAVY_DELAY,LOW
j_hist_001921,1.11,3,36.6,17,0,0,1,6.03,ON_TIME,HIGH
j_hist_001922,22.07,20,26.9,11,1,0,1,78.74,MODERATE_DELAY,MEDIUM
j_hist_001923,13.09,20,16.1,17,0,0,1,80.21,HEAVY_DELAY,HIGH
j_hist_001924,28.0,29,34.1,21,0,0,1,84.98,MODERATE_DELAY,LOW
j_hist_001925,4.16,7,22.2,17,1,1,1,22.02,SLIGHT_DELAY,HIGH
j_hist_001926,21.0,18,15.4,17,0,0,0,94.12,ON_TIME,HIGH
j_hist_001927,17.35,16,39.3,15,0,0,0,39.93,ON_TIME,MEDIUM
j_hist_001928,22.84,26,27.5,18,0,0,1,86.11,HEAVY_DELAY,HIGH
j_hist_001929,3.21,5,21.9,14,0,1,0,15.07,SLIGHT_DELAY,MEDIUM
j_hist_001930,20.72,27,34.1,12,0,0,0,57.78,ON_TIME,MEDIUM
j_hist_001931,20.09,24,38.8,10,0,2,0,63.74,MODERATE_DELAY,HIGH
j_hist_001932,20.06,18,14.0,16,1,1,2,173.42,HEAVY_DELAY,MEDIUM
j_hist_001933,21.52,21,33.3,11,1,0,2,80.55,HEAVY_DELAY,MEDIUM
j_hist_001934,24.0,26,35.5,22,0,0,0,60.37,ON_TIME,LOW
j_hist_001935,28.37,27,19.9,22,0,0,0,102.73,ON_TIME,LOW
j_hist_001936,10.17,14,27.7,7,1,1,2,57.07,HEAVY_DELAY,LOW
j_hist_001937,29.05,32,16.5,13,0,0,0,130.48,ON_TIME,MEDIUM
j_hist_001938,17.94,17,34.9,10,0,0,0,42.94,ON_TIME,HIGH
j_hist_001939,3.62,5,37.7,5,0,0,0,8.58,ON_TIME,LOW
j_hist_001940,2.99,4,17.0,14,0,1,1,21.06,MODERATE_DELAY,MEDIUM
j_hist_001941,12.36,12,36.9,12,1,0,0,28.27,ON_TIME,MEDIUM
j_hist_001942,27.69,28,35.6,21,1,0,0,69.09,ON_TIME,LOW
j_hist_001943,25.06,34,23.7,7,1,1,0,101.46,MODERATE_DELAY,LOW
j_hist_001944,27.81,39,33.3,7,1,0,1,99.82,HEAVY_DELAY,LOW
j_hist_001945,18.59,26,14.0,7,0,0,0,97.2,ON_TIME,LOW
j_hist_001946,15.97,17,40.1,11,0,0,2,54.1,HEAVY_DELAY,MEDIUM
j_hist_001947,6.01,7,29.4,15,0,2,0,22.93,SLIGHT_DELAY,MEDIUM
j_hist_001948,12.16,15,31.4,22,0,1,1,52.52,HEAVY_DELAY,LOW
j_hist_001949,15.76,21,32.6,9,0,0,0,46.55,ON_TIME,HIGH
j_hist_001950,4.01,7,29.7,6,0,0,0,12.82,ON_TIME,LOW
j_hist_001951,8.5,9,38.0,18,1,0,1,27.16,SLIGHT_DELAY,HIGH
j_hist_001952,21.34,19,31.1,5,0,1,0,63.44,MODERATE_DELAY,LOW
j_hist_001953,26.01,33,39.4,8,0,0,1,81.5,HEAVY_DELAY,HIGH
j_hist_001954,34.94,47,30.3,18,0,2,0,135.44,HEAVY_DELAY,HIGH
j_hist_001955,32.73,44,18.8,19,1,0,1,170.69,HEAVY_DELAY,HIGH
j_hist_001956,22.85,29,39.6,21,0,0,0,55.62,ON_TIME,LOW
j_hist_001957,15.32,23,33.1,7,1,0,2,64.8,HEAVY_DELAY,LOW
j_hist_001958,22.63,27,33.6,8,1,0,1,75.08,MODERATE_DELAY,HIGH
j_hist_001959,27.71,39,41.6,22,0,0,1,84.74,HEAVY_DELAY,LOW
j_hist_001960,5.02,8,16.1,5,1,1,1,36.0,MODERATE_DELAY,LOW
j_hist_001961,14.94,21,26.0,9,0,0,1,63.98,MODERATE_DELAY,HIGH
j_hist_001962,29.55,31,20.7,22,0,2,0,140.95,HEAVY_DELAY,LOW
j_hist_001963,14.05,14,31.7,17,0,1,2,62.0,HEAVY_DELAY,HIGH
j_hist_001964,20.44,25,36.6,18,1,0,1,66.86,MODERATE_DELAY,HIGH
j_hist_001965,20.98,24,41.1,7,0,0,2,72.42,HEAVY_DELAY,LOW
j_hist_001966,7.27,11,26.7,10,0,1,1,37.04,MODERATE_DELAY,HIGH
j_hist_001967,13.32,13,36.0,15,0,0,0,32.37,ON_TIME,MEDIUM
j_hist_001968,12.37,13,39.7,13,0,0,0,31.26,SLIGHT_DELAY,MEDIUM
j_hist_001969,1.89,4,33.1,11,0,0,0,6.12,ON_TIME,MEDIUM
j_hist_001970,1.82,3,20.8,14,1,0,0,5.0,ON_TIME,MEDIUM
j_hist_001971,29.28,31,31.0,11,0,2,1,130.01,HEAVY_DELAY,MEDIUM
j_hist_001972,10.28,12,41.2,9,0,0,1,28.54,SLIGHT_DELAY,HIGH
j_hist_001973,18.61,23,41.7,8,0,0,0,42.59,ON_TIME,HIGH
j_hist_001974,11.16,11,32.0,21,1,0,0,31.11,ON_TIME,LOW
j_hist_001975,32.98,45,38.8,9,0,0,1,106.3,HEAVY_DELAY,HIGH
j_hist_001976,9.82,12,19.6,21,0,0,0,37.97,ON_TIME,LOW
j_hist_001977,15.61,23,20.9,21,1,2,2,121.1,HEAVY_DELAY,LOW
j_hist_001978,30.67,35,40.7,21,0,0,0,71.53,ON_TIME,LOW
j_hist_001979,29.63,30,17.8,5,0,2,2,180.0,HEAVY_DELAY,LOW
j_hist_001980,7.33,8,19.4,6,1,0,2,44.37,HEAVY_DELAY,LOW
j_hist_001981,28.29,24,25.8,13,0,0,2,126.89,HEAVY_DELAY,MEDIUM
j_hist_001982,16.58,20,30.5,19,0,0,0,47.06,ON_TIME,HIGH
j_hist_001983,17.42,17,30.9,9,0,0,0,46.91,ON_TIME,HIGH
j_hist_001984,5.54,7,22.2,17,0,0,0,18.39,ON_TIME,HIGH
j_hist_001985,3.74,6,39.8,8,0,1,2,20.36,MODERATE_DELAY,HIGH
j_hist_001986,25.75,26,39.6,17,0,0,1,74.5,HEAVY_DELAY,HIGH
j_hist_001987,17.88,18,25.0,10,0,0,0,55.66,ON_TIME,HIGH
j_hist_001988,15.85,22,26.2,16,0,1,0,59.14,SLIGHT_DELAY,MEDIUM
j_hist_001989,25.8,37,33.7,13,0,2,0,95.11,HEAVY_DELAY,MEDIUM
j_hist_001990,27.03,25,32.6,19,0,0,0,67.4,ON_TIME,HIGH
j_hist_001991,6.4,7,24.7,19,0,0,0,21.42,ON_TIME,HIGH
j_hist_001992,21.75,31,25.6,21,0,1,1,105.98,HEAVY_DELAY,LOW
j_hist_001993,5.6,6,23.7,9,1,1,0,18.78,ON_TIME,HIGH
j_hist_001994,26.55,38,20.6,9,0,0,1,131.67,HEAVY_DELAY,HIGH
j_hist_001995,23.34,20,26.8,9,1,0,0,66.09,ON_TIME,HIGH
j_hist_001996,33.52,46,33.2,18,0,0,0,96.28,ON_TIME,HIGH
j_hist_001997,3.34,5,34.8,6,0,0,1,14.93,SLIGHT_DELAY,LOW
j_hist_001998,2.94,6,35.8,13,1,1,2,16.11,SLIGHT_DELAY,MEDIUM
j_hist_001999,10.59,12,24.5,18,0,0,1,43.84,MODERATE_DELAY,HIGH
j_hist_002000,9.9,13,35.4,19,0,0,0,25.32,ON_TIME,HIGH
j_hist_002001,9.4,9,14.2,8,0,0,0,47.51,ON_TIME,HIGH
j_hist_002002,31.81,32,27.4,10,0,0,1,116.88,HEAVY_DELAY,HIGH
j_hist_002003,9.48,13,36.2,18,1,2,0,33.15,MODERATE_DELAY,HIGH
j_hist_002004,10.25,13,31.6,9,0,0,0,30.43,ON_TIME,HIGH
j_hist_002005,26.82,38,27.3,15,0,0,0,88.42,ON_TIME,MEDIUM
j_hist_002006,16.29,19,32.0,18,0,1,0,51.04,SLIGHT_DELAY,HIGH
j_hist_002007,27.41,38,39.4,11,0,1,0,81.96,MODERATE_DELAY,MEDIUM
j_hist_002008,3.22,5,29.9,18,1,0,0,12.77,SLIGHT_DELAY,HIGH
j_hist_002009,17.58,26,36.4,17,0,0,0,48.94,ON_TIME,HIGH
j_hist_002010,2.14,4,41.5,22,0,0,0,6.89,ON_TIME,LOW
j_hist_002011,3.13,5,33.8,6,1,1,0,11.6,SLIGHT_DELAY,LOW
j_hist_002012,31.82,44,30.1,13,0,0,0,94.96,ON_TIME,MEDIUM
j_hist_002013,5.73,9,15.0,15,1,0,0,30.33,ON_TIME,MEDIUM
j_hist_002014,19.1,19,24.5,15,0,0,1,76.12,HEAVY_DELAY,MEDIUM
j_hist_002015,14.98,19,29.8,10,0,2,0,59.57,HEAVY_DELAY,HIGH
j_hist_002016,12.81,12,36.3,5,0,2,1,49.22,HEAVY_DELAY,LOW
j_hist_002017,31.59,43,26.3,9,0,1,1,149.34,HEAVY_DELAY,HIGH
j_hist_002018,1.74,3,40.9,18,0,0,2,6.73,ON_TIME,HIGH
j_hist_002019,23.57,21,21.6,20,1,0,2,124.37,HEAVY_DELAY,LOW
j_hist_002020,33.76,37,34.8,13,0,2,0,116.13,HEAVY_DELAY,MEDIUM
j_hist_002021,20.05,24,25.7,12,0,0,1,81.53,HEAVY_DELAY,MEDIUM
j_hist_002022,32.85,45,27.6,12,0,0,0,104.1,ON_TIME,MEDIUM
j_hist_002023,2.78,5,36.5,20,0,0,2,10.43,SLIGHT_DELAY,LOW
j_hist_002024,15.24,18,22.3,22,1,2,0,70.15,HEAVY_DELAY,LOW
j_hist_002025,9.85,10,16.7,12,0,2,1,69.72,HEAVY_DELAY,MEDIUM
j_hist_002026,25.85,34,28.6,13,0,0,0,79.02,ON_TIME,MEDIUM
j_hist_002027,34.36,41,28.8,9,0,0,0,100.51,ON_TIME,HIGH
j_hist_002028,9.72,12,36.3,6,0,0,0,25.63,ON_TIME,LOW
j_hist_002029,23.24,24,41.1,18,0,1,1,74.12,HEAVY_DELAY,HIGH
j_hist_002030,7.74,10,15.5,22,1,0,2,55.65,HEAVY_DELAY,LOW
j_hist_002031,20.22,22,30.6,17,0,1,0,65.17,MODERATE_DELAY,HIGH
j_hist_002032,16.77,23,33.1,16,0,0,2,71.04,HEAVY_DELAY,MEDIUM
j_hist_002033,34.05,40,41.6,19,0,0,1,104.32,HEAVY_DELAY,HIGH
j_hist_002034,21.69,30,40.4,19,0,0,1,69.26,MODERATE_DELAY,HIGH
j_hist_002035,12.88,16,33.9,5,0,0,0,32.63,ON_TIME,LOW
j_hist_002036,4.88,6,28.6,11,1,0,1,19.57,SLIGHT_DELAY,MEDIUM
j_hist_002037,6.14,10,18.5,17,1,0,1,35.18,MODERATE_DELAY,HIGH
j_hist_002038,8.66,11,24.8,22,0,0,0,29.79,ON_TIME,LOW
j_hist_002039,9.53,10,30.4,5,0,1,2,47.55,HEAVY_DELAY,LOW
j_hist_002040,29.92,37,34.3,15,1,1,1,115.78,HEAVY_DELAY,MEDIUM
j_hist_002041,20.08,22,31.8,17,1,0,0,52.96,ON_TIME,HIGH
j_hist_002042,18.8,26,34.0,13,1,0,0,51.28,ON_TIME,MEDIUM
j_hist_002043,4.9,7,26.0,20,0,1,1,23.27,SLIGHT_DELAY,LOW
j_hist_002044,30.24,39,34.4,15,0,0,0,83.37,ON_TIME,MEDIUM
j_hist_002045,25.58,23,18.0,7,0,2,0,131.86,HEAVY_DELAY,LOW
j_hist_002046,3.3,5,18.6,21,0,0,0,12.74,ON_TIME,LOW
j_hist_002047,25.07,36,18.6,6,0,1,1,159.3,HEAVY_DELAY,LOW
j_hist_002048,19.48,27,38.9,13,1,0,2,75.42,HEAVY_DELAY,MEDIUM
j_hist_002049,3.78,5,16.1,13,0,1,0,19.54,ON_TIME,MEDIUM
j_hist_002050,16.58,18,36.4,20,0,0,2,57.05,HEAVY_DELAY,LOW
j_hist_002051,17.48,19,20.5,5,0,0,1,80.29,MODERATE_DELAY,LOW
j_hist_002052,6.64,9,27.1,21,0,2,2,40.6,HEAVY_DELAY,LOW
j_hist_002053,33.15,43,39.6,14,0,2,1,133.9,HEAVY_DELAY,MEDIUM
j_hist_002054,29.9,39,30.4,9,0,2,0,114.44,HEAVY_DELAY,HIGH
j_hist_002055,23.75,28,19.9,12,0,0,1,116.45,HEAVY_DELAY,MEDIUM
j_hist_002056,16.72,23,22.0,17,0,0,2,92.5,HEAVY_DELAY,HIGH
j_hist_002057,15.0,17,39.8,9,0,0,1,46.29,MODERATE_DELAY,HIGH
j_hist_002058,23.13,22,26.0,8,0,0,0,71.76,ON_TIME,HIGH
j_hist_002059,19.54,24,30.4,12,0,0,0,55.16,ON_TIME,MEDIUM
j_hist_002060,3.12,6,26.9,11,1,0,0,14.22,SLIGHT_DELAY,MEDIUM
j_hist_002061,18.43,25,24.6,9,0,0,2,93.61,HEAVY_DELAY,HIGH
j_hist_002062,28.42,34,20.3,14,0,0,1,135.7,HEAVY_DELAY,MEDIUM
j_hist_002063,16.61,21,33.2,21,1,0,0,44.4,ON_TIME,LOW
j_hist_002064,2.77,5,34.1,10,0,0,0,7.67,ON_TIME,HIGH
j_hist_002065,27.73,31,21.7,14,0,0,1,123.5,HEAVY_DELAY,MEDIUM
j_hist_002066,7.85,9,36.1,20,1,0,2,29.01,MODERATE_DELAY,LOW
j_hist_002067,9.79,15,37.9,14,1,0,0,27.83,ON_TIME,MEDIUM
j_hist_002068,6.6,10,39.8,8,0,0,2,25.74,MODERATE_DELAY,HIGH
j_hist_002069,12.23,14,18.5,6,1,0,0,54.91,SLIGHT_DELAY,LOW
j_hist_002070,26.73,30,22.5,5,0,0,1,119.31,HEAVY_DELAY,LOW
j_hist_002071,18.66,21,38.1,7,1,0,0,47.07,ON_TIME,LOW
j_hist_002072,7.97,9,19.6,17,0,0,0,29.78,ON_TIME,HIGH
j_hist_002073,30.85,44,14.1,16,0,0,1,180.0,HEAVY_DELAY,MEDIUM
j_hist_002074,30.91,34,38.4,5,0,1,0,84.17,MODERATE_DELAY,LOW
j_hist_002075,30.6,42,23.1,14,1,1,0,125.84,MODERATE_DELAY,MEDIUM
j_hist_002076,9.12,10,25.6,10,1,0,0,31.96,SLIGHT_DELAY,HIGH
j_hist_002077,16.34,20,26.5,13,1,0,0,53.63,ON_TIME,MEDIUM
j_hist_002078,34.49,30,37.8,5,0,0,1,96.36,HEAVY_DELAY,LOW
j_hist_002079,27.25,36,23.5,16,0,0,2,145.66,HEAVY_DELAY,MEDIUM
j_hist_002080,1.92,4,39.0,9,0,0,0,6.1,ON_TIME,HIGH
j_hist_002081,3.22,5,31.3,5,0,0,0,8.45,ON_TIME,LOW
j_hist_002082,16.77,15,28.8,6,0,0,0,47.41,ON_TIME,LOW
j_hist_002083,31.91,31,23.1,18,1,0,2,159.27,HEAVY_DELAY,HIGH
j_hist_002084,19.32,18,20.8,6,1,1,0,78.74,MODERATE_DELAY,LOW
j_hist_002085,17.93,19,31.5,9,0,0,1,58.79,MODERATE_DELAY,HIGH
j_hist_002086,4.59,7,26.5,14,1,0,0,16.52,ON_TIME,MEDIUM
j_hist_002087,23.33,28,39.5,10,1,0,0,56.33,ON_TIME,HIGH
j_hist_002088,28.95,35,27.8,9,0,0,0,87.52,ON_TIME,HIGH
j_hist_002089,13.93,17,28.3,6,0,0,0,44.07,ON_TIME,LOW
j_hist_002090,27.37,28,25.7,13,0,0,1,106.44,HEAVY_DELAY,MEDIUM
j_hist_002091,33.79,33,36.1,14,1,0,0,78.28,ON_TIME,MEDIUM
j_hist_002092,7.93,8,25.9,12,0,0,0,26.58,SLIGHT_DELAY,MEDIUM
j_hist_002093,18.79,26,21.5,10,0,1,0,80.38,MODERATE_DELAY,HIGH
j_hist_002094,10.76,14,38.1,9,0,1,0,30.77,SLIGHT_DELAY,HIGH
j_hist_002095,27.96,27,30.7,22,1,0,1,93.64,HEAVY_DELAY,LOW
j_hist_002096,20.64,20,30.6,22,0,1,0,62.1,SLIGHT_DELAY,LOW
j_hist_002097,22.58,31,31.1,6,0,1,2,114.99,HEAVY_DELAY,LOW
j_hist_002098,28.13,37,34.1,16,1,0,0,79.57,SLIGHT_DELAY,MEDIUM
j_hist_002099,14.46,19,22.8,12,0,0,1,67.53,HEAVY_DELAY,MEDIUM
j_hist_002100,32.11,35,14.9,8,0,0,1,180.0,HEAVY_DELAY,HIGH
j_hist_002101,19.12,20,36.7,8,0,0,0,47.76,ON_TIME,HIGH
j_hist_002102,6.37,10,17.6,13,0,0,0,30.89,ON_TIME,MEDIUM
j_hist_002103,24.66,33,34.2,13,1,0,0,69.41,ON_TIME,MEDIUM
j_hist_002104,27.97,29,16.3,16,0,0,0,124.97,ON_TIME,MEDIUM
j_hist_002105,11.77,17,24.5,18,1,1,2,71.18,HEAVY_DELAY,HIGH
j_hist_002106,30.14,39,15.8,7,0,1,2,180.0,HEAVY_DELAY,LOW
j_hist_002107,31.81,33,28.6,10,0,0,2,136.28,HEAVY_DELAY,HIGH
j_hist_002108,10.41,12,32.3,19,0,0,0,25.35,ON_TIME,HIGH
j_hist_002109,34.44,33,18.8,8,0,2,0,176.15,HEAVY_DELAY,HIGH
j_hist_002110,5.78,7,24.4,5,1,0,1,24.94,SLIGHT_DELAY,LOW
j_hist_002111,7.87,11,40.0,13,0,0,2,30.25,MODERATE_DELAY,MEDIUM
j_hist_002112,7.26,8,26.4,20,0,1,0,25.35,SLIGHT_DELAY,LOW
j_hist_002113,31.4,42,36.5,13,1,0,0,83.75,ON_TIME,MEDIUM
j_hist_002114,23.25,34,40.0,16,0,2,1,98.35,HEAVY_DELAY,MEDIUM
j_hist_002115,6.17,7,41.3,18,1,0,0,13.99,ON_TIME,HIGH
j_hist_002116,15.97,19,39.2,19,0,0,1,49.58,MODERATE_DELAY,HIGH
j_hist_002117,21.92,30,22.9,20,1,0,0,79.88,ON_TIME,LOW
j_hist_002118,3.84,6,41.0,12,1,0,1,13.54,SLIGHT_DELAY,MEDIUM
j_hist_002119,31.0,40,36.7,14,0,0,0,82.02,ON_TIME,MEDIUM
j_hist_002120,28.32,30,37.4,18,0,0,1,83.24,HEAVY_DELAY,HIGH
j_hist_002121,18.18,21,14.4,21,1,0,0,92.17,ON_TIME,LOW
j_hist_002122,33.88,41,40.7,7,0,2,1,127.24,HEAVY_DELAY,LOW
j_hist_002123,15.2,23,35.8,8,0,1,1,62.62,HEAVY_DELAY,HIGH
j_hist_002124,34.46,36,35.5,20,1,0,0,86.66,ON_TIME,LOW
j_hist_002125,23.71,34,16.3,18,0,2,2,180.0,HEAVY_DELAY,HIGH
j_hist_002126,22.58,23,20.5,18,0,1,0,97.31,MODERATE_DELAY,HIGH
j_hist_002127,6.64,11,40.9,20,0,1,1,27.65,MODERATE_DELAY,LOW
j_hist_002128,30.99,39,28.0,12,0,0,2,143.27,HEAVY_DELAY,MEDIUM
j_hist_002129,15.53,18,25.1,22,1,0,2,76.83,HEAVY_DELAY,LOW
j_hist_002130,6.52,9,37.5,11,0,0,1,22.85,SLIGHT_DELAY,MEDIUM
j_hist_002131,1.43,3,16.4,7,1,0,2,10.2,SLIGHT_DELAY,LOW
j_hist_002132,20.03,21,25.7,10,0,1,0,69.89,MODERATE_DELAY,HIGH
j_hist_002133,18.93,18,24.5,20,1,0,1,75.56,HEAVY_DELAY,LOW
j_hist_002134,25.46,24,23.8,8,0,0,2,124.43,HEAVY_DELAY,HIGH
j_hist_002135,31.27,33,22.6,6,0,0,2,163.26,HEAVY_DELAY,LOW
j_hist_002136,3.7,6,19.9,8,0,0,1,19.61,SLIGHT_DELAY,HIGH
j_hist_002137,25.87,32,18.8,6,0,0,0,106.57,ON_TIME,LOW
j_hist_002138,7.37,8,31.9,11,0,0,0,20.0,ON_TIME,MEDIUM
j_hist_002139,30.18,41,39.7,19,1,0,2,113.66,HEAVY_DELAY,HIGH
j_hist_002140,28.85,35,28.2,21,0,0,2,132.49,HEAVY_DELAY,LOW
j_hist_002141,19.39,28,22.3,18,0,1,0,84.97,MODERATE_DELAY,HIGH
j_hist_002142,25.15,32,18.5,15,0,1,2,180.0,HEAVY_DELAY,MEDIUM
j_hist_002143,11.69,12,37.2,21,0,0,0,27.92,ON_TIME,LOW
j_hist_002144,17.02,20,41.2,9,1,0,0,39.55,ON_TIME,HIGH
j_hist_002145,28.94,36,23.8,18,0,0,1,127.93,HEAVY_DELAY,HIGH
j_hist_002146,16.62,15,22.1,21,1,1,0,65.6,MODERATE_DELAY,LOW
j_hist_002147,13.17,12,30.8,6,0,1,2,57.62,HEAVY_DELAY,LOW
j_hist_002148,17.8,17,35.7,11,1,0,0,42.67,ON_TIME,MEDIUM
j_hist_002149,29.16,29,26.8,8,0,2,0,112.76,HEAVY_DELAY,HIGH
j_hist_002150,12.4,15,31.6,12,1,1,0,40.09,SLIGHT_DELAY,MEDIUM
j_hist_002151,6.91,9,34.1,5,0,0,1,22.86,SLIGHT_DELAY,LOW
j_hist_002152,25.21,24,40.9,14,0,0,0,56.42,ON_TIME,MEDIUM
j_hist_002153,29.08,37,18.6,5,0,0,1,151.67,HEAVY_DELAY,LOW
j_hist_002154,4.42,7,41.9,5,1,0,0,11.71,ON_TIME,LOW
j_hist_002155,9.16,10,25.0,8,0,0,0,29.9,ON_TIME,HIGH
j_hist_002156,5.83,6,34.2,21,0,0,0,14.86,ON_TIME,LOW
j_hist_002157,12.83,12,30.0,9,0,1,1,47.76,MODERATE_DELAY,HIGH
j_hist_002158,16.31,18,27.6,18,0,2,0,62.26,MODERATE_DELAY,HIGH
j_hist_002159,26.46,25,33.5,10,0,0,0,64.82,ON_TIME,HIGH
j_hist_002160,23.14,25,25.1,11,0,0,1,93.03,HEAVY_DELAY,MEDIUM
j_hist_002161,22.11,28,17.5,12,0,1,1,138.09,HEAVY_DELAY,MEDIUM
j_hist_002162,12.98,16,27.7,22,1,1,0,45.05,SLIGHT_DELAY,LOW
j_hist_002163,29.61,29,28.6,8,0,0,0,83.48,ON_TIME,HIGH
j_hist_002164,17.02,19,19.7,7,0,0,2,100.15,HEAVY_DELAY,LOW
j_hist_002165,34.29,42,40.2,8,0,1,1,118.51,HEAVY_DELAY,HIGH
j_hist_002166,22.56,31,20.4,20,1,0,0,89.81,ON_TIME,LOW
j_hist_002167,5.29,8,25.5,17,0,0,0,18.19,ON_TIME,HIGH
j_hist_002168,23.99,29,18.3,15,1,2,1,166.73,HEAVY_DELAY,MEDIUM
j_hist_002169,12.05,14,29.0,15,0,2,1,57.62,HEAVY_DELAY,MEDIUM
j_hist_002170,24.34,26,22.6,9,0,0,1,104.46,HEAVY_DELAY,HIGH
j_hist_002171,3.37,6,27.7,5,0,1,1,13.32,ON_TIME,LOW
j_hist_002172,6.95,7,20.3,18,0,0,1,32.08,SLIGHT_DELAY,HIGH
j_hist_002173,30.1,43,15.5,9,0,0,0,151.13,SLIGHT_DELAY,HIGH
j_hist_002174,8.72,12,35.8,10,0,0,0,21.47,ON_TIME,HIGH
j_hist_002175,29.46,37,32.0,16,1,2,1,133.81,HEAVY_DELAY,MEDIUM
j_hist_002176,10.5,10,23.5,18,1,0,0,37.53,SLIGHT_DELAY,HIGH
j_hist_002177,22.86,28,15.3,21,0,0,2,163.55,HEAVY_DELAY,LOW
j_hist_002178,24.6,28,38.2,11,0,0,1,75.7,HEAVY_DELAY,MEDIUM
j_hist_002179,18.43,17,18.8,5,0,0,2,107.2,HEAVY_DELAY,LOW
j_hist_002180,11.38,13,40.1,21,0,0,0,25.04,ON_TIME,LOW
j_hist_002181,8.23,12,27.4,10,0,2,2,53.55,HEAVY_DELAY,HIGH
j_hist_002182,2.13,4,23.5,8,0,0,1,7.13,ON_TIME,HIGH
j_hist_002183,11.33,13,34.8,18,0,0,1,37.94,MODERATE_DELAY,HIGH
j_hist_002184,23.21,21,38.6,12,0,0,1,63.7,MODERATE_DELAY,MEDIUM
j_hist_002185,32.9,42,24.4,22,0,0,0,110.65,ON_TIME,LOW
j_hist_002186,30.62,39,25.4,17,1,1,0,118.79,HEAVY_DELAY,HIGH
j_hist_002187,27.05,33,26.1,12,0,2,0,112.6,HEAVY_DELAY,MEDIUM
j_hist_002188,27.81,32,39.8,20,1,0,1,83.67,HEAVY_DELAY,LOW
j_hist_002189,23.61,27,33.4,9,0,1,2,110.61,HEAVY_DELAY,HIGH
j_hist_002190,9.85,13,20.9,7,0,0,0,36.51,ON_TIME,LOW
j_hist_002191,31.84,31,19.2,17,1,2,1,180.0,HEAVY_DELAY,HIGH
j_hist_002192,23.8,34,20.5,19,0,2,1,155.76,HEAVY_DELAY,HIGH
j_hist_002193,20.05,25,21.4,8,0,0,2,112.17,HEAVY_DELAY,HIGH
j_hist_002194,4.77,6,20.4,7,0,0,1,23.87,SLIGHT_DELAY,LOW
j_hist_002195,16.2,19,32.4,6,0,1,1,66.14,HEAVY_DELAY,LOW
j_hist_002196,16.65,23,17.2,8,1,0,2,109.92,HEAVY_DELAY,HIGH
j_hist_002197,30.4,29,24.8,10,0,0,2,141.84,HEAVY_DELAY,HIGH
j_hist_002198,19.59,21,31.5,8,0,0,1,66.72,MODERATE_DELAY,HIGH
j_hist_002199,13.93,18,22.1,21,1,0,1,64.19,MODERATE_DELAY,LOW
j_hist_002200,34.21,35,15.8,11,0,1,2,180.0,HEAVY_DELAY,MEDIUM
j_hist_002201,4.76,8,16.3,22,1,0,1,31.3,MODERATE_DELAY,LOW
j_hist_002202,15.37,15,17.5,14,0,1,1,87.56,HEAVY_DELAY,MEDIUM
j_hist_002203,2.43,5,37.4,21,0,0,1,7.17,ON_TIME,LOW
j_hist_002204,26.16,23,32.4,8,0,0,0,66.67,ON_TIME,HIGH
j_hist_002205,32.21,28,15.8,11,1,1,2,180.0,HEAVY_DELAY,MEDIUM
j_hist_002206,10.52,16,24.9,17,0,0,0,38.54,ON_TIME,HIGH
j_hist_002207,30.18,36,21.8,7,1,0,0,112.52,SLIGHT_DELAY,LOW
j_hist_002208,10.94,13,30.2,12,0,0,1,37.07,SLIGHT_DELAY,MEDIUM
j_hist_002209,31.97,32,28.6,15,0,0,0,90.39,ON_TIME,MEDIUM
j_hist_002210,26.63,33,27.5,20,1,0,0,81.02,ON_TIME,LOW
j_hist_002211,28.37,33,22.8,13,0,0,2,150.08,HEAVY_DELAY,MEDIUM
j_hist_002212,1.61,4,17.9,14,0,1,0,8.27,ON_TIME,MEDIUM
j_hist_002213,33.74,48,34.8,10,1,1,0,110.55,HEAVY_DELAY,HIGH
j_hist_002214,25.71,32,38.6,7,0,0,0,62.94,ON_TIME,LOW
j_hist_002215,11.36,14,40.4,12,0,0,2,39.94,MODERATE_DELAY,MEDIUM
j_hist_002216,29.2,33,15.6,10,0,0,0,138.13,ON_TIME,HIGH
j_hist_002217,10.57,14,34.7,12,0,1,0,33.07,SLIGHT_DELAY,MEDIUM
j_hist_002218,30.67,28,34.3,18,0,0,0,75.87,ON_TIME,HIGH
j_hist_002219,4.83,6,40.5,12,1,0,0,9.74,ON_TIME,MEDIUM
j_hist_002220,24.93,23,21.1,15,0,0,2,132.22,HEAVY_DELAY,MEDIUM
j_hist_002221,19.38,18,34.8,14,0,0,2,72.37,HEAVY_DELAY,MEDIUM
j_hist_002222,4.28,5,15.5,14,0,0,1,25.34,SLIGHT_DELAY,MEDIUM
j_hist_002223,9.22,12,31.7,15,0,0,1,30.8,SLIGHT_DELAY,MEDIUM
j_hist_002224,1.42,3,23.8,5,0,1,1,10.99,SLIGHT_DELAY,LOW
j_hist_002225,16.94,20,35.5,19,1,0,0,41.78,ON_TIME,HIGH
j_hist_002226,11.24,13,38.2,9,0,0,0,26.23,ON_TIME,HIGH
j_hist_002227,21.34,20,24.2,18,0,1,1,95.56,HEAVY_DELAY,HIGH
j_hist_002228,11.11,14,28.7,12,1,2,1,56.3,HEAVY_DELAY,MEDIUM
j_hist_002229,11.2,12,17.3,21,0,0,2,76.11,HEAVY_DELAY,LOW
j_hist_002230,26.27,32,25.7,8,0,1,0,97.91,MODERATE_DELAY,HIGH
j_hist_002231,2.64,5,24.1,8,0,0,2,18.46,MODERATE_DELAY,HIGH
j_hist_002232,31.7,29,19.1,22,0,2,2,180.0,HEAVY_DELAY,LOW
j_hist_002233,29.98,29,39.0,7,0,2,1,110.36,HEAVY_DELAY,LOW
j_hist_002234,23.71,27,18.1,13,0,1,0,113.13,MODERATE_DELAY,MEDIUM
j_hist_002235,21.17,31,31.8,11,0,0,1,78.45,HEAVY_DELAY,MEDIUM
j_hist_002236,31.34,41,38.9,6,0,0,1,99.06,HEAVY_DELAY,LOW
j_hist_002237,7.3,11,39.5,13,0,0,0,22.24,SLIGHT_DELAY,MEDIUM
j_hist_002238,3.68,5,36.2,10,0,0,0,10.12,ON_TIME,HIGH
j_hist_002239,9.14,14,18.9,10,1,0,0,39.09,ON_TIME,HIGH
j_hist_002240,28.02,26,36.9,20,1,0,0,65.03,ON_TIME,LOW
j_hist_002241,2.18,3,21.7,6,0,0,1,11.06,SLIGHT_DELAY,LOW
j_hist_002242,20.82,29,39.8,20,0,1,2,90.92,HEAVY_DELAY,LOW
j_hist_002243,34.84,49,33.9,7,1,1,0,112.85,MODERATE_DELAY,LOW
j_hist_002244,30.09,27,36.0,20,0,0,1,87.06,HEAVY_DELAY,LOW
j_hist_002245,18.73,18,16.4,16,1,1,0,92.91,MODERATE_DELAY,MEDIUM
j_hist_002246,3.16,4,30.3,7,0,0,0,10.13,ON_TIME,LOW
j_hist_002247,29.27,27,37.0,15,0,0,1,83.19,HEAVY_DELAY,MEDIUM
j_hist_002248,21.37,21,38.1,15,1,0,1,61.62,MODERATE_DELAY,MEDIUM
j_hist_002249,4.91,8,14.8,20,1,0,2,38.34,MODERATE_DELAY,LOW
j_hist_002250,4.19,7,40.3,9,0,0,1,15.72,SLIGHT_DELAY,HIGH
j_hist_002251,31.93,42,15.2,12,1,0,0,156.97,ON_TIME,MEDIUM
j_hist_002252,23.75,32,31.2,15,0,0,0,70.54,ON_TIME,MEDIUM
j_hist_002253,29.2,34,33.4,15,1,2,1,124.22,HEAVY_DELAY,MEDIUM
j_hist_002254,30.89,41,17.0,22,0,0,0,141.51,ON_TIME,LOW
j_hist_002255,20.44,25,15.3,14,0,0,0,99.51,ON_TIME,MEDIUM
j_hist_002256,18.59,20,36.0,8,0,0,1,59.45,MODERATE_DELAY,HIGH
j_hist_002257,15.63,19,24.8,14,0,1,0,60.36,MODERATE_DELAY,MEDIUM
j_hist_002258,11.78,15,17.0,18,0,0,1,66.38,MODERATE_DELAY,HIGH
j_hist_002259,15.78,22,35.4,10,0,0,0,42.56,ON_TIME,HIGH
j_hist_002260,27.31,39,37.8,9,0,0,0,73.0,ON_TIME,HIGH
j_hist_002261,21.47,24,30.4,19,0,0,2,88.77,HEAVY_DELAY,HIGH
j_hist_002262,31.35,41,18.5,9,0,0,1,164.2,HEAVY_DELAY,HIGH
j_hist_002263,16.07,15,14.4,10,0,0,0,77.08,ON_TIME,HIGH
j_hist_002264,21.64,29,33.6,21,0,0,1,74.95,MODERATE_DELAY,LOW
j_hist_002265,22.46,24,29.4,18,0,0,0,59.93,ON_TIME,HIGH
j_hist_002266,21.12,19,32.2,15,0,0,0,51.85,ON_TIME,MEDIUM
j_hist_002267,24.89,27,36.8,18,1,1,0,67.68,SLIGHT_DELAY,HIGH
j_hist_002268,9.07,12,26.2,9,0,0,0,32.14,SLIGHT_DELAY,HIGH
j_hist_002269,18.42,18,17.5,17,0,0,1,94.23,HEAVY_DELAY,HIGH
j_hist_002270,4.54,8,40.3,16,0,0,0,11.32,ON_TIME,MEDIUM
j_hist_002271,14.07,13,29.3,14,0,0,0,38.41,ON_TIME,MEDIUM
j_hist_002272,17.58,25,31.2,17,0,0,0,52.8,ON_TIME,HIGH
j_hist_002273,23.18,30,40.1,19,1,1,1,82.74,HEAVY_DELAY,HIGH
j_hist_002274,33.32,35,40.1,17,1,2,0,97.99,HEAVY_DELAY,HIGH
j_hist_002275,21.42,24,30.0,8,0,0,1,75.75,MODERATE_DELAY,HIGH
j_hist_002276,26.28,34,22.3,13,1,0,0,98.33,SLIGHT_DELAY,MEDIUM
j_hist_002277,18.21,23,41.9,11,0,0,0,43.18,ON_TIME,MEDIUM
j_hist_002278,22.56,29,33.1,19,0,0,2,94.19,HEAVY_DELAY,HIGH
j_hist_002279,3.41,5,25.4,21,0,0,0,13.15,ON_TIME,LOW
j_hist_002280,9.65,12,29.7,18,0,1,2,50.35,HEAVY_DELAY,HIGH
j_hist_002281,13.3,20,25.6,18,1,1,0,50.33,SLIGHT_DELAY,HIGH
j_hist_002282,17.06,17,38.9,13,0,1,1,56.75,HEAVY_DELAY,MEDIUM
j_hist_002283,2.55,4,27.5,20,0,1,0,9.88,ON_TIME,LOW
j_hist_002284,5.76,7,37.1,6,0,0,1,20.75,SLIGHT_DELAY,LOW
j_hist_002285,10.41,15,37.5,18,1,0,1,33.24,SLIGHT_DELAY,HIGH
j_hist_002286,34.03,44,37.1,8,0,0,2,130.72,HEAVY_DELAY,HIGH
j_hist_002287,12.27,13,34.2,7,0,1,1,44.3,MODERATE_DELAY,LOW
j_hist_002288,17.39,16,37.9,7,0,0,0,40.68,ON_TIME,LOW
j_hist_002289,7.67,8,24.8,15,1,0,1,32.38,MODERATE_DELAY,MEDIUM
j_hist_002290,21.77,24,17.2,9,0,0,1,116.88,HEAVY_DELAY,HIGH
j_hist_002291,10.54,13,37.6,20,0,0,0,27.52,ON_TIME,LOW
j_hist_002292,8.04,13,27.9,13,0,0,0,26.08,ON_TIME,MEDIUM
j_hist_002293,18.56,22,17.6,15,1,1,0,91.83,MODERATE_DELAY,MEDIUM
j_hist_002294,1.19,3,17.2,16,0,0,1,8.7,SLIGHT_DELAY,MEDIUM
j_hist_002295,1.26,3,18.5,12,0,0,0,9.21,SLIGHT_DELAY,MEDIUM
j_hist_002296,8.45,11,35.0,18,0,1,2,40.72,HEAVY_DELAY,HIGH
j_hist_002297,2.25,4,33.9,21,1,0,1,10.47,SLIGHT_DELAY,LOW
j_hist_002298,4.67,6,19.7,19,0,2,0,23.9,SLIGHT_DELAY,HIGH
j_hist_002299,12.52,14,37.7,19,0,0,1,35.43,SLIGHT_DELAY,HIGH
j_hist_002300,28.29,40,21.9,16,0,2,0,143.3,HEAVY_DELAY,MEDIUM
j_hist_002301,20.45,25,36.2,13,0,1,2,88.34,HEAVY_DELAY,MEDIUM
j_hist_002302,18.43,20,27.7,16,1,1,0,62.55,MODERATE_DELAY,MEDIUM
j_hist_002303,10.98,14,34.5,16,0,0,2,44.14,MODERATE_DELAY,MEDIUM
j_hist_002304,32.68,45,24.7,15,0,0,1,143.4,HEAVY_DELAY,MEDIUM
j_hist_002305,14.5,15,23.7,10,0,0,1,61.64,MODERATE_DELAY,HIGH
j_hist_002306,3.96,6,37.6,12,1,1,1,14.64,SLIGHT_DELAY,MEDIUM
j_hist_002307,21.98,32,15.0,15,0,0,0,112.28,ON_TIME,MEDIUM
j_hist_002308,4.87,6,41.3,7,0,0,1,13.38,ON_TIME,LOW
j_hist_002309,12.74,17,32.1,20,1,1,1,51.31,MODERATE_DELAY,LOW
j_hist_002310,18.25,23,26.1,10,0,0,2,89.85,HEAVY_DELAY,HIGH
j_hist_002311,30.72,39,31.6,13,0,1,1,123.79,HEAVY_DELAY,MEDIUM
j_hist_002312,17.78,19,17.4,13,0,0,2,113.48,HEAVY_DELAY,MEDIUM
j_hist_002313,24.88,26,28.4,10,1,0,1,89.12,HEAVY_DELAY,HIGH
j_hist_002314,34.76,44,41.6,9,0,0,2,121.47,HEAVY_DELAY,HIGH
j_hist_002315,5.47,7,20.6,5,0,1,2,36.23,HEAVY_DELAY,LOW
j_hist_002316,10.34,12,34.2,7,0,0,1,35.37,MODERATE_DELAY,LOW
j_hist_002317,14.42,15,26.2,7,0,0,1,55.77,MODERATE_DELAY,LOW
j_hist_002318,15.34,14,32.3,16,1,2,0,48.93,MODERATE_DELAY,MEDIUM
j_hist_002319,14.97,22,19.7,8,1,0,0,62.25,ON_TIME,HIGH
j_hist_002320,31.86,35,27.2,20,1,0,2,142.3,HEAVY_DELAY,LOW
j_hist_002321,25.28,36,41.4,15,1,0,2,98.63,HEAVY_DELAY,MEDIUM
j_hist_002322,21.67,21,19.5,12,1,1,0,95.11,MODERATE_DELAY,MEDIUM
j_hist_002323,11.52,15,31.8,13,0,0,1,42.16,MODERATE_DELAY,MEDIUM
j_hist_002324,29.01,28,30.1,18,0,0,1,100.64,HEAVY_DELAY,HIGH
j_hist_002325,33.47,44,29.8,19,1,0,1,125.67,HEAVY_DELAY,HIGH
j_hist_002326,28.92,38,31.2,13,0,0,0,84.29,ON_TIME,MEDIUM
j_hist_002327,1.05,2,28.1,21,0,0,0,5.0,ON_TIME,LOW
j_hist_002328,22.64,32,14.5,13,0,2,2,180.0,HEAVY_DELAY,MEDIUM
j_hist_002329,2.74,4,39.2,7,0,0,0,6.1,ON_TIME,LOW
j_hist_002330,9.76,13,37.2,20,1,0,0,25.72,ON_TIME,LOW
j_hist_002331,3.02,6,18.9,17,1,0,1,17.77,SLIGHT_DELAY,HIGH
j_hist_002332,21.53,30,25.6,21,0,2,0,95.32,HEAVY_DELAY,LOW
j_hist_002333,24.34,35,35.6,8,0,0,0,65.49,ON_TIME,HIGH
j_hist_002334,4.89,6,41.4,13,0,1,0,12.3,ON_TIME,MEDIUM
j_hist_002335,14.05,14,40.6,13,0,0,2,48.26,HEAVY_DELAY,MEDIUM
j_hist_002336,16.51,17,39.2,22,1,0,0,38.33,ON_TIME,LOW
j_hist_002337,13.55,16,18.4,18,0,0,0,54.01,ON_TIME,HIGH
j_hist_002338,5.11,8,39.6,7,0,0,1,18.89,SLIGHT_DELAY,LOW
j_hist_002339,15.24,15,38.6,8,1,0,1,46.09,MODERATE_DELAY,HIGH
j_hist_002340,26.54,33,24.6,5,1,0,0,88.16,ON_TIME,LOW
j_hist_002341,3.41,5,25.0,22,0,1,0,13.66,ON_TIME,LOW
j_hist_002342,3.73,5,26.9,8,1,0,0,11.73,ON_TIME,HIGH
j_hist_002343,13.06,17,32.4,14,1,0,1,44.5,MODERATE_DELAY,MEDIUM
j_hist_002344,33.02,37,21.3,8,1,0,0,120.69,ON_TIME,HIGH
j_hist_002345,23.73,32,14.6,21,0,0,0,121.81,ON_TIME,LOW
j_hist_002346,24.07,23,18.0,12,0,0,2,146.88,HEAVY_DELAY,MEDIUM
j_hist_002347,13.31,18,26.3,13,1,0,1,57.79,MODERATE_DELAY,MEDIUM
j_hist_002348,21.18,19,21.9,20,0,0,0,70.82,ON_TIME,LOW
j_hist_002349,1.34,3,35.4,19,1,0,1,5.0,ON_TIME,HIGH
j_hist_002350,22.63,29,17.0,20,1,2,0,133.81,HEAVY_DELAY,LOW
j_hist_002351,32.05,44,39.7,16,0,0,0,82.9,ON_TIME,MEDIUM
j_hist_002352,21.83,22,39.1,22,0,0,0,46.81,ON_TIME,LOW
j_hist_002353,30.71,32,39.4,11,0,1,1,100.33,HEAVY_DELAY,MEDIUM
j_hist_002354,25.62,30,34.7,20,0,0,0,64.09,ON_TIME,LOW
j_hist_002355,5.1,6,17.0,10,0,0,0,24.01,ON_TIME,HIGH
j_hist_002356,31.68,42,26.3,10,0,0,0,105.27,ON_TIME,HIGH
j_hist_002357,3.26,6,17.7,10,1,0,1,19.37,SLIGHT_DELAY,HIGH
j_hist_002358,19.15,18,41.7,19,1,0,1,53.05,MODERATE_DELAY,HIGH
j_hist_002359,5.83,8,23.3,6,0,0,1,27.27,SLIGHT_DELAY,LOW
j_hist_002360,1.4,3,30.4,13,1,0,2,8.08,SLIGHT_DELAY,MEDIUM
j_hist_002361,15.35,17,35.8,12,0,0,0,37.7,ON_TIME,MEDIUM
j_hist_002362,11.03,15,39.8,11,0,1,0,29.91,SLIGHT_DELAY,MEDIUM
j_hist_002363,17.52,16,35.2,20,1,0,2,62.44,HEAVY_DELAY,LOW
j_hist_002364,20.62,26,32.9,19,0,2,1,92.81,HEAVY_DELAY,HIGH
j_hist_002365,2.49,4,27.0,13,1,2,0,11.91,SLIGHT_DELAY,MEDIUM
j_hist_002366,5.18,8,31.0,19,0,0,0,16.34,ON_TIME,HIGH
j_hist_002367,19.99,22,16.6,6,0,0,1,110.68,HEAVY_DELAY,LOW
j_hist_002368,12.67,14,38.7,18,1,0,1,38.06,MODERATE_DELAY,HIGH
j_hist_002369,25.79,35,29.2,15,0,0,0,77.68,ON_TIME,MEDIUM
j_hist_002370,23.18,21,15.1,7,1,0,2,160.78,HEAVY_DELAY,LOW
j_hist_002371,29.75,32,39.8,6,0,0,1,87.36,HEAVY_DELAY,LOW
j_hist_002372,24.54,27,27.7,22,1,0,0,72.75,ON_TIME,LOW
j_hist_002373,15.62,17,38.3,18,0,0,1,46.11,MODERATE_DELAY,HIGH
j_hist_002374,23.88,34,38.0,9,0,1,2,109.83,HEAVY_DELAY,HIGH
j_hist_002375,10.36,14,36.8,16,1,0,0,26.24,ON_TIME,MEDIUM
j_hist_002376,11.41,11,15.7,18,0,0,1,64.05,MODERATE_DELAY,HIGH
j_hist_002377,27.83,36,20.9,10,1,0,0,104.18,ON_TIME,HIGH
j_hist_002378,16.18,20,38.5,12,1,0,0,41.83,ON_TIME,MEDIUM
j_hist_002379,28.14,39,39.2,11,0,0,0,74.24,ON_TIME,MEDIUM
j_hist_002380,28.96,30,26.8,11,1,1,1,126.87,HEAVY_DELAY,MEDIUM
j_hist_002381,30.16,36,26.3,16,0,0,1,119.94,HEAVY_DELAY,MEDIUM
j_hist_002382,32.17,37,18.9,11,0,0,1,160.54,HEAVY_DELAY,MEDIUM
j_hist_002383,15.65,19,41.1,16,0,0,2,54.91,HEAVY_DELAY,MEDIUM
j_hist_002384,11.84,14,20.0,20,1,1,1,64.91,HEAVY_DELAY,LOW
j_hist_002385,20.79,21,19.3,11,0,1,0,91.06,MODERATE_DELAY,MEDIUM
j_hist_002386,13.62,19,32.5,12,1,2,0,50.63,MODERATE_DELAY,MEDIUM
j_hist_002387,21.44,24,20.8,5,0,1,1,114.12,HEAVY_DELAY,LOW
j_hist_002388,24.99,36,40.3,17,0,0,1,81.88,HEAVY_DELAY,HIGH
j_hist_002389,24.41,25,14.3,5,0,2,0,157.51,HEAVY_DELAY,LOW
j_hist_002390,13.73,18,14.2,22,0,0,0,73.71,SLIGHT_DELAY,LOW
j_hist_002391,6.67,11,28.1,11,0,0,0,21.39,ON_TIME,MEDIUM
j_hist_002392,15.64,20,27.7,21,1,0,1,61.7,MODERATE_DELAY,LOW
j_hist_002393,5.85,9,18.6,19,0,0,2,38.12,MODERATE_DELAY,HIGH
j_hist_002394,31.26,42,27.8,8,0,1,0,114.44,HEAVY_DELAY,HIGH
j_hist_002395,12.76,14,25.5,21,0,0,1,51.87,MODERATE_DELAY,LOW
j_hist_002396,6.25,9,38.9,11,1,1,1,25.25,MODERATE_DELAY,MEDIUM
j_hist_002397,1.87,3,14.3,20,1,1,0,11.07,ON_TIME,LOW
j_hist_002398,22.96,27,41.3,21,0,1,2,92.4,HEAVY_DELAY,LOW
j_hist_002399,22.65,23,31.5,19,1,0,2,92.03,HEAVY_DELAY,HIGH
j_hist_002400,12.58,17,18.3,13,0,0,0,56.94,SLIGHT_DELAY,MEDIUM
j_hist_002401,3.44,5,15.3,17,0,1,0,19.93,SLIGHT_DELAY,HIGH
j_hist_002402,14.93,17,29.1,11,0,0,2,65.07,HEAVY_DELAY,MEDIUM
j_hist_002403,11.58,13,20.6,15,1,1,0,49.88,SLIGHT_DELAY,MEDIUM
j_hist_002404,24.02,35,22.4,12,0,1,2,153.14,HEAVY_DELAY,MEDIUM
j_hist_002405,21.6,20,20.9,21,1,0,0,77.58,ON_TIME,LOW
j_hist_002406,13.4,13,32.2,8,0,0,0,33.76,ON_TIME,HIGH
j_hist_002407,8.41,9,29.5,8,0,0,0,22.17,ON_TIME,HIGH
j_hist_002408,34.59,49,16.2,22,0,1,0,180.0,MODERATE_DELAY,LOW
j_hist_002409,16.44,24,28.7,21,0,0,0,52.19,ON_TIME,LOW
j_hist_002410,24.4,31,36.2,7,1,0,1,80.99,HEAVY_DELAY,LOW
j_hist_002411,5.78,9,16.3,13,0,0,0,28.01,ON_TIME,MEDIUM
j_hist_002412,17.51,18,38.9,10,0,0,1,48.81,MODERATE_DELAY,HIGH
j_hist_002413,1.94,4,30.2,6,0,0,1,8.8,ON_TIME,LOW
j_hist_002414,18.19,18,40.6,16,0,0,1,47.57,MODERATE_DELAY,MEDIUM
j_hist_002415,33.78,31,18.1,19,0,0,1,169.81,HEAVY_DELAY,HIGH
j_hist_002416,14.06,14,41.8,13,0,0,0,32.75,SLIGHT_DELAY,MEDIUM
j_hist_002417,2.33,4,32.0,6,1,0,1,8.76,ON_TIME,LOW
j_hist_002418,2.05,4,29.9,16,0,1,2,12.57,SLIGHT_DELAY,MEDIUM
j_hist_002419,14.19,16,28.4,20,1,1,0,50.26,MODERATE_DELAY,LOW
j_hist_002420,6.44,10,14.7,11,1,1,0,38.91,SLIGHT_DELAY,MEDIUM
j_hist_002421,1.79,3,40.3,5,0,0,0,5.0,ON_TIME,LOW
j_hist_002422,26.71,25,32.0,11,0,0,0,70.89,SLIGHT_DELAY,MEDIUM
j_hist_002423,16.59,19,16.6,7,1,0,0,73.58,ON_TIME,LOW
j_hist_002424,10.83,15,14.6,9,0,1,1,79.89,HEAVY_DELAY,HIGH
j_hist_002425,31.6,43,15.4,7,0,0,0,157.61,SLIGHT_DELAY,LOW
j_hist_002426,4.95,7,31.1,19,0,0,1,22.2,MODERATE_DELAY,HIGH
j_hist_002427,33.5,40,31.2,10,0,1,1,134.67,HEAVY_DELAY,HIGH
j_hist_002428,11.67,13,28.0,19,0,0,1,44.96,MODERATE_DELAY,HIGH
j_hist_002429,31.21,39,22.6,7,0,0,0,112.56,ON_TIME,LOW
j_hist_002430,21.5,31,28.9,5,1,0,0,70.57,SLIGHT_DELAY,LOW
j_hist_002431,29.11,26,28.5,6,1,0,0,80.48,ON_TIME,LOW
j_hist_002432,34.46,47,14.5,8,0,1,1,180.0,SLIGHT_DELAY,HIGH
j_hist_002433,10.81,14,21.9,18,0,1,0,45.37,SLIGHT_DELAY,HIGH
j_hist_002434,33.68,34,15.5,18,1,2,0,180.0,HEAVY_DELAY,HIGH
j_hist_002435,14.24,21,39.2,14,0,0,0,36.77,ON_TIME,MEDIUM
j_hist_002436,14.11,17,34.3,15,1,0,0,36.66,ON_TIME,MEDIUM
j_hist_002437,12.57,14,41.9,8,1,0,0,29.55,ON_TIME,HIGH
j_hist_002438,19.41,19,22.5,19,0,2,1,106.2,HEAVY_DELAY,HIGH
j_hist_002439,6.24,7,38.6,8,0,0,0,15.49,ON_TIME,HIGH
j_hist_002440,19.83,27,30.9,20,0,2,1,94.99,HEAVY_DELAY,LOW
j_hist_002441,19.42,24,26.7,6,0,0,1,76.17,MODERATE_DELAY,LOW
j_hist_002442,26.9,38,20.2,17,1,0,0,108.08,ON_TIME,HIGH
j_hist_002443,29.34,29,34.7,12,0,2,0,92.67,HEAVY_DELAY,MEDIUM
j_hist_002444,15.98,15,39.3,17,0,2,0,44.52,MODERATE_DELAY,HIGH
j_hist_002445,11.28,11,20.6,12,1,1,0,46.45,SLIGHT_DELAY,MEDIUM
j_hist_002446,9.82,12,18.9,8,0,0,1,53.42,MODERATE_DELAY,HIGH
j_hist_002447,7.62,12,33.5,9,0,0,2,32.98,MODERATE_DELAY,HIGH
j_hist_002448,2.96,5,41.4,10,0,1,0,11.94,SLIGHT_DELAY,HIGH
j_hist_002449,12.64,14,35.0,14,1,0,1,41.18,MODERATE_DELAY,MEDIUM
j_hist_002450,10.19,15,22.0,7,0,1,0,44.58,SLIGHT_DELAY,LOW
j_hist_002451,33.86,44,25.8,17,0,0,0,111.03,ON_TIME,HIGH
j_hist_002452,19.96,18,24.8,13,0,0,2,92.97,HEAVY_DELAY,MEDIUM
j_hist_002453,12.81,18,37.9,21,0,1,2,61.17,HEAVY_DELAY,LOW
j_hist_002454,20.74,22,35.6,14,0,0,0,49.43,ON_TIME,MEDIUM
j_hist_002455,5.73,7,30.5,16,0,0,1,20.17,SLIGHT_DELAY,MEDIUM
j_hist_002456,16.1,17,21.7,17,0,0,0,58.62,ON_TIME,HIGH
j_hist_002457,22.29,26,40.3,14,0,0,1,65.7,MODERATE_DELAY,MEDIUM
j_hist_002458,17.62,20,32.3,21,0,0,2,71.82,HEAVY_DELAY,LOW
j_hist_002459,14.66,16,41.2,9,0,1,0,35.04,ON_TIME,HIGH
j_hist_002460,34.79,33,30.2,12,1,0,0,94.08,ON_TIME,MEDIUM
j_hist_002461,30.93,40,37.0,9,1,0,2,120.94,HEAVY_DELAY,HIGH
j_hist_002462,22.2,32,36.8,19,1,0,0,60.06,ON_TIME,HIGH
j_hist_002463,20.36,27,23.4,8,0,2,0,93.61,HEAVY_DELAY,HIGH
j_hist_002464,22.1,23,41.0,17,1,0,0,51.47,ON_TIME,HIGH
j_hist_002465,7.84,9,14.6,21,0,0,1,49.59,MODERATE_DELAY,LOW
j_hist_002466,14.43,15,35.5,9,1,1,0,41.56,SLIGHT_DELAY,HIGH
j_hist_002467,2.34,4,41.0,5,1,1,0,10.57,SLIGHT_DELAY,LOW
j_hist_002468,17.17,21,23.5,19,0,0,2,88.93,HEAVY_DELAY,HIGH
j_hist_002469,19.46,24,32.1,14,0,0,2,81.51,HEAVY_DELAY,MEDIUM
j_hist_002470,8.74,12,29.7,15,0,2,0,37.23,MODERATE_DELAY,MEDIUM
j_hist_002471,33.78,42,35.3,22,0,0,0,88.28,ON_TIME,LOW
j_hist_002472,31.92,33,38.3,17,0,0,1,96.39,HEAVY_DELAY,HIGH
j_hist_002473,25.55,27,30.9,20,0,2,0,90.72,HEAVY_DELAY,LOW
j_hist_002474,19.14,25,36.8,16,0,0,1,64.16,MODERATE_DELAY,MEDIUM
j_hist_002475,30.58,32,22.7,18,0,1,1,151.63,HEAVY_DELAY,HIGH
j_hist_002476,5.44,7,20.4,6,1,0,1,25.33,SLIGHT_DELAY,LOW
j_hist_002477,27.88,30,26.1,14,0,0,2,130.64,HEAVY_DELAY,MEDIUM
j_hist_002478,5.24,7,33.0,8,0,0,0,15.49,ON_TIME,HIGH
j_hist_002479,28.0,25,19.2,5,0,0,0,106.85,ON_TIME,LOW
j_hist_002480,10.38,15,33.0,21,1,1,2,55.15,HEAVY_DELAY,LOW
j_hist_002481,30.82,42,25.0,15,0,2,0,137.94,HEAVY_DELAY,MEDIUM
j_hist_002482,33.1,32,36.3,11,0,0,0,78.56,ON_TIME,MEDIUM
j_hist_002483,6.06,7,15.0,21,1,0,0,27.84,ON_TIME,LOW
j_hist_002484,16.73,22,32.7,21,0,0,1,59.12,MODERATE_DELAY,LOW
j_hist_002485,34.35,33,32.2,13,1,1,1,126.84,HEAVY_DELAY,MEDIUM
j_hist_002486,17.44,20,40.3,14,0,1,0,45.8,SLIGHT_DELAY,MEDIUM
j_hist_002487,30.36,27,34.0,10,0,1,0,84.8,MODERATE_DELAY,HIGH
j_hist_002488,21.02,21,36.3,21,0,1,0,55.92,SLIGHT_DELAY,LOW
j_hist_002489,13.76,19,39.3,20,0,0,2,49.83,MODERATE_DELAY,LOW
j_hist_002490,10.72,15,32.9,11,0,0,0,31.2,ON_TIME,MEDIUM
j_hist_002491,7.91,9,22.1,8,1,0,2,45.92,HEAVY_DELAY,HIGH
j_hist_002492,26.9,28,38.4,21,1,0,1,80.27,HEAVY_DELAY,LOW
j_hist_002493,14.14,14,34.9,13,1,0,0,33.49,ON_TIME,MEDIUM
j_hist_002494,18.38,17,25.9,15,0,0,0,56.67,ON_TIME,MEDIUM
j_hist_002495,17.74,26,33.9,5,0,0,0,54.96,SLIGHT_DELAY,LOW
j_hist_002496,20.63,26,38.3,11,1,0,0,51.09,ON_TIME,MEDIUM
j_hist_002497,30.43,36,41.3,9,1,0,0,69.28,ON_TIME,HIGH
j_hist_002498,34.35,45,40.7,9,1,2,0,110.67,HEAVY_DELAY,HIGH
j_hist_002499,14.86,21,23.1,5,1,1,0,65.45,MODERATE_DELAY,LOW
j_hist_002500,29.14,39,25.8,10,1,0,1,121.73,HEAVY_DELAY,HIGH
j_hist_002501,26.99,23,17.1,17,0,0,0,112.08,ON_TIME,HIGH
j_hist_002502,20.5,20,20.9,19,0,0,1,91.49,HEAVY_DELAY,HIGH
j_hist_002503,33.51,41,38.7,8,0,2,0,106.02,HEAVY_DELAY,HIGH
j_hist_002504,7.82,10,24.1,21,1,0,0,25.95,ON_TIME,LOW
j_hist_002505,4.71,8,31.4,17,0,0,1,18.53,SLIGHT_DELAY,HIGH
j_hist_002506,30.03,38,32.6,15,1,0,1,107.52,HEAVY_DELAY,MEDIUM
j_hist_002507,15.93,23,35.9,8,1,1,0,46.69,SLIGHT_DELAY,HIGH
j_hist_002508,29.8,29,19.1,11,1,0,2,176.51,HEAVY_DELAY,MEDIUM
j_hist_002509,31.37,43,22.5,11,0,0,1,146.26,HEAVY_DELAY,MEDIUM
j_hist_002510,3.12,5,26.6,18,0,0,1,13.05,SLIGHT_DELAY,HIGH
j_hist_002511,31.04,45,24.2,20,0,0,0,111.46,ON_TIME,LOW
j_hist_002512,16.24,16,41.5,13,1,0,0,34.29,ON_TIME,MEDIUM
j_hist_002513,18.35,22,37.4,6,1,1,0,55.99,MODERATE_DELAY,LOW
j_hist_002514,22.3,30,27.4,20,1,2,0,90.56,HEAVY_DELAY,LOW
j_hist_002515,32.5,36,38.6,9,1,0,0,75.28,ON_TIME,HIGH
j_hist_002516,1.65,3,23.7,16,0,1,1,10.27,SLIGHT_DELAY,MEDIUM
j_hist_002517,17.21,25,36.0,19,0,0,0,47.64,ON_TIME,HIGH
j_hist_002518,24.38,27,20.3,7,0,0,2,138.81,HEAVY_DELAY,LOW
j_hist_002519,25.57,31,35.6,13,1,1,0,75.84,MODERATE_DELAY,MEDIUM
j_hist_002520,24.55,22,26.8,11,0,0,0,70.43,ON_TIME,MEDIUM
j_hist_002521,5.57,9,17.0,8,0,0,0,25.9,ON_TIME,HIGH
j_hist_002522,11.18,15,21.7,13,1,0,2,65.15,HEAVY_DELAY,MEDIUM
j_hist_002523,13.2,15,25.3,19,1,0,1,55.16,MODERATE_DELAY,HIGH
j_hist_002524,28.35,24,35.0,11,1,1,0,77.99,MODERATE_DELAY,MEDIUM
j_hist_002525,10.48,14,16.0,15,0,1,0,56.21,SLIGHT_DELAY,MEDIUM
j_hist_002526,8.16,8,32.5,15,0,0,2,29.88,MODERATE_DELAY,MEDIUM
j_hist_002527,33.55,28,34.0,5,0,0,1,102.87,HEAVY_DELAY,LOW
j_hist_002528,1.3,3,32.3,17,1,1,0,5.0,ON_TIME,HIGH
j_hist_002529,34.93,33,35.3,17,0,0,0,83.79,ON_TIME,HIGH
j_hist_002530,24.01,23,19.0,6,1,0,0,93.38,ON_TIME,LOW
j_hist_002531,29.17,36,30.4,21,0,1,1,126.25,HEAVY_DELAY,LOW
j_hist_002532,11.02,11,40.4,19,0,2,0,32.04,MODERATE_DELAY,HIGH
j_hist_002533,1.49,3,31.1,14,1,0,2,8.72,SLIGHT_DELAY,MEDIUM
j_hist_002534,26.09,25,31.1,14,0,0,1,87.13,HEAVY_DELAY,MEDIUM
j_hist_002535,29.36,35,34.6,13,0,0,0,79.12,ON_TIME,MEDIUM
j_hist_002536,26.18,33,23.3,15,0,2,0,121.1,HEAVY_DELAY,MEDIUM
j_hist_002537,5.86,9,33.6,10,0,1,0,20.73,SLIGHT_DELAY,HIGH
j_hist_002538,26.62,27,39.7,6,0,1,0,70.16,MODERATE_DELAY,LOW
j_hist_002539,27.14,25,14.3,14,0,0,1,166.89,HEAVY_DELAY,MEDIUM
j_hist_002540,23.39,21,38.4,19,1,1,0,59.7,MODERATE_DELAY,HIGH
j_hist_002541,27.05,30,20.1,9,0,0,0,98.91,ON_TIME,HIGH
j_hist_002542,29.76,42,26.8,22,0,2,0,126.67,HEAVY_DELAY,LOW
j_hist_002543,21.86,22,37.9,11,0,0,0,51.96,ON_TIME,MEDIUM
j_hist_002544,4.01,5,37.1,7,0,1,0,10.8,ON_TIME,LOW
j_hist_002545,17.58,17,39.0,20,0,0,0,39.71,ON_TIME,LOW
j_hist_002546,3.64,6,40.3,21,0,1,1,13.89,SLIGHT_DELAY,LOW
j_hist_002547,14.86,19,26.5,6,0,0,0,47.33,ON_TIME,LOW
j_hist_002548,14.84,19,32.4,20,0,0,0,42.78,ON_TIME,LOW
j_hist_002549,3.24,6,24.9,5,0,0,0,12.63,ON_TIME,LOW
j_hist_002550,12.86,16,23.8,18,1,0,0,44.4,ON_TIME,HIGH
j_hist_002551,4.77,6,26.1,20,0,0,1,15.92,ON_TIME,LOW
j_hist_002552,28.48,29,34.8,13,0,0,0,68.31,ON_TIME,MEDIUM
j_hist_002553,33.22,41,28.0,21,0,0,1,128.13,HEAVY_DELAY,LOW
j_hist_002554,3.46,6,36.8,12,0,0,1,11.15,ON_TIME,MEDIUM
j_hist_002555,33.47,39,34.9,13,0,0,1,109.58,HEAVY_DELAY,MEDIUM
j_hist_002556,18.77,24,14.6,6,1,0,2,142.09,HEAVY_DELAY,LOW
j_hist_002557,11.19,15,31.6,17,0,0,1,39.71,MODERATE_DELAY,HIGH
j_hist_002558,3.61,6,26.2,5,0,2,0,14.11,ON_TIME,LOW
j_hist_002559,18.02,22,26.8,11,1,0,0,56.66,ON_TIME,MEDIUM
j_hist_002560,28.01,37,36.9,22,0,0,1,88.63,HEAVY_DELAY,LOW
j_hist_002561,25.04,25,29.3,9,0,0,0,68.36,ON_TIME,HIGH
j_hist_002562,2.71,5,38.8,11,0,1,0,8.4,ON_TIME,MEDIUM
j_hist_002563,3.48,6,34.0,16,0,0,0,11.51,ON_TIME,MEDIUM
j_hist_002564,14.7,17,29.5,21,0,1,0,49.41,SLIGHT_DELAY,LOW
j_hist_002565,11.04,15,35.1,9,0,0,1,37.49,MODERATE_DELAY,HIGH
j_hist_002566,8.9,12,15.1,16,1,1,0,52.22,MODERATE_DELAY,MEDIUM
j_hist_002567,10.55,10,14.8,17,0,2,0,64.56,MODERATE_DELAY,HIGH
j_hist_002568,28.32,34,16.3,20,0,0,1,162.29,HEAVY_DELAY,LOW
j_hist_002569,32.59,30,26.3,14,1,0,0,95.39,ON_TIME,MEDIUM
j_hist_002570,14.77,22,20.6,16,1,1,0,68.2,MODERATE_DELAY,MEDIUM
j_hist_002571,31.81,42,41.6,11,0,1,0,87.79,MODERATE_DELAY,MEDIUM
j_hist_002572,11.93,12,29.2,18,0,0,1,42.1,MODERATE_DELAY,HIGH
j_hist_002573,17.2,17,32.5,14,0,2,1,72.86,HEAVY_DELAY,MEDIUM
j_hist_002574,8.68,12,21.8,12,1,1,0,38.71,SLIGHT_DELAY,MEDIUM
j_hist_002575,22.78,24,23.0,19,1,0,0,76.56,ON_TIME,HIGH
j_hist_002576,34.29,30,23.4,20,0,0,2,166.53,HEAVY_DELAY,LOW
j_hist_002577,21.52,26,33.6,12,0,0,2,87.26,HEAVY_DELAY,MEDIUM
j_hist_002578,13.17,15,27.3,8,1,0,1,49.63,MODERATE_DELAY,HIGH
j_hist_002579,23.03,21,28.5,21,0,0,1,79.83,HEAVY_DELAY,LOW
j_hist_002580,5.18,8,30.6,8,1,2,1,27.33,MODERATE_DELAY,HIGH
j_hist_002581,31.21,44,35.5,15,1,2,0,111.78,HEAVY_DELAY,MEDIUM
j_hist_002582,18.1,24,16.5,17,1,0,0,83.04,ON_TIME,HIGH
j_hist_002583,16.28,23,35.8,10,0,0,1,57.81,MODERATE_DELAY,HIGH
j_hist_002584,20.92,21,29.8,18,1,1,0,63.8,SLIGHT_DELAY,HIGH
j_hist_002585,22.24,23,32.7,11,0,1,0,65.58,MODERATE_DELAY,MEDIUM
j_hist_002586,3.44,5,23.2,16,0,0,0,11.32,ON_TIME,MEDIUM
j_hist_002587,24.21,32,25.5,5,0,0,0,79.31,ON_TIME,LOW
j_hist_002588,9.23,14,20.5,14,0,2,0,48.05,MODERATE_DELAY,MEDIUM
j_hist_002589,25.27,33,41.4,5,0,0,1,79.07,HEAVY_DELAY,LOW
j_hist_002590,28.97,40,27.9,20,1,0,0,90.63,ON_TIME,LOW
j_hist_002591,28.33,35,41.9,11,1,1,0,77.38,MODERATE_DELAY,MEDIUM
j_hist_002592,19.79,22,27.7,10,1,0,1,74.49,HEAVY_DELAY,HIGH
j_hist_002593,18.69,21,20.2,22,0,2,1,117.89,HEAVY_DELAY,LOW
j_hist_002594,5.86,6,28.2,8,0,2,0,22.87,SLIGHT_DELAY,HIGH
j_hist_002595,27.36,24,15.1,20,1,0,1,159.57,HEAVY_DELAY,LOW
j_hist_002596,10.23,14,39.3,5,1,0,0,28.82,SLIGHT_DELAY,LOW
j_hist_002597,17.89,21,36.9,6,1,0,1,54.96,MODERATE_DELAY,LOW
j_hist_002598,10.67,14,34.3,20,0,0,0,29.0,ON_TIME,LOW
j_hist_002599,5.55,8,31.1,13,1,0,0,15.7,ON_TIME,MEDIUM
j_hist_002600,22.4,23,30.2,19,1,1,1,85.77,HEAVY_DELAY,HIGH
j_hist_002601,2.85,5,41.9,20,0,1,0,6.62,ON_TIME,LOW
j_hist_002602,26.45,30,21.8,13,0,0,0,95.31,ON_TIME,MEDIUM
j_hist_002603,11.8,14,35.8,11,1,2,1,47.62,HEAVY_DELAY,MEDIUM
j_hist_002604,1.0,3,30.3,14,0,2,0,5.0,ON_TIME,MEDIUM
j_hist_002605,18.38,21,41.3,11,0,2,1,70.64,HEAVY_DELAY,MEDIUM
j_hist_002606,2.59,5,37.2,17,0,1,1,11.91,SLIGHT_DELAY,HIGH
j_hist_002607,10.39,15,42.0,6,0,0,0,27.98,ON_TIME,LOW
j_hist_002608,25.04,35,30.5,16,0,0,1,95.22,HEAVY_DELAY,MEDIUM
j_hist_002609,3.13,6,19.7,17,0,0,1,17.97,SLIGHT_DELAY,HIGH
j_hist_002610,29.54,30,28.1,7,0,1,0,100.22,MODERATE_DELAY,LOW
j_hist_002611,1.13,2,33.9,15,1,0,1,5.0,ON_TIME,MEDIUM
j_hist_002612,9.39,10,35.7,12,0,2,1,38.42,HEAVY_DELAY,MEDIUM
j_hist_002613,26.19,27,14.0,15,0,2,0,171.37,HEAVY_DELAY,MEDIUM
j_hist_002614,11.75,17,28.1,22,0,0,1,47.27,MODERATE_DELAY,LOW
j_hist_002615,4.46,7,20.6,11,1,1,1,25.61,MODERATE_DELAY,MEDIUM
j_hist_002616,13.25,13,38.5,16,0,1,0,35.4,SLIGHT_DELAY,MEDIUM
j_hist_002617,10.19,10,18.3,10,0,0,0,38.96,ON_TIME,HIGH
j_hist_002618,29.65,28,32.7,14,0,0,2,112.73,HEAVY_DELAY,MEDIUM
j_hist_002619,11.65,15,21.4,19,1,0,0,44.92,ON_TIME,HIGH
j_hist_002620,27.82,36,24.0,19,0,2,0,123.75,HEAVY_DELAY,HIGH
j_hist_002621,31.32,43,40.3,10,0,2,1,128.87,HEAVY_DELAY,HIGH
j_hist_002622,15.75,23,20.7,19,1,0,2,95.73,HEAVY_DELAY,HIGH
j_hist_002623,31.94,31,16.7,22,0,0,0,140.43,SLIGHT_DELAY,LOW
j_hist_002624,13.83,15,15.9,6,0,0,1,77.23,MODERATE_DELAY,LOW
j_hist_002625,33.78,33,28.1,11,0,0,0,96.01,ON_TIME,MEDIUM
j_hist_002626,4.04,6,32.0,9,0,0,0,13.16,ON_TIME,HIGH
j_hist_002627,24.36,34,23.2,7,0,0,2,132.01,HEAVY_DELAY,LOW
j_hist_002628,17.79,22,33.3,10,0,0,1,59.59,MODERATE_DELAY,HIGH
j_hist_002629,14.18,19,15.7,10,1,0,0,68.35,ON_TIME,HIGH
j_hist_002630,22.51,26,38.0,5,0,1,0,62.7,MODERATE_DELAY,LOW
j_hist_002631,24.93,22,36.9,16,0,0,0,57.74,ON_TIME,MEDIUM
j_hist_002632,1.15,2,41.6,9,1,1,0,5.0,ON_TIME,HIGH
j_hist_002633,6.68,9,40.2,11,1,0,0,16.19,ON_TIME,MEDIUM
j_hist_002634,25.24,33,24.0,12,0,0,0,87.93,ON_TIME,MEDIUM
j_hist_002635,23.66,23,25.2,10,0,1,0,84.23,MODERATE_DELAY,HIGH
j_hist_002636,33.85,43,34.9,19,0,1,2,154.7,HEAVY_DELAY,HIGH
j_hist_002637,26.88,36,17.8,10,1,0,0,115.77,ON_TIME,HIGH
j_hist_002638,33.33,36,22.8,13,0,0,0,115.38,ON_TIME,MEDIUM
j_hist_002639,24.89,33,17.3,8,0,0,0,110.26,ON_TIME,HIGH
j_hist_002640,11.13,13,26.7,20,1,0,1,43.52,MODERATE_DELAY,LOW
j_hist_002641,4.58,7,29.5,14,0,1,0,14.82,ON_TIME,MEDIUM
j_hist_002642,27.58,36,19.9,5,0,0,1,138.88,HEAVY_DELAY,LOW
j_hist_002643,22.9,33,14.7,15,0,0,2,176.81,HEAVY_DELAY,MEDIUM
j_hist_002644,2.64,4,34.1,21,1,0,2,10.73,SLIGHT_DELAY,LOW
j_hist_002645,13.24,15,14.6,22,1,1,0,78.13,MODERATE_DELAY,LOW
j_hist_002646,33.53,32,41.3,19,0,0,2,108.12,HEAVY_DELAY,HIGH
j_hist_002647,18.01,18,20.2,10,0,0,0,67.6,ON_TIME,HIGH
j_hist_002648,15.71,21,32.6,20,1,0,1,56.24,MODERATE_DELAY,LOW
j_hist_002649,16.56,24,26.2,6,1,0,0,55.04,ON_TIME,LOW
j_hist_002650,8.1,10,15.7,7,0,0,0,38.38,ON_TIME,LOW
j_hist_002651,13.54,14,27.2,21,0,2,0,52.64,MODERATE_DELAY,LOW
j_hist_002652,13.57,15,28.5,12,1,0,1,50.52,MODERATE_DELAY,MEDIUM
j_hist_002653,2.78,4,37.9,19,0,1,0,8.37,ON_TIME,HIGH
j_hist_002654,27.1,28,34.5,17,0,2,1,110.88,HEAVY_DELAY,HIGH
j_hist_002655,15.16,16,16.2,5,0,0,1,85.52,HEAVY_DELAY,LOW
j_hist_002656,28.95,37,19.9,16,1,0,0,111.83,ON_TIME,MEDIUM
j_hist_002657,29.91,26,22.7,22,0,1,2,169.13,HEAVY_DELAY,LOW
j_hist_002658,8.21,11,17.3,22,0,0,0,36.95,ON_TIME,LOW
j_hist_002659,23.35,31,26.8,7,1,2,0,94.5,HEAVY_DELAY,LOW
j_hist_002660,17.06,18,41.6,22,0,0,0,38.3,ON_TIME,LOW
j_hist_002661,30.93,37,28.4,21,0,0,1,119.29,HEAVY_DELAY,LOW
j_hist_002662,8.34,12,34.8,15,0,0,2,36.2,MODERATE_DELAY,MEDIUM
j_hist_002663,24.05,30,33.1,9,0,2,1,106.14,HEAVY_DELAY,HIGH
j_hist_002664,21.66,25,37.8,11,0,1,0,64.45,MODERATE_DELAY,MEDIUM
j_hist_002665,11.04,13,20.0,22,0,1,2,71.69,HEAVY_DELAY,LOW
j_hist_002666,5.64,9,35.1,11,0,2,0,20.48,SLIGHT_DELAY,MEDIUM
j_hist_002667,23.16,31,38.7,22,0,2,0,78.9,HEAVY_DELAY,LOW
j_hist_002668,26.11,27,18.8,6,1,0,0,103.6,ON_TIME,LOW
j_hist_002669,11.73,12,23.7,10,1,1,2,67.9,HEAVY_DELAY,HIGH
j_hist_002670,22.92,21,41.2,12,0,1,0,58.07,MODERATE_DELAY,MEDIUM
j_hist_002671,14.43,14,35.9,21,1,0,1,44.53,MODERATE_DELAY,LOW
j_hist_002672,25.25,31,21.9,8,1,0,0,90.38,ON_TIME,HIGH
j_hist_002673,7.77,8,29.8,21,0,2,1,34.06,MODERATE_DELAY,LOW
j_hist_002674,31.27,33,25.3,20,1,0,0,98.5,ON_TIME,LOW
j_hist_002675,10.77,15,27.7,19,0,0,2,52.62,HEAVY_DELAY,HIGH
j_hist_002676,13.5,15,23.9,19,1,0,0,45.07,ON_TIME,HIGH
j_hist_002677,2.98,5,21.8,12,1,0,0,10.44,ON_TIME,MEDIUM
j_hist_002678,4.79,7,32.9,21,1,0,0,13.16,ON_TIME,LOW
j_hist_002679,18.54,19,35.8,5,0,0,1,57.89,MODERATE_DELAY,LOW
j_hist_002680,10.1,14,38.5,17,0,0,0,22.85,ON_TIME,HIGH
j_hist_002681,29.41,38,18.3,10,0,0,0,124.5,ON_TIME,HIGH
j_hist_002682,1.5,3,37.0,14,0,0,0,6.09,ON_TIME,MEDIUM
j_hist_002683,13.89,14,21.1,5,0,1,0,59.13,MODERATE_DELAY,LOW
j_hist_002684,12.47,15,26.0,16,0,2,1,62.32,HEAVY_DELAY,MEDIUM
j_hist_002685,1.66,4,39.2,19,1,0,2,7.14,ON_TIME,HIGH
j_hist_002686,5.23,8,26.7,9,1,0,2,29.18,MODERATE_DELAY,HIGH
j_hist_002687,15.06,15,19.5,6,1,2,1,91.26,HEAVY_DELAY,LOW
j_hist_002688,17.76,23,18.5,18,0,1,0,86.81,MODERATE_DELAY,HIGH
j_hist_002689,14.75,17,27.2,13,0,0,1,57.95,MODERATE_DELAY,MEDIUM
j_hist_002690,19.05,24,35.4,5,0,2,1,82.85,HEAVY_DELAY,LOW
j_hist_002691,21.23,28,41.9,17,0,1,0,59.88,MODERATE_DELAY,HIGH
j_hist_002692,1.34,3,36.0,21,0,0,0,5.0,ON_TIME,LOW
j_hist_002693,16.78,23,38.6,6,0,0,0,43.64,ON_TIME,LOW
j_hist_002694,33.76,43,34.9,18,1,1,2,154.2,HEAVY_DELAY,HIGH
j_hist_002695,18.65,23,39.1,10,1,0,0,46.04,ON_TIME,HIGH
j_hist_002696,24.04,23,16.1,10,1,0,2,161.62,HEAVY_DELAY,HIGH
j_hist_002697,11.6,17,40.0,22,0,1,0,32.28,SLIGHT_DELAY,LOW
j_hist_002698,27.32,39,25.1,13,0,0,0,94.03,ON_TIME,MEDIUM
j_hist_002699,27.28,26,39.8,19,1,0,0,59.43,ON_TIME,HIGH
j_hist_002700,18.72,22,16.1,11,0,0,0,87.82,ON_TIME,MEDIUM
j_hist_002701,34.18,34,34.0,10,0,0,2,127.88,HEAVY_DELAY,HIGH
j_hist_002702,5.27,8,34.6,9,0,0,1,22.43,MODERATE_DELAY,HIGH
j_hist_002703,1.58,3,41.9,5,1,0,0,6.93,SLIGHT_DELAY,LOW
j_hist_002704,27.19,26,35.5,11,0,0,1,80.31,MODERATE_DELAY,MEDIUM
j_hist_002705,28.44,39,24.7,22,0,0,0,96.61,ON_TIME,LOW
j_hist_002706,5.09,6,29.6,12,1,0,2,24.19,MODERATE_DELAY,MEDIUM
j_hist_002707,10.03,14,24.3,16,0,0,0,35.0,ON_TIME,MEDIUM
j_hist_002708,1.6,3,19.5,14,1,1,1,8.59,ON_TIME,MEDIUM
j_hist_002709,10.97,12,21.0,10,0,1,1,56.33,HEAVY_DELAY,HIGH
j_hist_002710,27.29,26,20.2,20,1,1,2,175.11,HEAVY_DELAY,LOW
j_hist_002711,18.61,18,29.4,22,0,0,1,64.77,MODERATE_DELAY,LOW
j_hist_002712,12.84,17,39.4,17,0,0,2,46.83,MODERATE_DELAY,HIGH
j_hist_002713,13.64,17,39.6,11,1,0,0,33.46,ON_TIME,MEDIUM
j_hist_002714,1.05,2,15.5,11,0,0,1,6.84,ON_TIME,MEDIUM
j_hist_002715,11.19,11,16.2,20,0,0,0,50.89,ON_TIME,LOW
j_hist_002716,22.98,21,20.9,14,0,2,1,131.68,HEAVY_DELAY,MEDIUM
j_hist_002717,34.12,44,21.1,19,0,0,0,128.74,ON_TIME,HIGH
j_hist_002718,29.8,38,16.7,18,1,0,0,135.08,ON_TIME,HIGH
j_hist_002719,1.8,3,24.9,16,0,1,1,10.1,SLIGHT_DELAY,MEDIUM
j_hist_002720,31.55,37,30.5,19,0,0,0,88.0,ON_TIME,HIGH
j_hist_002721,27.63,25,30.2,12,0,0,0,74.87,ON_TIME,MEDIUM
j_hist_002722,27.53,38,29.2,11,0,2,0,109.99,HEAVY_DELAY,MEDIUM
j_hist_002723,16.57,24,23.5,13,0,1,1,88.33,HEAVY_DELAY,MEDIUM
j_hist_002724,14.53,19,33.8,18,1,0,0,38.38,ON_TIME,HIGH
j_hist_002725,11.3,17,37.1,11,0,0,2,46.18,HEAVY_DELAY,MEDIUM
j_hist_002726,3.23,6,23.7,16,1,0,0,11.9,ON_TIME,MEDIUM
j_hist_002727,8.76,13,16.4,18,1,0,0,45.2,SLIGHT_DELAY,HIGH
j_hist_002728,9.38,12,22.3,15,0,0,0,34.37,ON_TIME,MEDIUM
j_hist_002729,17.46,19,17.8,10,1,0,2,107.8,HEAVY_DELAY,HIGH
j_hist_002730,26.41,26,27.1,7,1,0,0,75.22,ON_TIME,LOW
j_hist_002731,17.11,19,18.4,10,1,0,0,70.69,ON_TIME,HIGH
j_hist_002732,2.97,5,27.0,13,0,0,1,11.84,ON_TIME,MEDIUM
j_hist_002733,33.56,32,20.2,6,0,1,1,176.31,HEAVY_DELAY,LOW
j_hist_002734,33.05,33,34.7,10,1,1,1,118.76,HEAVY_DELAY,HIGH
j_hist_002735,27.7,31,14.8,18,1,0,0,135.51,ON_TIME,HIGH
j_hist_002736,34.71,34,29.5,8,0,1,1,138.29,HEAVY_DELAY,HIGH
j_hist_002737,19.51,24,18.7,18,1,1,2,138.88,HEAVY_DELAY,HIGH
j_hist_002738,33.73,47,14.0,14,1,0,1,180.0,ON_TIME,MEDIUM
j_hist_002739,3.57,6,38.3,10,0,0,0,11.92,ON_TIME,HIGH
j_hist_002740,13.43,18,32.8,15,0,0,0,35.2,ON_TIME,MEDIUM
j_hist_002741,8.66,11,16.8,17,0,0,2,56.31,HEAVY_DELAY,HIGH
j_hist_002742,7.66,10,32.6,22,1,1,2,36.38,MODERATE_DELAY,LOW
j_hist_002743,5.79,7,31.1,18,0,0,0,16.9,ON_TIME,HIGH
j_hist_002744,22.16,31,27.3,15,0,0,0,72.97,ON_TIME,MEDIUM
j_hist_002745,27.56,28,25.7,9,1,0,1,104.31,HEAVY_DELAY,HIGH
j_hist_002746,20.66,19,38.8,12,0,0,2,71.03,HEAVY_DELAY,MEDIUM
j_hist_002747,6.0,9,20.9,8,0,2,0,34.42,MODERATE_DELAY,HIGH
j_hist_002748,28.58,27,25.2,16,0,0,0,88.94,ON_TIME,MEDIUM
j_hist_002749,22.62,25,23.2,10,0,2,0,99.62,HEAVY_DELAY,HIGH
j_hist_002750,14.2,13,35.6,12,0,0,1,43.6,MODERATE_DELAY,MEDIUM
j_hist_002751,23.92,23,39.7,8,0,2,1,88.58,HEAVY_DELAY,HIGH
j_hist_002752,9.84,10,37.8,14,1,1,1,32.74,MODERATE_DELAY,MEDIUM
j_hist_002753,12.74,12,36.3,15,0,1,0,33.88,SLIGHT_DELAY,MEDIUM
j_hist_002754,32.19,40,41.6,19,0,0,0,76.34,ON_TIME,HIGH
j_hist_002755,10.88,16,33.5,9,1,1,0,37.52,SLIGHT_DELAY,HIGH
j_hist_002756,16.98,19,35.0,7,0,0,2,66.52,HEAVY_DELAY,LOW
j_hist_002757,31.26,43,41.5,19,0,0,0,77.1,ON_TIME,HIGH
j_hist_002758,25.06,25,14.2,6,0,0,1,157.15,HEAVY_DELAY,LOW
j_hist_002759,3.11,5,31.8,6,0,1,2,15.81,SLIGHT_DELAY,LOW
j_hist_002760,6.01,7,34.7,12,1,0,1,22.65,MODERATE_DELAY,MEDIUM
j_hist_002761,1.27,3,39.7,18,1,1,0,5.0,ON_TIME,HIGH
j_hist_002762,22.45,25,38.7,13,1,0,0,54.56,ON_TIME,MEDIUM
j_hist_002763,16.22,20,37.6,9,1,0,0,40.56,ON_TIME,HIGH
j_hist_002764,5.57,8,40.5,16,0,0,0,13.94,ON_TIME,MEDIUM
j_hist_002765,33.57,39,29.0,14,0,0,1,122.81,HEAVY_DELAY,MEDIUM
j_hist_002766,19.01,24,14.2,5,0,0,1,121.96,HEAVY_DELAY,LOW
j_hist_002767,9.22,14,14.3,15,0,0,1,60.26,MODERATE_DELAY,MEDIUM
j_hist_002768,18.02,19,29.2,21,0,0,2,75.31,HEAVY_DELAY,LOW
j_hist_002769,24.11,26,26.2,7,0,1,0,85.76,MODERATE_DELAY,LOW
j_hist_002770,3.59,6,26.6,5,0,0,1,15.85,SLIGHT_DELAY,LOW
j_hist_002771,10.34,14,25.2,21,0,0,0,34.32,ON_TIME,LOW
j_hist_002772,28.44,27,39.7,10,0,0,2,91.64,HEAVY_DELAY,HIGH
j_hist_002773,16.63,19,24.1,17,0,0,0,55.77,ON_TIME,HIGH
j_hist_002774,19.58,23,38.0,8,0,2,1,78.07,HEAVY_DELAY,HIGH
j_hist_002775,15.72,18,39.3,9,0,1,0,44.57,MODERATE_DELAY,HIGH
j_hist_002776,2.49,4,28.0,19,0,0,0,8.16,ON_TIME,HIGH
j_hist_002777,6.64,10,26.5,18,0,0,1,28.63,SLIGHT_DELAY,HIGH
j_hist_002778,16.15,22,35.3,19,0,0,2,67.69,HEAVY_DELAY,HIGH
j_hist_002779,8.11,10,33.8,16,0,0,0,24.87,SLIGHT_DELAY,MEDIUM
j_hist_002780,2.7,5,23.2,22,0,0,1,13.38,SLIGHT_DELAY,LOW
j_hist_002781,29.68,41,16.9,18,1,0,0,134.44,ON_TIME,HIGH
j_hist_002782,34.36,32,21.4,14,0,0,0,122.4,SLIGHT_DELAY,MEDIUM
j_hist_002783,27.97,28,17.7,12,1,2,1,180.0,HEAVY_DELAY,MEDIUM
j_hist_002784,30.03,35,22.3,8,0,2,0,137.82,HEAVY_DELAY,HIGH
j_hist_002785,9.23,13,21.3,22,0,0,1,43.43,MODERATE_DELAY,LOW
j_hist_002786,33.66,29,31.9,12,1,0,0,86.27,ON_TIME,MEDIUM
j_hist_002787,7.7,12,40.7,8,0,2,0,26.2,SLIGHT_DELAY,HIGH
j_hist_002788,33.35,37,33.2,15,0,0,0,86.32,ON_TIME,MEDIUM
j_hist_002789,34.82,37,39.9,9,0,2,1,133.84,HEAVY_DELAY,HIGH
j_hist_002790,25.2,26,36.0,14,1,0,1,76.37,MODERATE_DELAY,MEDIUM
j_hist_002791,34.36,33,34.4,10,0,0,1,104.18,HEAVY_DELAY,HIGH
j_hist_002792,20.36,27,25.6,8,0,0,1,83.15,HEAVY_DELAY,HIGH
j_hist_002793,9.82,15,23.1,22,1,1,1,51.03,MODERATE_DELAY,LOW
j_hist_002794,15.86,18,37.7,21,0,1,0,44.61,SLIGHT_DELAY,LOW
j_hist_002795,21.18,31,39.4,11,0,0,0,54.78,ON_TIME,MEDIUM
j_hist_002796,3.48,6,26.7,13,0,0,0,11.57,ON_TIME,MEDIUM
j_hist_002797,22.16,26,14.3,7,0,0,2,169.36,HEAVY_DELAY,LOW
j_hist_002798,34.36,43,36.2,13,0,0,0,88.87,ON_TIME,MEDIUM
j_hist_002799,7.46,9,22.0,8,0,1,2,47.22,HEAVY_DELAY,HIGH
j_hist_002800,27.95,33,14.3,13,0,0,1,177.31,HEAVY_DELAY,MEDIUM
j_hist_002801,31.87,28,36.5,10,0,1,1,104.92,HEAVY_DELAY,HIGH
j_hist_002802,33.09,42,28.5,15,0,2,0,130.35,HEAVY_DELAY,MEDIUM
j_hist_002803,33.64,29,33.2,19,1,0,0,82.36,ON_TIME,HIGH
j_hist_002804,18.73,26,39.6,10,0,1,1,69.61,HEAVY_DELAY,HIGH
j_hist_002805,34.23,46,29.2,14,0,0,1,132.62,HEAVY_DELAY,MEDIUM
j_hist_002806,26.75,27,28.1,22,0,0,2,116.19,HEAVY_DELAY,LOW
j_hist_002807,6.5,8,22.1,20,0,0,0,18.51,ON_TIME,LOW
j_hist_002808,17.21,20,22.5,8,1,1,1,89.81,HEAVY_DELAY,HIGH
j_hist_002809,25.42,31,36.3,17,0,0,0,64.23,ON_TIME,HIGH
j_hist_002810,9.41,11,26.6,9,0,2,0,38.45,MODERATE_DELAY,HIGH
j_hist_002811,22.78,28,18.6,22,0,1,1,136.85,HEAVY_DELAY,LOW
j_hist_002812,23.66,25,16.6,21,0,0,2,157.48,HEAVY_DELAY,LOW
j_hist_002813,6.53,7,27.2,20,1,0,2,33.46,MODERATE_DELAY,LOW
j_hist_002814,20.21,18,27.0,5,0,0,0,58.75,ON_TIME,LOW
j_hist_002815,27.24,25,32.3,5,0,1,1,100.77,HEAVY_DELAY,LOW
j_hist_002816,17.96,24,27.2,18,0,0,1,72.39,MODERATE_DELAY,HIGH
j_hist_002817,1.41,3,18.0,6,0,0,1,10.19,SLIGHT_DELAY,LOW
j_hist_002818,1.31,3,28.2,19,0,2,1,9.71,SLIGHT_DELAY,HIGH
j_hist_002819,13.14,16,39.4,7,1,0,1,41.97,MODERATE_DELAY,LOW
j_hist_002820,32.49,30,18.5,17,0,0,1,158.46,HEAVY_DELAY,HIGH
j_hist_002821,8.78,11,33.3,5,1,0,1,29.8,SLIGHT_DELAY,LOW
j_hist_002822,22.57,22,30.6,17,0,1,0,71.36,MODERATE_DELAY,HIGH
j_hist_002823,8.55,11,35.0,19,0,0,2,34.06,MODERATE_DELAY,HIGH
j_hist_002824,11.94,18,18.2,20,0,0,0,53.52,ON_TIME,LOW
j_hist_002825,29.83,29,40.4,15,1,0,2,99.39,HEAVY_DELAY,MEDIUM
j_hist_002826,25.78,34,31.4,7,0,0,0,74.44,ON_TIME,LOW
j_hist_002827,4.24,5,37.7,12,0,0,2,13.08,SLIGHT_DELAY,MEDIUM
j_hist_002828,15.58,17,20.9,10,0,1,1,81.7,HEAVY_DELAY,HIGH
j_hist_002829,1.99,3,34.7,9,1,0,0,6.28,ON_TIME,HIGH
j_hist_002830,17.35,19,35.9,19,1,1,2,75.01,HEAVY_DELAY,HIGH
j_hist_002831,23.52,23,25.1,13,0,1,1,104.96,HEAVY_DELAY,MEDIUM
j_hist_002832,5.03,7,24.8,9,1,2,1,27.98,MODERATE_DELAY,HIGH
j_hist_002833,10.82,13,32.4,14,0,0,1,40.35,MODERATE_DELAY,MEDIUM
j_hist_002834,14.53,16,16.6,10,0,1,0,74.4,MODERATE_DELAY,HIGH
j_hist_002835,32.26,40,34.6,15,0,0,0,85.04,ON_TIME,MEDIUM
j_hist_002836,34.77,48,15.2,8,0,0,0,171.4,ON_TIME,HIGH
j_hist_002837,2.53,4,19.3,16,1,0,2,17.82,SLIGHT_DELAY,MEDIUM
j_hist_002838,26.87,26,32.6,10,0,0,0,68.98,ON_TIME,HIGH
j_hist_002839,13.64,15,16.8,5,0,0,0,58.76,ON_TIME,LOW
j_hist_002840,14.34,20,41.2,22,1,1,1,48.76,MODERATE_DELAY,LOW
j_hist_002841,26.65,32,38.3,6,0,0,1,81.97,HEAVY_DELAY,LOW
j_hist_002842,32.23,36,31.5,9,0,0,0,91.35,SLIGHT_DELAY,HIGH
j_hist_002843,33.33,31,36.9,20,0,0,2,117.88,HEAVY_DELAY,LOW
j_hist_002844,20.62,24,38.9,16,0,0,0,49.09,ON_TIME,MEDIUM
j_hist_002845,13.14,14,21.3,16,0,2,0,62.6,HEAVY_DELAY,MEDIUM
j_hist_002846,27.78,39,37.8,15,1,0,1,89.54,HEAVY_DELAY,MEDIUM
j_hist_002847,9.53,14,19.5,11,0,0,0,39.6,ON_TIME,MEDIUM
j_hist_002848,20.18,19,25.6,6,1,0,0,61.63,ON_TIME,LOW
j_hist_002849,13.19,16,29.6,10,0,0,2,56.01,HEAVY_DELAY,HIGH
j_hist_002850,23.33,23,34.0,8,0,0,0,57.07,ON_TIME,HIGH
j_hist_002851,9.17,11,14.8,6,0,0,0,44.28,ON_TIME,LOW
j_hist_002852,7.51,11,22.1,21,0,2,2,56.42,HEAVY_DELAY,LOW
j_hist_002853,32.22,37,31.0,12,1,1,0,103.93,MODERATE_DELAY,MEDIUM
j_hist_002854,4.46,6,24.0,9,0,0,1,18.19,SLIGHT_DELAY,HIGH
j_hist_002855,18.2,18,35.7,14,0,0,0,45.01,ON_TIME,MEDIUM
j_hist_002856,8.51,12,32.2,20,0,0,0,24.85,ON_TIME,LOW
j_hist_002857,2.32,4,20.6,6,1,0,0,12.38,SLIGHT_DELAY,LOW
j_hist_002858,2.22,4,18.1,11,1,0,1,11.09,ON_TIME,MEDIUM
j_hist_002859,6.96,8,31.6,6,0,0,1,26.43,MODERATE_DELAY,LOW
j_hist_002860,30.47,32,26.6,17,0,0,0,91.97,ON_TIME,HIGH
j_hist_002861,10.6,16,18.7,8,0,1,1,68.46,HEAVY_DELAY,HIGH
j_hist_002862,33.32,39,23.1,20,1,0,1,145.52,HEAVY_DELAY,LOW
j_hist_002863,20.78,23,22.5,14,1,0,1,88.83,HEAVY_DELAY,MEDIUM
j_hist_002864,15.84,19,17.0,21,0,0,2,105.34,HEAVY_DELAY,LOW
j_hist_002865,20.72,28,29.3,18,1,0,1,81.45,HEAVY_DELAY,HIGH
j_hist_002866,18.57,20,35.4,16,0,1,1,65.72,HEAVY_DELAY,MEDIUM
j_hist_002867,26.8,26,30.1,17,1,0,0,74.68,ON_TIME,HIGH
j_hist_002868,10.6,14,37.1,12,1,0,1,36.32,MODERATE_DELAY,MEDIUM
j_hist_002869,13.0,17,17.6,21,1,0,0,59.49,SLIGHT_DELAY,LOW
j_hist_002870,31.4,40,26.2,22,0,0,0,102.73,ON_TIME,LOW
j_hist_002871,33.18,46,31.1,14,0,0,1,122.12,HEAVY_DELAY,MEDIUM
j_hist_002872,31.35,34,32.9,17,1,0,1,104.37,HEAVY_DELAY,HIGH
j_hist_002873,15.26,14,33.5,6,0,0,0,39.66,ON_TIME,LOW
j_hist_002874,27.53,39,34.4,21,0,2,0,101.68,HEAVY_DELAY,LOW
j_hist_002875,17.2,20,32.2,10,1,0,2,67.24,HEAVY_DELAY,HIGH
j_hist_002876,17.92,23,16.6,16,0,0,0,82.2,ON_TIME,MEDIUM
j_hist_002877,7.96,11,33.5,17,0,0,1,29.23,SLIGHT_DELAY,HIGH
j_hist_002878,21.1,25,34.3,8,0,2,0,74.63,HEAVY_DELAY,HIGH
j_hist_002879,7.33,8,41.8,19,0,2,0,19.13,SLIGHT_DELAY,HIGH
j_hist_002880,12.27,17,33.4,20,0,0,0,33.13,ON_TIME,LOW
j_hist_002881,30.07,40,33.2,19,0,2,0,109.5,HEAVY_DELAY,HIGH
j_hist_002882,8.04,11,28.4,10,0,1,1,40.08,MODERATE_DELAY,HIGH
j_hist_002883,3.42,5,38.3,10,0,2,0,13.01,SLIGHT_DELAY,HIGH
j_hist_002884,3.35,4,41.9,9,0,1,0,7.88,ON_TIME,HIGH
j_hist_002885,32.99,30,35.8,6,1,0,2,116.6,HEAVY_DELAY,LOW
j_hist_002886,18.24,20,31.2,6,0,1,0,58.71,MODERATE_DELAY,LOW
j_hist_002887,14.92,16,16.2,9,1,1,0,77.82,MODERATE_DELAY,HIGH
j_hist_002888,28.57,41,34.3,7,0,0,2,121.35,HEAVY_DELAY,LOW
j_hist_002889,29.42,39,33.8,10,1,1,0,92.96,MODERATE_DELAY,HIGH
j_hist_002890,12.29,16,35.7,15,0,0,2,48.4,HEAVY_DELAY,MEDIUM
j_hist_002891,24.58,29,17.5,9,0,2,0,138.48,HEAVY_DELAY,HIGH
j_hist_002892,27.22,26,32.3,22,0,0,1,88.52,HEAVY_DELAY,LOW
j_hist_002893,23.26,34,22.3,18,1,0,0,85.44,ON_TIME,HIGH
j_hist_002894,6.15,8,35.3,14,1,2,0,21.15,SLIGHT_DELAY,MEDIUM
j_hist_002895,30.78,28,20.7,7,1,0,0,112.06,ON_TIME,LOW
j_hist_002896,19.33,23,33.2,20,0,0,2,81.63,HEAVY_DELAY,LOW
j_hist_002897,10.6,16,22.3,20,0,0,1,52.01,MODERATE_DELAY,LOW
j_hist_002898,15.46,22,14.3,15,0,1,0,94.69,MODERATE_DELAY,MEDIUM
j_hist_002899,2.28,3,31.7,8,0,0,1,9.94,SLIGHT_DELAY,HIGH
j_hist_002900,5.35,9,17.2,15,0,2,2,50.13,HEAVY_DELAY,MEDIUM
j_hist_002901,27.03,28,32.5,12,0,2,0,90.5,HEAVY_DELAY,MEDIUM
j_hist_002902,1.0,2,39.9,20,0,0,0,5.0,ON_TIME,LOW
j_hist_002903,15.16,21,41.1,12,1,0,1,45.2,MODERATE_DELAY,MEDIUM
j_hist_002904,18.77,26,20.6,13,0,0,2,112.55,HEAVY_DELAY,MEDIUM
j_hist_002905,2.86,5,36.7,18,0,0,0,5.43,ON_TIME,HIGH
j_hist_002906,34.08,41,23.9,12,0,0,1,145.89,HEAVY_DELAY,MEDIUM
j_hist_002907,8.69,13,39.2,20,1,0,0,23.7,ON_TIME,LOW
j_hist_002908,11.34,16,36.0,6,1,1,1,44.35,MODERATE_DELAY,LOW
j_hist_002909,11.33,17,16.1,22,0,2,0,67.47,MODERATE_DELAY,LOW
j_hist_002910,8.83,11,25.4,17,0,0,0,27.0,ON_TIME,HIGH
j_hist_002911,1.05,3,23.4,21,0,0,1,6.37,ON_TIME,LOW
j_hist_002912,25.8,38,36.0,5,0,0,1,90.59,HEAVY_DELAY,LOW
j_hist_002913,33.87,31,25.5,9,0,1,0,118.43,HEAVY_DELAY,HIGH
j_hist_002914,8.63,13,33.2,17,0,0,2,40.05,MODERATE_DELAY,HIGH
j_hist_002915,23.54,27,30.9,10,0,0,1,83.33,HEAVY_DELAY,HIGH
j_hist_002916,26.22,29,41.3,14,1,0,1,74.81,MODERATE_DELAY,MEDIUM
j_hist_002917,29.85,36,40.3,13,0,0,0,71.41,ON_TIME,MEDIUM
j_hist_002918,15.37,14,26.0,10,0,0,2,67.97,HEAVY_DELAY,HIGH
j_hist_002919,11.3,14,34.3,5,0,0,1,41.5,MODERATE_DELAY,LOW
j_hist_002920,12.06,17,37.2,22,1,0,0,33.42,ON_TIME,LOW
j_hist_002921,25.23,25,39.2,11,0,0,2,86.7,HEAVY_DELAY,MEDIUM
j_hist_002922,28.77,32,15.9,14,0,0,2,180.0,HEAVY_DELAY,MEDIUM
j_hist_002923,7.17,11,22.5,16,1,0,1,34.58,MODERATE_DELAY,MEDIUM
j_hist_002924,13.61,16,23.0,19,0,1,1,65.49,HEAVY_DELAY,HIGH
j_hist_002925,31.67,34,26.2,21,0,0,0,98.19,ON_TIME,LOW
j_hist_002926,28.43,32,18.7,7,0,0,0,114.96,ON_TIME,LOW
j_hist_002927,34.49,40,27.9,19,1,0,1,126.18,HEAVY_DELAY,HIGH
j_hist_002928,26.64,33,32.6,5,0,0,2,112.75,HEAVY_DELAY,LOW
j_hist_002929,14.37,20,27.9,15,0,0,1,57.78,MODERATE_DELAY,MEDIUM
j_hist_002930,21.08,24,32.6,10,0,0,1,71.21,MODERATE_DELAY,HIGH
j_hist_002931,23.47,32,15.9,20,0,0,0,111.77,ON_TIME,LOW
j_hist_002932,3.67,6,38.5,16,0,0,0,12.34,SLIGHT_DELAY,MEDIUM
j_hist_002933,19.51,21,40.3,19,0,1,0,52.11,MODERATE_DELAY,HIGH
j_hist_002934,25.12,32,31.3,22,0,0,0,70.54,ON_TIME,LOW
j_hist_002935,6.69,10,38.7,14,0,0,1,20.31,SLIGHT_DELAY,MEDIUM
j_hist_002936,27.54,33,17.7,16,0,0,0,116.66,ON_TIME,MEDIUM
j_hist_002937,20.85,19,36.3,9,0,0,0,47.99,ON_TIME,HIGH
j_hist_002938,33.38,32,17.3,22,0,0,0,138.61,ON_TIME,LOW
j_hist_002939,2.44,4,25.4,16,1,0,0,7.9,ON_TIME,MEDIUM
j_hist_002940,10.02,11,23.1,5,1,0,2,52.09,HEAVY_DELAY,LOW
j_hist_002941,21.45,27,30.4,6,0,0,0,61.79,ON_TIME,LOW
j_hist_002942,11.08,10,22.4,7,0,1,0,44.56,MODERATE_DELAY,LOW
j_hist_002943,25.29,33,31.8,16,0,2,0,97.07,HEAVY_DELAY,MEDIUM
j_hist_002944,26.81,27,24.3,18,1,0,2,127.99,HEAVY_DELAY,HIGH
j_hist_002945,4.49,6,38.1,11,1,0,0,13.52,ON_TIME,MEDIUM
j_hist_002946,18.47,22,31.7,8,0,1,0,57.73,SLIGHT_DELAY,HIGH
j_hist_002947,18.3,19,20.0,16,1,1,1,100.72,HEAVY_DELAY,MEDIUM
j_hist_002948,13.56,20,23.4,12,1,0,0,50.38,ON_TIME,MEDIUM
j_hist_002949,32.72,29,37.7,5,1,0,1,94.0,HEAVY_DELAY,LOW
j_hist_002950,29.14,33,24.8,9,1,2,1,152.96,HEAVY_DELAY,HIGH
j_hist_002951,24.71,34,29.0,5,1,1,0,89.16,MODERATE_DELAY,LOW
j_hist_002952,25.29,31,32.2,19,0,0,0,68.82,ON_TIME,HIGH
j_hist_002953,16.7,18,23.7,17,0,0,1,69.2,MODERATE_DELAY,HIGH
j_hist_002954,32.31,36,22.2,17,1,0,2,170.07,HEAVY_DELAY,HIGH
j_hist_002955,24.62,32,27.3,8,0,0,1,95.93,HEAVY_DELAY,HIGH
j_hist_002956,25.79,37,20.0,19,0,1,0,120.93,HEAVY_DELAY,HIGH
j_hist_002957,30.3,42,22.0,16,0,2,0,149.75,HEAVY_DELAY,MEDIUM
j_hist_002958,10.32,12,15.7,12,1,0,0,48.51,ON_TIME,MEDIUM
j_hist_002959,28.44,41,22.5,20,0,0,1,133.22,HEAVY_DELAY,LOW
j_hist_002960,7.64,8,23.0,16,0,0,1,32.09,SLIGHT_DELAY,MEDIUM
j_hist_002961,12.74,12,40.9,10,0,1,0,33.25,SLIGHT_DELAY,HIGH
j_hist_002962,12.41,18,30.5,19,1,1,2,64.18,HEAVY_DELAY,HIGH
j_hist_002963,34.27,33,36.0,11,0,0,0,83.12,ON_TIME,MEDIUM
j_hist_002964,30.12,27,15.3,9,0,1,1,180.0,HEAVY_DELAY,HIGH
j_hist_002965,24.84,25,17.0,19,0,0,0,111.3,SLIGHT_DELAY,HIGH
j_hist_002966,25.72,29,36.8,16,0,1,0,73.4,MODERATE_DELAY,MEDIUM
j_hist_002967,20.11,26,31.5,15,0,0,1,72.15,MODERATE_DELAY,MEDIUM
j_hist_002968,33.2,40,19.3,8,1,0,1,163.47,HEAVY_DELAY,HIGH
j_hist_002969,17.87,18,25.3,17,1,0,1,71.7,HEAVY_DELAY,HIGH
j_hist_002970,13.94,17,29.1,22,0,0,1,50.48,MODERATE_DELAY,LOW
j_hist_002971,6.54,10,37.6,12,0,0,0,17.96,ON_TIME,MEDIUM
j_hist_002972,27.73,37,15.7,11,1,1,0,153.41,HEAVY_DELAY,MEDIUM
j_hist_002973,25.97,27,30.7,20,0,0,1,89.59,HEAVY_DELAY,LOW
j_hist_002974,14.07,21,34.1,7,0,0,0,40.1,ON_TIME,LOW
j_hist_002975,1.86,4,41.4,20,1,0,2,6.68,ON_TIME,LOW
j_hist_002976,29.53,26,36.6,20,1,0,0,66.45,ON_TIME,LOW
j_hist_002977,1.39,3,21.7,11,1,0,1,5.95,ON_TIME,MEDIUM
j_hist_002978,24.93,24,33.9,17,0,0,0,62.44,ON_TIME,HIGH
j_hist_002979,33.99,44,35.4,17,1,1,2,158.31,HEAVY_DELAY,HIGH
j_hist_002980,15.88,16,34.4,22,0,2,0,51.11,MODERATE_DELAY,LOW
j_hist_002981,8.99,11,37.0,11,0,0,0,23.73,ON_TIME,MEDIUM
j_hist_002982,24.97,23,39.3,22,1,0,0,56.71,ON_TIME,LOW
j_hist_002983,28.78,40,16.8,22,0,1,1,180.0,HEAVY_DELAY,LOW
j_hist_002984,19.58,21,16.9,8,0,0,0,83.86,ON_TIME,HIGH
j_hist_002985,33.88,47,36.3,13,1,1,0,106.85,HEAVY_DELAY,MEDIUM
j_hist_002986,2.76,5,21.1,20,1,1,0,12.15,ON_TIME,LOW
j_hist_002987,18.16,16,15.6,8,0,0,0,82.16,ON_TIME,HIGH
j_hist_002988,25.43,29,25.2,12,0,0,1,102.76,HEAVY_DELAY,MEDIUM
j_hist_002989,30.33,26,37.0,7,1,0,0,69.46,ON_TIME,LOW
j_hist_002990,7.09,11,17.5,13,1,0,1,41.21,MODERATE_DELAY,MEDIUM
j_hist_002991,28.2,33,32.8,12,1,0,1,96.61,HEAVY_DELAY,MEDIUM
j_hist_002992,19.79,18,14.1,16,0,0,1,122.28,HEAVY_DELAY,MEDIUM
j_hist_002993,14.48,14,17.1,18,0,1,1,89.15,HEAVY_DELAY,HIGH
j_hist_002994,5.48,7,23.8,14,0,2,1,32.31,MODERATE_DELAY,MEDIUM
j_hist_002995,30.42,43,16.3,21,0,0,1,177.62,HEAVY_DELAY,LOW
j_hist_002996,6.35,9,37.7,15,0,0,0,18.84,ON_TIME,MEDIUM
j_hist_002997,11.53,17,38.2,14,0,0,0,30.58,ON_TIME,MEDIUM
j_hist_002998,10.86,13,35.2,17,0,1,1,41.16,MODERATE_DELAY,HIGH
j_hist_002999,30.63,27,20.8,6,0,1,0,125.17,HEAVY_DELAY,LOW
j_hist_003000,23.87,35,28.7,5,0,0,1,94.71,HEAVY_DELAY,LOW
j_hist_003001,28.09,24,19.2,5,0,0,1,132.29,HEAVY_DELAY,LOW
j_hist_003002,9.52,15,21.9,20,0,1,0,43.15,SLIGHT_DELAY,LOW
j_hist_003003,22.25,24,28.4,14,0,0,2,97.07,HEAVY_DELAY,MEDIUM
j_hist_003004,20.44,18,34.6,14,0,0,1,62.85,MODERATE_DELAY,MEDIUM
j_hist_003005,29.32,37,16.7,11,0,0,1,168.09,HEAVY_DELAY,MEDIUM
j_hist_003006,31.81,46,22.3,11,0,0,0,119.28,ON_TIME,MEDIUM
j_hist_003007,1.41,3,39.9,5,1,0,2,9.55,SLIGHT_DELAY,LOW
j_hist_003008,23.92,23,26.0,17,1,0,1,88.26,HEAVY_DELAY,HIGH
j_hist_003009,2.76,4,40.3,9,0,1,0,6.58,ON_TIME,HIGH
j_hist_003010,19.66,24,41.8,7,1,0,1,57.71,MODERATE_DELAY,LOW
j_hist_003011,10.78,14,28.7,17,0,0,0,33.45,ON_TIME,HIGH
j_hist_003012,11.43,16,22.1,16,0,0,0,41.98,ON_TIME,MEDIUM
j_hist_003013,13.0,13,36.1,22,1,1,2,53.52,HEAVY_DELAY,LOW
j_hist_003014,22.12,32,18.5,9,0,1,2,163.89,HEAVY_DELAY,HIGH
j_hist_003015,12.36,16,21.1,9,0,2,1,76.28,HEAVY_DELAY,HIGH
j_hist_003016,25.91,35,36.0,6,1,0,1,84.52,HEAVY_DELAY,LOW
j_hist_003017,14.75,18,26.1,10,1,1,0,53.92,SLIGHT_DELAY,HIGH
j_hist_003018,3.32,5,19.6,11,1,0,0,13.29,ON_TIME,MEDIUM
j_hist_003019,27.65,40,32.2,5,1,0,0,79.77,ON_TIME,LOW
j_hist_003020,10.72,14,34.5,7,0,0,0,31.36,SLIGHT_DELAY,LOW
j_hist_003021,15.71,22,17.5,6,0,0,1,88.87,HEAVY_DELAY,LOW
j_hist_003022,24.31,35,21.8,14,0,0,0,95.12,ON_TIME,MEDIUM
j_hist_003023,12.3,16,20.2,15,0,0,1,60.78,MODERATE_DELAY,MEDIUM
j_hist_003024,2.92,5,24.6,17,0,0,0,11.6,ON_TIME,HIGH
j_hist_003025,13.71,12,35.4,20,1,2,0,41.72,MODERATE_DELAY,LOW
j_hist_003026,33.11,29,34.0,15,0,0,0,79.98,ON_TIME,MEDIUM
j_hist_003027,22.82,23,32.6,22,0,0,1,75.26,HEAVY_DELAY,LOW
j_hist_003028,23.83,23,14.2,15,0,1,1,168.63,HEAVY_DELAY,MEDIUM
j_hist_003029,22.5,23,18.0,5,0,0,0,92.11,ON_TIME,LOW
j_hist_003030,7.77,9,20.3,22,1,0,1,39.9,MODERATE_DELAY,LOW
j_hist_003031,15.22,17,21.6,9,0,0,1,68.65,MODERATE_DELAY,HIGH
j_hist_003032,26.53,29,18.1,6,0,0,2,164.83,HEAVY_DELAY,LOW
j_hist_003033,4.45,5,25.5,22,0,0,1,19.27,SLIGHT_DELAY,LOW
j_hist_003034,10.45,10,16.1,11,0,1,0,55.12,MODERATE_DELAY,MEDIUM
j_hist_003035,10.39,14,35.0,15,0,0,0,29.83,ON_TIME,MEDIUM
j_hist_003036,15.69,19,36.1,15,0,2,0,50.83,MODERATE_DELAY,MEDIUM
j_hist_003037,34.33,38,30.1,17,0,0,0,96.27,ON_TIME,HIGH
j_hist_003038,3.3,5,16.5,8,0,1,1,25.19,MODERATE_DELAY,HIGH
j_hist_003039,18.64,26,38.9,5,1,0,2,72.05,HEAVY_DELAY,LOW
j_hist_003040,7.1,9,41.0,22,0,0,0,17.94,ON_TIME,LOW
j_hist_003041,34.0,42,19.7,16,0,0,2,180.0,HEAVY_DELAY,MEDIUM
j_hist_003042,4.85,8,33.7,14,0,0,0,17.1,SLIGHT_DELAY,MEDIUM
j_hist_003043,14.72,21,37.6,12,0,0,0,37.9,ON_TIME,MEDIUM
j_hist_003044,26.09,29,29.1,7,0,0,0,75.9,ON_TIME,LOW
j_hist_003045,24.95,31,23.1,11,1,0,0,88.15,ON_TIME,MEDIUM
j_hist_003046,15.37,15,27.4,15,0,0,0,48.9,SLIGHT_DELAY,MEDIUM
j_hist_003047,12.78,16,28.3,11,0,0,0,38.19,ON_TIME,MEDIUM
j_hist_003048,14.52,22,25.2,11,0,1,1,71.95,HEAVY_DELAY,MEDIUM
j_hist_003049,9.99,13,40.0,13,1,1,1,38.48,MODERATE_DELAY,MEDIUM
j_hist_003050,7.98,12,34.8,7,0,0,2,38.12,HEAVY_DELAY,LOW
j_hist_003051,17.42,20,20.8,15,0,1,0,76.96,MODERATE_DELAY,MEDIUM
j_hist_003052,10.13,16,30.4,21,0,0,1,37.64,SLIGHT_DELAY,LOW
j_hist_003053,10.77,14,33.3,12,1,1,2,50.14,HEAVY_DELAY,MEDIUM
j_hist_003054,23.33,21,17.9,6,0,0,1,115.99,HEAVY_DELAY,LOW
j_hist_003055,33.93,41,24.0,5,0,0,0,118.5,SLIGHT_DELAY,LOW
j_hist_003056,21.52,22,39.4,20,0,1,0,56.59,MODERATE_DELAY,LOW
j_hist_003057,3.62,4,29.9,8,1,1,1,15.2,SLIGHT_DELAY,HIGH
j_hist_003058,3.57,6,20.1,13,0,1,2,25.68,MODERATE_DELAY,MEDIUM
j_hist_003059,33.35,34,17.4,12,0,0,1,173.31,HEAVY_DELAY,MEDIUM
j_hist_003060,11.11,16,28.5,5,0,0,1,43.13,MODERATE_DELAY,LOW
j_hist_003061,4.13,6,29.3,12,1,0,0,15.89,SLIGHT_DELAY,MEDIUM
j_hist_003062,21.37,21,23.4,9,0,2,2,137.66,HEAVY_DELAY,HIGH
j_hist_003063,22.2,32,31.7,5,0,0,0,63.33,ON_TIME,LOW
j_hist_003064,23.05,25,15.9,11,0,1,2,180.0,HEAVY_DELAY,MEDIUM
j_hist_003065,10.09,13,18.1,19,1,2,0,56.13,MODERATE_DELAY,HIGH
j_hist_003066,1.51,3,29.3,11,1,0,1,6.61,ON_TIME,MEDIUM
j_hist_003067,33.81,40,15.7,5,0,1,0,180.0,HEAVY_DELAY,LOW
j_hist_003068,9.53,14,38.7,13,0,0,0,23.55,ON_TIME,MEDIUM
j_hist_003069,23.98,30,18.0,5,0,0,0,101.54,ON_TIME,LOW
j_hist_003070,25.03,28,32.9,16,1,1,0,79.97,MODERATE_DELAY,MEDIUM
j_hist_003071,21.74,30,25.0,11,0,0,2,113.49,HEAVY_DELAY,MEDIUM
j_hist_003072,11.64,12,25.2,13,0,0,0,37.76,ON_TIME,MEDIUM
j_hist_003073,10.22,13,35.4,9,0,0,0,26.77,ON_TIME,HIGH
j_hist_003074,21.32,31,28.0,16,0,0,0,69.11,ON_TIME,MEDIUM
j_hist_003075,30.45,37,34.3,6,0,0,0,83.52,SLIGHT_DELAY,LOW
j_hist_003076,33.19,44,28.1,22,0,0,0,103.92,ON_TIME,LOW
j_hist_003077,4.6,7,30.6,13,0,0,0,14.69,ON_TIME,MEDIUM
j_hist_003078,6.26,10,35.3,5,1,2,0,24.42,SLIGHT_DELAY,LOW
j_hist_003079,33.12,47,31.0,14,1,0,2,147.17,HEAVY_DELAY,MEDIUM
j_hist_003080,26.04,27,31.2,18,0,0,0,70.08,ON_TIME,HIGH
j_hist_003081,31.02,29,36.1,18,0,0,1,89.79,HEAVY_DELAY,HIGH
j_hist_003082,7.89,10,40.6,11,1,0,1,19.8,ON_TIME,MEDIUM
j_hist_003083,20.98,27,24.5,16,0,0,1,87.17,HEAVY_DELAY,MEDIUM
j_hist_003084,24.84,25,30.2,10,0,0,1,85.14,HEAVY_DELAY,HIGH
j_hist_003085,24.12,21,16.4,17,0,0,2,157.87,HEAVY_DELAY,HIGH
j_hist_003086,14.88,16,24.0,12,0,0,0,49.64,ON_TIME,MEDIUM
j_hist_003087,1.52,4,25.5,6,0,1,0,8.27,ON_TIME,LOW
j_hist_003088,20.82,27,37.4,14,0,2,0,71.29,HEAVY_DELAY,MEDIUM
j_hist_003089,9.61,11,28.4,10,0,0,1,38.49,MODERATE_DELAY,HIGH
j_hist_003090,16.31,16,34.5,20,0,0,1,51.6,MODERATE_DELAY,LOW
j_hist_003091,33.56,36,14.5,14,0,1,1,180.0,MODERATE_DELAY,MEDIUM
j_hist_003092,14.57,15,27.0,19,0,2,2,84.97,HEAVY_DELAY,HIGH
j_hist_003093,29.55,27,39.2,14,1,0,1,83.91,HEAVY_DELAY,MEDIUM
j_hist_003094,7.41,11,20.3,15,1,2,0,40.29,MODERATE_DELAY,MEDIUM
j_hist_003095,23.86,35,14.9,6,0,1,0,139.69,HEAVY_DELAY,LOW
j_hist_003096,34.22,32,26.1,14,0,0,0,103.01,ON_TIME,MEDIUM
j_hist_003097,4.46,5,33.7,16,1,0,0,13.73,SLIGHT_DELAY,MEDIUM
j_hist_003098,1.28,3,26.7,15,1,0,0,6.66,ON_TIME,MEDIUM
j_hist_003099,15.74,18,26.9,19,1,0,2,74.06,HEAVY_DELAY,HIGH
j_hist_003100,4.15,5,32.8,8,0,0,1,12.65,ON_TIME,HIGH
j_hist_003101,26.45,27,21.1,9,0,0,0,93.89,ON_TIME,HIGH
j_hist_003102,32.09,31,35.1,5,1,0,2,117.45,HEAVY_DELAY,LOW
j_hist_003103,15.76,21,18.3,5,0,0,2,103.97,HEAVY_DELAY,LOW
j_hist_003104,9.8,14,25.1,14,0,0,2,51.78,HEAVY_DELAY,MEDIUM
j_hist_003105,15.77,20,32.4,8,0,2,0,57.52,MODERATE_DELAY,HIGH
j_hist_003106,25.6,28,37.2,17,0,0,0,61.33,ON_TIME,HIGH
j_hist_003107,1.31,3,36.2,18,0,0,0,5.6,ON_TIME,HIGH
j_hist_003108,21.04,31,34.2,9,0,0,2,92.01,HEAVY_DELAY,HIGH
j_hist_003109,21.85,21,24.1,15,1,0,1,87.32,HEAVY_DELAY,MEDIUM
j_hist_003110,22.68,23,17.4,12,0,0,0,95.03,ON_TIME,MEDIUM
j_hist_003111,9.23,12,20.1,5,0,1,2,62.34,HEAVY_DELAY,LOW
j_hist_003112,25.28,23,38.2,9,0,0,0,55.29,ON_TIME,HIGH
j_hist_003113,4.11,6,38.0,22,0,0,1,11.32,ON_TIME,LOW
j_hist_003114,7.78,10,40.6,17,1,0,1,24.88,SLIGHT_DELAY,HIGH
j_hist_003115,30.83,36,16.1,9,0,0,1,175.17,HEAVY_DELAY,HIGH
j_hist_003116,26.12,28,29.0,11,0,0,0,76.34,ON_TIME,MEDIUM
j_hist_003117,1.47,3,32.2,16,0,0,0,5.0,ON_TIME,MEDIUM
j_hist_003118,9.44,14,33.9,6,0,0,0,28.23,ON_TIME,LOW
j_hist_003119,8.29,9,32.0,17,0,1,0,24.99,SLIGHT_DELAY,HIGH
j_hist_003120,10.21,14,35.6,18,0,0,2,42.08,MODERATE_DELAY,HIGH
j_hist_003121,9.42,9,24.1,10,0,1,2,51.76,HEAVY_DELAY,HIGH
j_hist_003122,3.13,4,19.0,20,1,1,1,17.8,SLIGHT_DELAY,LOW
j_hist_003123,16.6,20,19.7,14,0,0,0,63.81,ON_TIME,MEDIUM
j_hist_003124,25.91,24,14.3,15,0,1,0,145.37,HEAVY_DELAY,MEDIUM
j_hist_003125,21.63,19,23.8,5,0,0,0,71.04,SLIGHT_DELAY,LOW
j_hist_003126,23.88,23,16.6,19,0,0,1,130.74,HEAVY_DELAY,HIGH
j_hist_003127,3.76,6,23.0,20,0,2,0,16.83,SLIGHT_DELAY,LOW
j_hist_003128,33.35,42,31.6,14,1,0,0,94.38,ON_TIME,MEDIUM
j_hist_003129,29.51,29,39.0,14,0,0,0,66.49,ON_TIME,MEDIUM
j_hist_003130,28.37,36,37.5,7,0,1,0,84.05,MODERATE_DELAY,LOW
j_hist_003131,28.98,28,21.1,15,0,0,1,127.08,HEAVY_DELAY,MEDIUM
j_hist_003132,32.71,40,17.8,15,0,1,0,163.19,HEAVY_DELAY,MEDIUM
j_hist_003133,19.5,22,19.4,20,0,0,1,100.17,HEAVY_DELAY,LOW
j_hist_003134,7.81,11,41.2,10,0,0,0,19.86,ON_TIME,HIGH
j_hist_003135,21.97,32,29.4,13,0,0,0,68.52,ON_TIME,MEDIUM
j_hist_003136,26.26,37,19.1,5,1,0,0,111.78,ON_TIME,LOW
j_hist_003137,26.09,22,37.5,10,0,0,1,71.14,MODERATE_DELAY,HIGH
j_hist_003138,18.73,26,25.1,22,0,0,0,66.18,ON_TIME,LOW
j_hist_003139,3.33,4,39.2,17,0,0,0,6.7,ON_TIME,HIGH
j_hist_003140,13.62,20,21.3,6,1,1,2,96.1,HEAVY_DELAY,LOW
j_hist_003141,32.31,33,25.0,6,0,0,1,124.96,HEAVY_DELAY,LOW
j_hist_003142,20.87,23,28.1,8,0,0,0,60.72,ON_TIME,HIGH
j_hist_003143,19.3,18,39.0,8,0,0,0,43.82,ON_TIME,HIGH
j_hist_003144,10.14,10,38.3,14,0,0,1,30.3,SLIGHT_DELAY,MEDIUM
j_hist_003145,13.53,18,30.1,21,1,1,0,45.81,SLIGHT_DELAY,LOW
j_hist_003146,31.44,44,20.2,20,1,1,0,147.19,HEAVY_DELAY,LOW
j_hist_003147,23.66,29,25.3,12,1,2,2,150.26,HEAVY_DELAY,MEDIUM
j_hist_003148,27.77,36,41.3,10,0,1,1,95.14,HEAVY_DELAY,HIGH
j_hist_003149,16.45,22,31.0,6,0,0,0,46.35,ON_TIME,LOW
j_hist_003150,22.43,23,35.9,19,0,0,0,55.08,ON_TIME,HIGH
j_hist_003151,9.45,9,26.6,15,0,0,0,27.85,ON_TIME,MEDIUM
j_hist_003152,24.99,22,28.9,20,1,2,1,109.3,HEAVY_DELAY,LOW
j_hist_003153,15.54,17,26.0,8,1,0,0,48.85,ON_TIME,HIGH
j_hist_003154,16.05,17,33.7,15,0,0,1,49.93,MODERATE_DELAY,MEDIUM
j_hist_003155,23.08,21,37.8,18,0,0,2,78.93,HEAVY_DELAY,HIGH
j_hist_003156,32.83,31,28.2,12,0,1,0,108.45,HEAVY_DELAY,MEDIUM
j_hist_003157,3.18,4,27.5,10,1,0,2,13.29,SLIGHT_DELAY,HIGH
j_hist_003158,29.04,41,23.5,8,0,0,0,104.21,ON_TIME,HIGH
j_hist_003159,10.94,11,19.0,8,1,0,0,45.18,SLIGHT_DELAY,HIGH
j_hist_003160,16.09,20,40.3,10,0,2,0,49.95,MODERATE_DELAY,HIGH
j_hist_003161,1.75,4,22.9,15,1,0,0,6.77,ON_TIME,MEDIUM
j_hist_003162,11.24,14,36.4,5,0,0,1,39.77,MODERATE_DELAY,LOW
j_hist_003163,18.09,17,34.0,6,1,2,0,59.6,MODERATE_DELAY,LOW
j_hist_003164,2.91,4,36.1,13,0,1,0,8.41,ON_TIME,MEDIUM
j_hist_003165,17.7,16,40.2,20,0,0,0,39.34,ON_TIME,LOW
j_hist_003166,32.52,35,31.5,10,0,0,0,84.69,ON_TIME,HIGH
j_hist_003167,4.58,6,39.1,13,0,1,1,15.55,SLIGHT_DELAY,MEDIUM
j_hist_003168,26.99,32,18.7,9,0,0,1,137.82,HEAVY_DELAY,HIGH
j_hist_003169,14.93,20,31.5,14,0,1,1,61.6,HEAVY_DELAY,MEDIUM
j_hist_003170,23.28,28,35.6,11,1,1,0,68.06,MODERATE_DELAY,MEDIUM
j_hist_003171,9.85,12,21.6,6,1,1,0,42.66,SLIGHT_DELAY,LOW
j_hist_003172,6.42,8,34.7,8,1,0,1,20.9,SLIGHT_DELAY,HIGH
j_hist_003173,6.46,10,35.8,12,1,0,0,18.1,ON_TIME,MEDIUM
j_hist_003174,3.4,5,37.3,7,0,0,1,10.95,ON_TIME,LOW
j_hist_003175,7.31,11,22.8,6,0,2,1,43.99,HEAVY_DELAY,LOW
j_hist_003176,23.58,31,33.1,13,0,0,1,83.47,HEAVY_DELAY,MEDIUM
j_hist_003177,30.98,34,22.5,15,1,0,1,136.04,HEAVY_DELAY,MEDIUM
j_hist_003178,28.68,30,34.7,8,0,0,0,73.24,ON_TIME,HIGH
j_hist_003179,24.29,28,27.0,13,0,1,1,107.9,HEAVY_DELAY,MEDIUM
j_hist_003180,4.75,6,30.7,10,0,0,0,13.78,ON_TIME,HIGH
j_hist_003181,10.83,10,25.6,5,0,1,1,46.72,MODERATE_DELAY,LOW
j_hist_003182,11.53,11,18.5,7,1,1,0,53.68,MODERATE_DELAY,LOW
j_hist_003183,9.5,10,19.0,11,0,0,0,36.34,ON_TIME,MEDIUM
j_hist_003184,18.51,22,16.2,13,1,0,2,127.92,HEAVY_DELAY,MEDIUM
j_hist_003185,19.21,27,31.3,12,0,0,0,56.92,ON_TIME,MEDIUM
j_hist_003186,13.13,14,37.8,17,1,0,0,29.82,ON_TIME,HIGH
j_hist_003187,13.03,19,14.6,22,1,0,0,67.45,ON_TIME,LOW
j_hist_003188,29.17,42,15.9,13,0,0,0,141.47,ON_TIME,MEDIUM
j_hist_003189,27.84,40,26.8,10,0,0,1,116.8,HEAVY_DELAY,HIGH
j_hist_003190,11.47,16,34.7,16,1,1,0,37.01,SLIGHT_DELAY,MEDIUM
j_hist_003191,32.07,34,18.4,8,0,0,1,163.57,HEAVY_DELAY,HIGH
j_hist_003192,33.4,30,21.6,13,0,0,2,170.55,HEAVY_DELAY,MEDIUM
j_hist_003193,12.11,15,20.5,14,0,0,0,45.33,ON_TIME,MEDIUM
j_hist_003194,13.05,16,25.2,7,0,0,0,44.94,ON_TIME,LOW
j_hist_003195,18.19,25,20.3,21,0,1,0,82.11,MODERATE_DELAY,LOW
j_hist_003196,33.0,48,23.9,11,1,0,0,119.15,ON_TIME,MEDIUM
j_hist_003197,30.79,36,34.4,12,1,2,0,104.02,HEAVY_DELAY,MEDIUM
j_hist_003198,4.49,6,31.1,15,1,0,1,17.63,SLIGHT_DELAY,MEDIUM
j_hist_003199,14.35,15,16.3,17,1,2,1,103.77,HEAVY_DELAY,HIGH
j_hist_003200,19.81,17,31.9,7,0,2,1,81.17,HEAVY_DELAY,LOW
j_hist_003201,18.11,22,27.4,18,0,0,2,83.11,HEAVY_DELAY,HIGH
j_hist_003202,7.59,10,40.2,20,0,0,1,22.91,SLIGHT_DELAY,LOW
j_hist_003203,30.2,41,22.1,19,1,0,2,170.38,HEAVY_DELAY,HIGH
j_hist_003204,24.02,28,34.3,6,0,2,1,102.23,HEAVY_DELAY,LOW
j_hist_003205,29.49,41,34.5,10,0,1,0,92.82,MODERATE_DELAY,HIGH
j_hist_003206,30.2,37,20.2,11,0,0,0,118.55,ON_TIME,MEDIUM
j_hist_003207,26.44,36,39.3,13,1,0,1,83.11,HEAVY_DELAY,MEDIUM
j_hist_003208,15.93,16,27.8,13,1,1,1,67.13,HEAVY_DELAY,MEDIUM
j_hist_003209,21.76,30,33.0,21,1,0,2,92.56,HEAVY_DELAY,LOW
j_hist_003210,6.45,9,18.1,7,0,0,1,36.83,MODERATE_DELAY,LOW
j_hist_003211,23.9,23,21.2,8,0,0,0,87.02,SLIGHT_DELAY,HIGH
j_hist_003212,7.09,8,30.4,6,0,1,0,23.1,SLIGHT_DELAY,LOW
j_hist_003213,24.59,35,22.9,5,0,1,0,99.91,MODERATE_DELAY,LOW
j_hist_003214,8.81,9,28.0,14,0,0,0,25.2,ON_TIME,MEDIUM
j_hist_003215,5.0,7,24.5,7,0,0,0,16.76,ON_TIME,LOW
j_hist_003216,6.62,8,31.9,14,0,0,1,22.87,SLIGHT_DELAY,MEDIUM
j_hist_003217,1.07,3,27.6,13,1,0,0,5.83,ON_TIME,MEDIUM
j_hist_003218,25.44,35,14.1,21,1,0,1,167.02,HEAVY_DELAY,LOW
j_hist_003219,25.9,28,32.2,19,0,0,0,69.1,ON_TIME,HIGH
j_hist_003220,18.51,21,25.8,7,1,1,0,68.05,MODERATE_DELAY,LOW
j_hist_003221,6.49,11,23.6,7,0,0,1,31.67,SLIGHT_DELAY,LOW
j_hist_003222,3.84,6,16.6,8,0,0,0,18.87,ON_TIME,HIGH
j_hist_003223,1.65,4,20.2,8,0,0,2,10.6,SLIGHT_DELAY,HIGH
j_hist_003224,6.64,9,20.3,21,1,0,1,34.55,MODERATE_DELAY,LOW
j_hist_003225,31.29,31,40.2,10,0,0,0,70.27,ON_TIME,HIGH
j_hist_003226,9.21,11,26.1,15,1,0,1,33.99,SLIGHT_DELAY,MEDIUM
j_hist_003227,13.05,18,15.2,16,0,0,0,63.48,ON_TIME,MEDIUM
j_hist_003228,4.58,5,17.9,11,1,0,1,23.7,SLIGHT_DELAY,MEDIUM
j_hist_003229,8.56,10,16.2,17,0,0,0,39.75,ON_TIME,HIGH
j_hist_003230,18.65,17,30.5,10,1,0,1,63.04,MODERATE_DELAY,HIGH
j_hist_003231,21.66,24,19.2,7,1,0,0,88.15,SLIGHT_DELAY,LOW
j_hist_003232,9.34,14,28.0,18,1,0,1,38.04,MODERATE_DELAY,HIGH
j_hist_003233,2.96,4,24.4,18,1,0,0,10.38,ON_TIME,HIGH
j_hist_003234,14.3,19,36.5,14,0,0,1,45.34,MODERATE_DELAY,MEDIUM
j_hist_003235,8.96,14,23.0,9,0,0,1,42.68,MODERATE_DELAY,HIGH
j_hist_003236,8.46,9,26.8,6,1,0,0,26.21,ON_TIME,LOW
j_hist_003237,33.64,42,34.2,10,0,0,2,137.11,HEAVY_DELAY,HIGH
j_hist_003238,21.95,32,26.1,15,1,0,0,75.72,ON_TIME,MEDIUM
j_hist_003239,19.93,29,36.2,22,0,0,1,68.9,MODERATE_DELAY,LOW
j_hist_003240,15.14,16,32.5,15,0,0,0,40.46,ON_TIME,MEDIUM
j_hist_003241,15.58,15,25.5,19,0,0,0,48.22,ON_TIME,HIGH
j_hist_003242,19.39,19,28.1,7,0,0,0,55.46,ON_TIME,LOW
j_hist_003243,24.68,32,41.1,6,0,0,1,75.58,HEAVY_DELAY,LOW
j_hist_003244,24.87,32,32.5,11,0,1,1,99.76,HEAVY_DELAY,MEDIUM
j_hist_003245,6.84,10,39.3,9,0,1,0,18.76,ON_TIME,HIGH
j_hist_003246,18.0,20,19.0,17,1,1,0,81.44,MODERATE_DELAY,HIGH
j_hist_003247,15.01,15,27.5,12,0,0,1,55.2,MODERATE_DELAY,MEDIUM
j_hist_003248,30.6,37,39.4,13,1,0,0,75.03,ON_TIME,MEDIUM
j_hist_003249,22.47,26,23.0,12,0,0,1,98.99,HEAVY_DELAY,MEDIUM
j_hist_003250,19.11,25,41.1,14,1,0,0,50.06,SLIGHT_DELAY,MEDIUM
j_hist_003251,4.92,7,16.7,6,0,0,0,23.5,ON_TIME,LOW
j_hist_003252,21.59,23,39.3,14,0,1,1,70.71,HEAVY_DELAY,MEDIUM
j_hist_003253,4.98,6,26.5,15,0,0,2,22.98,MODERATE_DELAY,MEDIUM
j_hist_003254,12.47,13,16.1,15,0,1,0,66.56,MODERATE_DELAY,MEDIUM
j_hist_003255,5.86,7,38.6,9,1,0,1,19.35,SLIGHT_DELAY,HIGH
j_hist_003256,24.53,23,21.1,18,1,0,0,87.64,ON_TIME,HIGH
j_hist_003257,8.01,10,14.6,7,0,0,2,58.97,HEAVY_DELAY,LOW
j_hist_003258,14.32,13,17.8,6,1,0,0,59.12,ON_TIME,LOW
j_hist_003259,31.45,30,32.5,22,0,0,1,100.77,HEAVY_DELAY,LOW
j_hist_003260,7.95,11,41.4,5,1,0,0,20.16,ON_TIME,LOW
j_hist_003261,18.27,20,17.1,5,0,0,2,121.64,HEAVY_DELAY,LOW
j_hist_003262,15.26,20,26.9,21,0,2,0,63.2,MODERATE_DELAY,LOW
j_hist_003263,1.62,3,19.1,10,0,1,0,5.76,ON_TIME,HIGH
j_hist_003264,27.95,34,34.9,17,1,1,1,107.01,HEAVY_DELAY,HIGH
j_hist_003265,3.35,6,17.3,5,0,2,0,19.24,SLIGHT_DELAY,LOW
j_hist_003266,17.12,15,20.7,10,0,0,0,58.41,ON_TIME,HIGH
j_hist_003267,20.06,26,19.5,12,0,1,0,94.55,MODERATE_DELAY,MEDIUM
j_hist_003268,22.37,32,29.5,17,0,0,0,69.64,ON_TIME,HIGH
j_hist_003269,24.41,34,38.4,6,0,0,1,78.52,MODERATE_DELAY,LOW
j_hist_003270,9.61,10,28.3,12,0,0,1,35.37,MODERATE_DELAY,MEDIUM
j_hist_003271,1.34,3,15.6,5,1,0,0,8.93,ON_TIME,LOW
j_hist_003272,25.6,25,29.8,17,1,1,2,123.76,HEAVY_DELAY,HIGH
j_hist_003273,19.21,24,36.3,5,1,0,1,63.15,MODERATE_DELAY,LOW
j_hist_003274,29.43,38,17.7,14,0,1,0,146.14,HEAVY_DELAY,MEDIUM
j_hist_003275,28.93,30,16.0,9,0,2,0,167.61,HEAVY_DELAY,HIGH
j_hist_003276,29.67,35,19.3,17,0,0,0,119.88,ON_TIME,HIGH
j_hist_003277,17.49,23,34.9,9,0,0,1,58.28,MODERATE_DELAY,HIGH
j_hist_003278,12.34,14,30.6,14,1,0,1,41.89,MODERATE_DELAY,MEDIUM
j_hist_003279,27.91,38,29.1,7,1,0,2,129.44,HEAVY_DELAY,LOW
j_hist_003280,16.34,22,21.0,6,0,0,0,62.73,ON_TIME,LOW
j_hist_003281,7.24,8,23.3,6,1,1,2,42.42,HEAVY_DELAY,LOW
j_hist_003282,30.07,37,41.0,9,1,0,0,71.44,ON_TIME,HIGH
j_hist_003283,31.01,31,20.7,8,1,0,0,115.06,SLIGHT_DELAY,HIGH
j_hist_003284,16.85,21,39.2,6,0,0,2,63.66,HEAVY_DELAY,LOW
j_hist_003285,3.57,6,30.3,13,0,1,1,15.51,SLIGHT_DELAY,MEDIUM
j_hist_003286,14.19,20,17.5,13,0,0,1,79.59,HEAVY_DELAY,MEDIUM
j_hist_003287,28.32,31,27.1,13,1,1,0,99.48,MODERATE_DELAY,MEDIUM
j_hist_003288,31.66,32,40.6,8,1,0,2,105.13,HEAVY_DELAY,HIGH
j_hist_003289,7.92,9,25.7,12,0,0,0,26.88,ON_TIME,MEDIUM
j_hist_003290,3.28,5,38.2,22,0,0,0,7.05,ON_TIME,LOW
j_hist_003291,30.83,28,21.2,13,1,0,0,109.4,ON_TIME,MEDIUM
j_hist_003292,14.24,18,30.0,7,0,0,0,43.28,ON_TIME,LOW
j_hist_003293,19.42,17,37.6,10,0,2,0,57.54,MODERATE_DELAY,HIGH
j_hist_003294,33.91,35,39.8,9,0,1,0,91.56,MODERATE_DELAY,HIGH
j_hist_003295,3.26,5,27.6,21,0,0,2,14.26,SLIGHT_DELAY,LOW
j_hist_003296,23.04,33,31.9,7,0,0,0,67.63,ON_TIME,LOW
j_hist_003297,3.52,6,14.1,12,0,1,1,25.58,SLIGHT_DELAY,MEDIUM
j_hist_003298,13.77,15,21.1,13,1,2,2,98.8,HEAVY_DELAY,MEDIUM
j_hist_003299,28.33,26,21.8,12,0,0,1,121.33,HEAVY_DELAY,MEDIUM
j_hist_003300,15.74,19,16.6,18,1,0,2,110.24,HEAVY_DELAY,HIGH
j_hist_003301,34.9,34,21.8,14,0,0,1,153.3,HEAVY_DELAY,MEDIUM
j_hist_003302,20.01,24,23.0,21,1,0,0,71.16,ON_TIME,LOW
j_hist_003303,11.92,17,41.1,7,0,0,0,31.96,ON_TIME,LOW
j_hist_003304,8.48,11,32.7,7,0,1,1,33.19,MODERATE_DELAY,LOW
j_hist_003305,12.92,17,25.9,7,0,0,0,43.37,ON_TIME,LOW
j_hist_003306,13.67,17,41.7,8,0,0,2,45.59,MODERATE_DELAY,HIGH
j_hist_003307,3.34,6,18.3,21,0,0,1,18.17,SLIGHT_DELAY,LOW
j_hist_003308,13.57,20,27.3,18,0,2,1,73.92,HEAVY_DELAY,HIGH
j_hist_003309,16.78,20,32.1,6,0,2,0,62.72,HEAVY_DELAY,LOW
j_hist_003310,25.57,27,15.6,16,0,1,1,173.78,HEAVY_DELAY,MEDIUM
j_hist_003311,23.33,27,34.1,9,1,1,1,87.76,HEAVY_DELAY,HIGH
j_hist_003312,25.1,24,16.8,6,0,1,0,124.8,HEAVY_DELAY,LOW
j_hist_003313,1.28,3,17.9,16,0,1,0,7.22,ON_TIME,MEDIUM
j_hist_003314,8.4,11,18.5,13,0,0,1,43.5,MODERATE_DELAY,MEDIUM
j_hist_003315,23.5,22,40.0,13,1,0,1,68.22,HEAVY_DELAY,MEDIUM
j_hist_003316,17.46,18,33.1,5,1,2,0,57.33,MODERATE_DELAY,LOW
j_hist_003317,1.18,3,32.4,11,0,1,0,5.0,ON_TIME,MEDIUM
j_hist_003318,28.35,39,29.6,22,0,0,1,110.27,HEAVY_DELAY,LOW
j_hist_003319,27.28,33,22.2,14,1,0,0,95.56,ON_TIME,MEDIUM
j_hist_003320,19.65,25,31.4,19,1,0,1,68.9,MODERATE_DELAY,HIGH
j_hist_003321,3.26,5,25.5,13,0,0,1,13.38,ON_TIME,MEDIUM
j_hist_003322,27.06,32,18.1,15,0,0,2,170.26,HEAVY_DELAY,MEDIUM
j_hist_003323,20.85,24,33.3,5,1,0,1,70.49,MODERATE_DELAY,LOW
j_hist_003324,27.59,34,17.6,15,0,0,0,119.44,ON_TIME,MEDIUM
j_hist_003325,26.56,24,19.3,5,1,2,0,130.02,HEAVY_DELAY,LOW
j_hist_003326,28.3,33,36.9,9,0,1,0,80.28,MODERATE_DELAY,HIGH
j_hist_003327,18.61,20,32.5,22,0,0,0,48.86,ON_TIME,LOW
j_hist_003328,5.77,7,31.7,5,0,1,1,22.33,SLIGHT_DELAY,LOW
j_hist_003329,23.82,34,25.7,14,0,0,1,103.04,HEAVY_DELAY,MEDIUM
j_hist_003330,22.1,22,25.1,17,0,0,0,69.91,ON_TIME,HIGH
j_hist_003331,26.24,27,33.3,12,1,1,0,79.22,MODERATE_DELAY,MEDIUM
j_hist_003332,6.78,9,34.7,17,0,1,0,18.29,ON_TIME,HIGH
j_hist_003333,7.63,12,28.3,6,0,0,1,34.0,MODERATE_DELAY,LOW
j_hist_003334,31.27,34,41.1,16,0,1,2,122.97,HEAVY_DELAY,MEDIUM
j_hist_003335,26.5,35,40.8,17,0,2,1,105.51,HEAVY_DELAY,HIGH
j_hist_003336,31.88,43,25.5,12,0,0,1,132.27,HEAVY_DELAY,MEDIUM
j_hist_003337,26.8,28,37.0,19,1,0,0,63.62,ON_TIME,HIGH
j_hist_003338,21.3,24,29.2,11,1,2,0,82.16,HEAVY_DELAY,MEDIUM
j_hist_003339,23.24,25,28.3,11,0,2,0,88.23,HEAVY_DELAY,MEDIUM
j_hist_003340,31.23,42,15.5,21,0,0,1,180.0,HEAVY_DELAY,LOW
j_hist_003341,20.68,19,30.1,7,0,0,0,53.88,ON_TIME,LOW
j_hist_003342,22.5,24,39.2,11,0,2,0,69.25,HEAVY_DELAY,MEDIUM
j_hist_003343,6.32,9,35.8,16,0,0,0,14.0,ON_TIME,MEDIUM
j_hist_003344,17.11,21,36.0,18,0,0,1,55.41,MODERATE_DELAY,HIGH
j_hist_003345,25.36,28,18.5,6,0,0,0,102.3,ON_TIME,LOW
j_hist_003346,10.21,13,24.0,11,0,0,1,45.66,MODERATE_DELAY,MEDIUM
j_hist_003347,7.88,9,20.5,20,0,0,0,29.99,ON_TIME,LOW
j_hist_003348,11.67,14,22.8,13,0,0,0,41.96,ON_TIME,MEDIUM
j_hist_003349,9.21,12,30.2,5,0,0,2,40.15,MODERATE_DELAY,LOW
j_hist_003350,8.31,13,24.2,16,0,0,1,38.37,MODERATE_DELAY,MEDIUM
j_hist_003351,15.44,16,29.7,6,0,0,0,43.48,ON_TIME,LOW
j_hist_003352,31.87,44,26.3,22,0,0,0,105.98,ON_TIME,LOW
j_hist_003353,18.24,23,22.0,18,0,0,2,100.74,HEAVY_DELAY,HIGH
j_hist_003354,7.39,8,16.7,16,0,2,0,42.15,MODERATE_DELAY,MEDIUM
j_hist_003355,3.62,6,39.0,22,0,0,1,12.98,SLIGHT_DELAY,LOW
j_hist_003356,24.67,22,14.3,9,1,2,1,180.0,HEAVY_DELAY,HIGH
j_hist_003357,14.02,21,14.0,11,1,0,0,74.48,ON_TIME,MEDIUM
j_hist_003358,28.94,40,37.2,8,1,2,0,99.04,HEAVY_DELAY,HIGH
j_hist_003359,23.42,24,41.9,17,0,1,0,60.59,MODERATE_DELAY,HIGH
j_hist_003360,28.07,28,34.4,20,1,2,2,135.86,HEAVY_DELAY,LOW
j_hist_003361,10.25,12,14.4,20,1,0,0,53.32,ON_TIME,LOW
j_hist_003362,24.54,26,20.3,8,0,0,1,115.5,HEAVY_DELAY,HIGH
j_hist_003363,9.98,12,41.2,5,0,0,2,35.87,MODERATE_DELAY,LOW
j_hist_003364,32.93,34,36.6,17,0,2,1,127.69,HEAVY_DELAY,HIGH
j_hist_003365,22.64,28,29.9,13,0,0,0,67.7,ON_TIME,MEDIUM
j_hist_003366,12.03,12,20.6,14,1,2,1,70.96,HEAVY_DELAY,MEDIUM
j_hist_003367,10.16,15,14.4,10,0,0,2,76.13,HEAVY_DELAY,HIGH
j_hist_003368,7.49,11,14.6,11,1,0,2,59.75,HEAVY_DELAY,MEDIUM
j_hist_003369,24.62,28,31.1,20,0,0,0,69.65,ON_TIME,LOW
j_hist_003370,8.44,13,14.6,21,1,0,0,43.68,ON_TIME,LOW
j_hist_003371,21.24,22,41.8,5,0,0,2,71.4,HEAVY_DELAY,LOW
j_hist_003372,10.0,10,19.1,13,1,0,2,56.06,HEAVY_DELAY,MEDIUM
j_hist_003373,23.51,29,33.9,18,0,0,0,63.21,ON_TIME,HIGH
j_hist_003374,28.71,32,18.3,19,0,1,2,180.0,HEAVY_DELAY,HIGH
j_hist_003375,27.45,33,29.1,8,0,0,0,80.04,ON_TIME,HIGH
j_hist_003376,26.87,37,16.3,12,0,0,0,124.43,ON_TIME,MEDIUM
j_hist_003377,7.38,12,35.5,19,1,0,1,26.78,SLIGHT_DELAY,HIGH
j_hist_003378,4.01,6,30.4,8,0,2,1,22.29,MODERATE_DELAY,HIGH
j_hist_003379,24.76,33,16.4,7,0,0,0,112.74,ON_TIME,LOW
j_hist_003380,13.52,13,37.8,12,0,0,2,46.6,HEAVY_DELAY,MEDIUM
j_hist_003381,15.7,16,29.3,6,0,0,0,45.48,ON_TIME,LOW
j_hist_003382,2.06,4,39.8,12,0,0,0,7.36,ON_TIME,MEDIUM
j_hist_003383,9.83,12,39.7,12,0,1,1,34.53,MODERATE_DELAY,MEDIUM
j_hist_003384,2.14,4,39.8,21,1,2,0,7.55,ON_TIME,LOW
j_hist_003385,30.89,32,16.2,20,1,0,1,173.82,HEAVY_DELAY,LOW
j_hist_003386,9.28,12,17.4,20,1,0,0,42.82,ON_TIME,LOW
j_hist_003387,19.95,20,41.7,20,0,0,1,53.8,MODERATE_DELAY,LOW
j_hist_003388,2.33,4,27.7,11,0,1,0,10.59,SLIGHT_DELAY,MEDIUM
j_hist_003389,23.67,23,20.7,19,0,0,0,87.12,ON_TIME,HIGH
j_hist_003390,11.98,12,35.6,21,0,0,0,29.01,ON_TIME,LOW
j_hist_003391,31.53,33,21.4,7,0,0,2,167.89,HEAVY_DELAY,LOW
j_hist_003392,31.2,31,34.4,5,0,0,1,95.96,HEAVY_DELAY,LOW
j_hist_003393,12.06,18,37.4,12,1,0,1,43.5,MODERATE_DELAY,MEDIUM
j_hist_003394,31.63,28,36.0,11,1,1,1,108.36,HEAVY_DELAY,MEDIUM
j_hist_003395,34.87,33,21.7,22,1,0,1,152.17,HEAVY_DELAY,LOW
j_hist_003396,29.06,34,25.2,9,0,0,0,98.26,SLIGHT_DELAY,HIGH
j_hist_003397,29.73,34,25.6,19,0,2,0,123.94,HEAVY_DELAY,HIGH
j_hist_003398,9.47,9,27.8,11,1,0,1,32.18,SLIGHT_DELAY,MEDIUM
j_hist_003399,20.61,18,18.7,14,0,0,0,77.53,ON_TIME,MEDIUM
j_hist_003400,3.29,6,26.7,20,0,0,0,10.03,ON_TIME,LOW
j_hist_003401,4.23,7,28.3,6,1,1,0,17.0,SLIGHT_DELAY,LOW
j_hist_003402,34.96,37,28.9,22,0,0,0,99.64,ON_TIME,LOW
j_hist_003403,12.11,15,37.0,19,1,2,0,39.28,MODERATE_DELAY,HIGH
j_hist_003404,26.44,27,28.5,18,0,1,0,87.31,MODERATE_DELAY,HIGH
j_hist_003405,28.43,30,20.5,6,1,0,0,108.59,SLIGHT_DELAY,LOW
j_hist_003406,30.17,37,32.6,22,0,1,0,98.67,HEAVY_DELAY,LOW
j_hist_003407,34.92,48,36.3,13,0,0,2,141.03,HEAVY_DELAY,MEDIUM
j_hist_003408,9.21,10,22.9,5,0,0,2,48.77,HEAVY_DELAY,LOW
j_hist_003409,2.37,5,32.1,20,0,0,2,13.57,SLIGHT_DELAY,LOW
j_hist_003410,14.98,15,18.1,16,0,0,0,61.55,ON_TIME,MEDIUM
j_hist_003411,5.42,7,23.6,16,1,0,1,22.18,SLIGHT_DELAY,MEDIUM
j_hist_003412,1.76,3,39.5,14,1,0,1,7.08,SLIGHT_DELAY,MEDIUM
j_hist_003413,13.25,13,39.5,9,0,0,0,29.1,ON_TIME,HIGH
j_hist_003414,27.65,39,30.1,7,0,0,1,104.45,HEAVY_DELAY,LOW
j_hist_003415,20.25,23,33.7,13,0,0,1,67.47,MODERATE_DELAY,MEDIUM
j_hist_003416,11.63,11,37.9,19,0,1,0,33.26,SLIGHT_DELAY,HIGH
j_hist_003417,23.25,33,40.8,18,1,2,1,96.31,HEAVY_DELAY,HIGH
j_hist_003418,8.89,13,27.7,15,0,1,1,41.28,MODERATE_DELAY,MEDIUM
j_hist_003419,1.49,3,29.7,17,1,0,1,6.2,ON_TIME,HIGH
j_hist_003420,26.99,38,25.6,11,0,0,2,138.55,HEAVY_DELAY,MEDIUM
j_hist_003421,22.21,22,16.0,6,0,0,0,99.38,ON_TIME,LOW
j_hist_003422,26.92,37,25.8,7,1,0,1,112.53,HEAVY_DELAY,LOW
j_hist_003423,2.32,4,36.1,12,0,0,1,7.69,ON_TIME,MEDIUM
j_hist_003424,29.46,40,36.5,5,0,2,2,152.01,HEAVY_DELAY,LOW
j_hist_003425,22.06,30,39.0,8,0,0,1,72.21,HEAVY_DELAY,HIGH
j_hist_003426,20.16,22,15.4,17,0,2,0,123.5,HEAVY_DELAY,HIGH
j_hist_003427,22.24,30,28.8,18,0,0,2,102.55,HEAVY_DELAY,HIGH
j_hist_003428,30.39,31,17.0,13,0,1,2,180.0,HEAVY_DELAY,MEDIUM
j_hist_003429,20.96,22,19.6,7,0,2,0,105.56,HEAVY_DELAY,LOW
j_hist_003430,20.75,19,39.2,18,0,0,1,56.11,MODERATE_DELAY,HIGH
j_hist_003431,34.68,49,27.9,8,0,2,0,145.35,HEAVY_DELAY,HIGH
j_hist_003432,26.73,28,35.2,21,1,0,0,67.44,ON_TIME,LOW
j_hist_003433,16.04,19,15.8,19,0,2,1,124.74,HEAVY_DELAY,HIGH
j_hist_003434,25.05,27,25.7,16,0,1,0,91.27,MODERATE_DELAY,MEDIUM
j_hist_003435,14.23,21,32.9,18,0,0,0,39.61,ON_TIME,HIGH
j_hist_003436,8.78,10,17.7,14,0,0,1,47.5,MODERATE_DELAY,MEDIUM
j_hist_003437,21.29,28,23.1,9,0,0,2,114.81,HEAVY_DELAY,HIGH
j_hist_003438,32.56,44,15.8,21,1,0,0,156.8,ON_TIME,LOW
j_hist_003439,32.59,36,32.2,21,0,0,0,89.48,ON_TIME,LOW
j_hist_003440,12.62,14,41.2,7,0,0,1,36.82,MODERATE_DELAY,LOW
j_hist_003441,18.94,25,37.2,20,0,0,0,50.44,ON_TIME,LOW
j_hist_003442,8.2,13,41.3,13,0,0,0,20.62,ON_TIME,MEDIUM
j_hist_003443,34.85,45,37.7,21,0,2,0,116.74,HEAVY_DELAY,LOW
j_hist_003444,34.36,34,37.9,16,0,1,2,137.03,HEAVY_DELAY,MEDIUM
j_hist_003445,23.08,32,30.2,6,1,0,2,104.21,HEAVY_DELAY,LOW
j_hist_003446,28.35,31,28.5,20,0,0,1,103.06,HEAVY_DELAY,LOW
j_hist_003447,25.31,31,25.4,10,0,1,0,93.52,MODERATE_DELAY,HIGH
j_hist_003448,21.17,29,36.9,6,1,0,1,69.76,MODERATE_DELAY,LOW
j_hist_003449,2.81,4,19.1,13,1,0,2,17.58,SLIGHT_DELAY,MEDIUM
j_hist_003450,16.46,22,15.6,9,0,0,1,98.89,HEAVY_DELAY,HIGH
j_hist_003451,23.94,29,40.5,22,1,0,0,59.52,SLIGHT_DELAY,LOW
j_hist_003452,24.04,34,14.1,22,1,0,1,159.74,HEAVY_DELAY,LOW
j_hist_003453,13.69,14,41.4,14,0,0,0,29.82,ON_TIME,MEDIUM
j_hist_003454,33.02,36,34.4,14,0,2,1,136.44,HEAVY_DELAY,MEDIUM
j_hist_003455,6.69,10,23.2,14,0,0,1,33.01,MODERATE_DELAY,MEDIUM
j_hist_003456,18.01,16,33.5,22,0,0,0,43.32,ON_TIME,LOW
j_hist_003457,24.49,23,36.9,20,0,0,0,57.22,ON_TIME,LOW
j_hist_003458,24.7,36,20.9,10,1,0,2,148.12,HEAVY_DELAY,HIGH
j_hist_003459,23.05,24,35.6,16,0,1,0,63.64,SLIGHT_DELAY,MEDIUM
j_hist_003460,10.36,16,36.5,8,1,0,0,28.57,ON_TIME,HIGH
j_hist_003461,6.31,7,21.0,20,1,0,1,29.46,SLIGHT_DELAY,LOW
j_hist_003462,22.62,24,15.2,15,0,2,1,174.47,HEAVY_DELAY,MEDIUM
j_hist_003463,21.38,28,19.7,5,1,0,2,129.7,HEAVY_DELAY,LOW
j_hist_003464,7.1,10,19.6,9,1,0,1,36.62,MODERATE_DELAY,HIGH
j_hist_003465,24.97,30,15.8,21,0,0,0,118.37,ON_TIME,LOW
j_hist_003466,16.48,20,34.3,15,1,0,1,53.14,MODERATE_DELAY,MEDIUM
j_hist_003467,23.7,32,24.6,18,0,0,1,102.87,HEAVY_DELAY,HIGH
j_hist_003468,29.47,29,38.8,13,0,0,2,101.02,HEAVY_DELAY,MEDIUM
j_hist_003469,6.77,9,21.1,14,0,1,0,30.06,SLIGHT_DELAY,MEDIUM
j_hist_003470,1.65,3,26.7,8,1,0,0,6.5,ON_TIME,HIGH
j_hist_003471,27.49,33,31.9,6,1,2,2,147.41,HEAVY_DELAY,LOW
j_hist_003472,21.73,22,38.6,10,0,2,0,64.97,MODERATE_DELAY,HIGH
j_hist_003473,24.79,26,28.7,7,0,1,0,83.55,MODERATE_DELAY,LOW
j_hist_003474,29.5,33,24.5,17,0,0,2,144.4,HEAVY_DELAY,HIGH
j_hist_003475,28.3,25,38.3,16,0,0,0,63.36,ON_TIME,MEDIUM
j_hist_003476,33.67,30,22.7,22,0,0,1,139.68,HEAVY_DELAY,LOW
j_hist_003477,19.22,25,16.2,10,1,0,1,112.66,HEAVY_DELAY,HIGH
j_hist_003478,17.61,20,26.5,14,1,1,0,59.48,SLIGHT_DELAY,MEDIUM
j_hist_003479,14.66,21,36.0,10,0,2,0,54.52,MODERATE_DELAY,HIGH
j_hist_003480,6.23,9,14.9,9,0,1,1,44.43,MODERATE_DELAY,HIGH
j_hist_003481,20.47,18,30.4,19,1,0,0,55.98,SLIGHT_DELAY,HIGH
j_hist_003482,10.42,14,30.6,19,1,0,1,37.2,SLIGHT_DELAY,HIGH
j_hist_003483,32.32,29,40.0,16,0,0,0,70.87,ON_TIME,MEDIUM
j_hist_003484,20.83,28,22.0,13,0,1,0,88.77,MODERATE_DELAY,MEDIUM
j_hist_003485,21.16,31,21.8,17,1,1,1,115.88,HEAVY_DELAY,HIGH
j_hist_003486,13.07,16,26.3,20,0,0,0,45.74,SLIGHT_DELAY,LOW
j_hist_003487,2.77,5,24.0,6,1,0,0,10.3,ON_TIME,LOW
j_hist_003488,2.08,3,34.6,21,1,1,1,6.28,ON_TIME,LOW
j_hist_003489,15.39,18,32.0,13,0,0,0,44.54,SLIGHT_DELAY,MEDIUM
j_hist_003490,3.88,7,35.2,10,1,2,0,16.66,SLIGHT_DELAY,HIGH
j_hist_003491,21.63,21,37.0,8,0,1,0,60.84,MODERATE_DELAY,HIGH
j_hist_003492,30.95,31,39.8,19,0,0,0,67.85,ON_TIME,HIGH
j_hist_003493,31.02,35,26.1,22,0,1,0,110.95,MODERATE_DELAY,LOW
j_hist_003494,23.41,30,41.6,16,0,1,1,81.47,HEAVY_DELAY,MEDIUM
j_hist_003495,8.18,10,20.0,16,0,0,0,31.45,ON_TIME,MEDIUM
j_hist_003496,30.34,43,34.0,21,0,0,0,84.91,ON_TIME,LOW
j_hist_003497,31.13,28,29.0,11,0,1,0,99.38,MODERATE_DELAY,MEDIUM
j_hist_003498,7.69,9,36.9,9,0,1,0,20.31,ON_TIME,HIGH
j_hist_003499,26.07,33,27.3,16,1,0,0,80.15,ON_TIME,MEDIUM
j_hist_003500,10.74,12,36.0,21,0,2,1,44.2,HEAVY_DELAY,LOW
j_hist_003501,28.29,35,40.0,6,1,0,0,67.17,ON_TIME,LOW
j_hist_003502,34.91,33,34.5,8,0,0,2,127.48,HEAVY_DELAY,HIGH
j_hist_003503,2.02,3,35.7,6,0,1,1,8.43,SLIGHT_DELAY,LOW
j_hist_003504,31.51,29,15.9,18,0,0,1,174.98,HEAVY_DELAY,HIGH
j_hist_003505,22.17,32,19.7,18,0,0,1,112.95,HEAVY_DELAY,HIGH
j_hist_003506,34.1,40,41.3,17,0,1,2,139.15,HEAVY_DELAY,HIGH
j_hist_003507,16.81,23,33.4,21,0,0,0,47.12,ON_TIME,LOW
j_hist_003508,29.81,31,29.7,21,0,1,2,144.9,HEAVY_DELAY,LOW
j_hist_003509,3.12,5,24.3,22,0,0,2,16.32,SLIGHT_DELAY,LOW
j_hist_003510,12.4,15,15.2,7,0,0,0,59.82,ON_TIME,LOW
j_hist_003511,3.28,6,24.3,20,1,0,2,19.18,SLIGHT_DELAY,LOW
j_hist_003512,34.16,44,28.0,10,0,0,2,159.44,HEAVY_DELAY,HIGH
j_hist_003513,28.78,37,19.9,10,0,2,0,149.1,HEAVY_DELAY,HIGH
j_hist_003514,29.99,26,18.8,22,0,0,2,175.64,HEAVY_DELAY,LOW
j_hist_003515,32.89,39,28.2,13,1,0,0,100.57,ON_TIME,MEDIUM
j_hist_003516,3.89,6,30.4,22,0,1,1,18.36,SLIGHT_DELAY,LOW
j_hist_003517,14.11,21,20.7,10,0,0,0,58.28,ON_TIME,HIGH
j_hist_003518,3.42,5,30.4,13,1,1,0,11.42,ON_TIME,MEDIUM
j_hist_003519,8.17,9,39.2,22,0,0,2,31.34,MODERATE_DELAY,LOW
j_hist_003520,8.8,11,27.2,20,1,0,0,25.39,ON_TIME,LOW
j_hist_003521,16.95,18,38.0,17,0,0,1,51.12,MODERATE_DELAY,HIGH
j_hist_003522,10.13,10,40.0,15,0,0,1,30.44,MODERATE_DELAY,MEDIUM
j_hist_003523,4.43,7,16.6,12,1,1,1,28.47,MODERATE_DELAY,MEDIUM
j_hist_003524,6.69,9,16.7,21,0,2,1,50.23,HEAVY_DELAY,LOW
j_hist_003525,6.01,9,27.3,13,1,2,2,38.09,HEAVY_DELAY,MEDIUM
j_hist_003526,34.08,46,30.5,10,0,0,1,125.03,HEAVY_DELAY,HIGH
j_hist_003527,26.82,27,25.9,5,1,0,0,82.64,ON_TIME,LOW
j_hist_003528,33.9,40,23.1,5,0,0,2,176.35,HEAVY_DELAY,LOW
j_hist_003529,15.95,15,31.9,17,0,1,0,49.06,MODERATE_DELAY,HIGH
j_hist_003530,10.46,16,14.1,11,0,1,1,81.36,HEAVY_DELAY,MEDIUM
j_hist_003531,28.14,31,41.1,14,0,0,2,94.89,HEAVY_DELAY,MEDIUM
j_hist_003532,12.09,14,20.5,22,0,0,2,68.61,HEAVY_DELAY,LOW
j_hist_003533,11.18,12,39.7,10,0,1,2,43.96,HEAVY_DELAY,HIGH
j_hist_003534,8.91,11,17.1,17,0,0,1,51.68,MODERATE_DELAY,HIGH
j_hist_003535,5.41,7,20.7,9,0,0,1,26.75,SLIGHT_DELAY,HIGH
j_hist_003536,9.72,11,20.6,19,0,0,0,36.6,ON_TIME,HIGH
j_hist_003537,13.08,18,41.9,16,0,0,0,35.17,SLIGHT_DELAY,MEDIUM
j_hist_003538,23.92,33,14.1,15,1,0,0,126.77,ON_TIME,MEDIUM
j_hist_003539,3.13,5,31.9,12,0,0,0,9.0,ON_TIME,MEDIUM
j_hist_003540,8.16,10,38.4,9,0,0,2,29.91,MODERATE_DELAY,HIGH
j_hist_003541,28.51,39,32.8,12,0,0,1,102.5,HEAVY_DELAY,MEDIUM
j_hist_003542,6.0,6,24.2,9,0,2,0,24.09,SLIGHT_DELAY,HIGH
j_hist_003543,12.65,18,40.8,14,1,0,0,36.7,SLIGHT_DELAY,MEDIUM
j_hist_003544,30.4,30,39.0,19,0,1,0,80.08,MODERATE_DELAY,HIGH
j_hist_003545,6.27,9,26.2,10,0,0,0,21.38,ON_TIME,HIGH
j_hist_003546,3.81,6,30.1,22,1,0,1,12.41,ON_TIME,LOW
j_hist_003547,17.47,21,41.1,7,0,1,2,67.77,HEAVY_DELAY,LOW
j_hist_003548,11.28,16,41.5,13,0,1,0,31.61,SLIGHT_DELAY,MEDIUM
j_hist_003549,20.16,19,26.6,14,0,0,0,58.92,ON_TIME,MEDIUM
j_hist_003550,28.33,30,37.7,11,0,0,2,100.27,HEAVY_DELAY,MEDIUM
j_hist_003551,5.66,8,22.5,6,1,0,1,26.17,SLIGHT_DELAY,LOW
j_hist_003552,20.74,28,24.4,12,1,1,0,79.83,MODERATE_DELAY,MEDIUM
j_hist_003553,18.19,18,18.6,11,1,1,0,83.86,MODERATE_DELAY,MEDIUM
j_hist_003554,5.9,9,19.9,9,1,0,1,30.64,SLIGHT_DELAY,HIGH
j_hist_003555,22.22,25,32.4,8,1,0,0,60.58,ON_TIME,HIGH
j_hist_003556,10.3,11,28.3,15,1,2,0,39.53,MODERATE_DELAY,MEDIUM
j_hist_003557,17.59,24,20.5,14,0,0,2,103.14,HEAVY_DELAY,MEDIUM
j_hist_003558,3.8,5,25.3,5,0,0,0,13.33,ON_TIME,LOW
j_hist_003559,16.63,20,24.4,8,0,0,0,57.84,SLIGHT_DELAY,HIGH
j_hist_003560,11.42,11,41.6,10,0,0,0,23.61,ON_TIME,HIGH
j_hist_003561,28.96,31,37.9,22,0,0,0,70.6,ON_TIME,LOW
j_hist_003562,2.94,5,24.9,17,1,0,1,15.48,SLIGHT_DELAY,HIGH
j_hist_003563,15.23,19,39.6,17,0,2,0,48.72,MODERATE_DELAY,HIGH
j_hist_003564,16.59,19,23.6,5,0,0,1,70.31,MODERATE_DELAY,LOW
j_hist_003565,25.65,29,32.7,8,0,1,0,78.73,MODERATE_DELAY,HIGH
j_hist_003566,20.53,21,41.1,8,0,1,0,52.77,MODERATE_DELAY,HIGH
j_hist_003567,23.69,27,24.9,22,0,1,0,92.36,HEAVY_DELAY,LOW
j_hist_003568,27.42,39,33.0,22,0,0,1,97.85,HEAVY_DELAY,LOW
j_hist_003569,30.31,41,22.3,22,1,0,2,169.35,HEAVY_DELAY,LOW
j_hist_003570,11.67,12,21.5,19,1,0,1,52.59,MODERATE_DELAY,HIGH
j_hist_003571,19.29,17,30.1,22,0,0,2,78.44,HEAVY_DELAY,LOW
j_hist_003572,29.56,42,41.4,19,0,0,1,92.85,HEAVY_DELAY,HIGH
j_hist_003573,34.64,40,26.7,21,1,0,1,135.37,HEAVY_DELAY,LOW
j_hist_003574,31.24,37,40.3,9,0,0,2,110.3,HEAVY_DELAY,HIGH
j_hist_003575,13.63,19,39.6,15,0,0,0,34.04,ON_TIME,MEDIUM
j_hist_003576,7.64,9,21.1,20,0,0,1,35.47,MODERATE_DELAY,LOW
j_hist_003577,17.64,21,25.3,6,0,1,1,80.44,HEAVY_DELAY,LOW
j_hist_003578,26.22,38,32.0,21,1,1,0,88.71,MODERATE_DELAY,LOW
j_hist_003579,17.75,23,28.5,5,0,0,0,55.29,ON_TIME,LOW
j_hist_003580,17.43,17,16.7,22,0,0,1,96.07,HEAVY_DELAY,LOW
j_hist_003581,29.5,27,41.8,21,0,1,0,71.16,MODERATE_DELAY,LOW
j_hist_003582,13.29,14,35.1,22,1,0,0,33.11,ON_TIME,LOW
j_hist_003583,30.23,40,26.3,9,0,0,1,123.9,HEAVY_DELAY,HIGH
j_hist_003584,14.83,16,31.3,17,0,1,0,45.66,SLIGHT_DELAY,HIGH
j_hist_003585,12.16,11,16.5,10,0,1,1,75.06,HEAVY_DELAY,HIGH
j_hist_003586,16.44,24,27.9,17,1,0,1,67.87,MODERATE_DELAY,HIGH
j_hist_003587,26.92,26,40.1,22,1,0,1,78.09,HEAVY_DELAY,LOW
j_hist_003588,5.28,6,39.1,8,1,0,0,13.01,ON_TIME,HIGH
j_hist_003589,7.68,9,23.4,13,0,0,1,34.58,MODERATE_DELAY,MEDIUM
j_hist_003590,33.35,33,28.9,7,0,0,0,92.02,ON_TIME,LOW
j_hist_003591,6.97,9,33.5,12,1,0,0,19.74,ON_TIME,MEDIUM
j_hist_003592,20.3,29,23.5,17,1,0,1,94.22,HEAVY_DELAY,HIGH
j_hist_003593,20.7,29,15.8,15,0,0,1,126.97,HEAVY_DELAY,MEDIUM
j_hist_003594,17.65,20,28.2,14,0,0,0,52.32,ON_TIME,MEDIUM
j_hist_003595,22.92,25,30.8,15,0,0,1,80.65,HEAVY_DELAY,MEDIUM
j_hist_003596,8.81,11,14.2,7,0,0,0,46.07,ON_TIME,LOW
j_hist_003597,19.79,20,16.7,18,1,2,1,138.02,HEAVY_DELAY,HIGH
j_hist_003598,13.65,13,19.8,18,0,0,2,75.46,HEAVY_DELAY,HIGH
j_hist_003599,23.5,34,23.7,8,1,1,1,123.07,HEAVY_DELAY,HIGH
j_hist_003600,5.8,7,29.1,5,0,0,0,16.85,ON_TIME,LOW
j_hist_003601,20.41,20,22.2,6,0,2,0,88.87,HEAVY_DELAY,LOW
j_hist_003602,7.3,9,21.7,10,0,0,0,27.23,ON_TIME,HIGH
j_hist_003603,10.47,13,38.3,17,0,0,1,31.77,SLIGHT_DELAY,HIGH
j_hist_003604,8.44,8,18.1,18,1,2,1,51.24,HEAVY_DELAY,HIGH
j_hist_003605,7.22,8,27.9,5,0,1,2,36.98,HEAVY_DELAY,LOW
j_hist_003606,29.07,31,40.7,12,0,2,0,83.32,HEAVY_DELAY,MEDIUM
j_hist_003607,10.71,14,31.5,22,0,0,2,46.25,HEAVY_DELAY,LOW
j_hist_003608,32.52,32,34.1,18,0,0,1,101.4,HEAVY_DELAY,HIGH
j_hist_003609,33.98,37,26.1,6,0,0,0,109.46,SLIGHT_DELAY,LOW
j_hist_003610,20.42,25,14.6,16,0,2,0,134.68,HEAVY_DELAY,MEDIUM
j_hist_003611,5.86,9,32.1,5,0,0,1,22.61,SLIGHT_DELAY,LOW
j_hist_003612,13.73,15,31.7,19,0,0,0,39.16,ON_TIME,HIGH
j_hist_003613,28.12,26,17.1,15,0,0,2,176.71,HEAVY_DELAY,MEDIUM
j_hist_003614,13.49,16,26.9,22,0,0,0,41.43,ON_TIME,LOW
j_hist_003615,3.96,6,39.6,21,0,0,1,12.01,ON_TIME,LOW
j_hist_003616,19.93,19,19.7,7,1,0,1,95.26,HEAVY_DELAY,LOW
j_hist_003617,29.73,33,26.9,19,0,0,1,114.09,HEAVY_DELAY,HIGH
j_hist_003618,28.06,24,26.9,17,0,0,1,99.72,HEAVY_DELAY,HIGH
j_hist_003619,6.95,7,36.7,7,0,0,0,17.8,ON_TIME,LOW
j_hist_003620,23.87,28,37.1,17,0,1,0,66.76,MODERATE_DELAY,HIGH
j_hist_003621,8.5,10,35.3,13,1,0,0,20.68,ON_TIME,MEDIUM
j_hist_003622,8.42,13,24.2,14,1,0,1,37.79,MODERATE_DELAY,MEDIUM
j_hist_003623,30.72,37,16.0,5,0,0,1,178.68,HEAVY_DELAY,LOW
j_hist_003624,9.49,12,23.8,6,0,1,1,47.84,MODERATE_DELAY,LOW
j_hist_003625,9.95,12,33.0,18,0,0,1,33.52,SLIGHT_DELAY,HIGH
j_hist_003626,1.02,3,33.7,9,0,0,0,5.0,ON_TIME,HIGH
j_hist_003627,30.6,27,41.0,14,1,0,1,82.42,HEAVY_DELAY,MEDIUM
j_hist_003628,27.95,39,26.7,12,0,0,2,140.4,HEAVY_DELAY,MEDIUM
j_hist_003629,22.33,33,31.7,17,0,0,0,67.06,ON_TIME,HIGH
j_hist_003630,26.51,26,29.1,13,0,0,1,95.23,HEAVY_DELAY,MEDIUM
j_hist_003631,6.17,7,18.2,22,1,1,0,29.59,SLIGHT_DELAY,LOW
j_hist_003632,16.58,16,26.9,8,1,0,0,48.57,ON_TIME,HIGH
j_hist_003633,12.94,17,29.3,12,1,0,0,38.53,ON_TIME,MEDIUM
j_hist_003634,4.19,7,40.6,9,0,1,0,11.22,ON_TIME,HIGH
j_hist_003635,17.53,24,24.3,10,1,1,1,87.49,HEAVY_DELAY,HIGH
j_hist_003636,32.31,42,41.4,9,0,0,0,79.39,ON_TIME,HIGH
j_hist_003637,2.36,4,29.2,5,0,0,2,10.63,SLIGHT_DELAY,LOW
j_hist_003638,10.91,14,20.8,8,0,2,2,80.72,HEAVY_DELAY,HIGH
j_hist_003639,8.06,11,19.4,5,1,0,2,49.07,HEAVY_DELAY,LOW
j_hist_003640,9.1,12,18.0,8,0,2,0,52.11,MODERATE_DELAY,HIGH
j_hist_003641,31.89,36,26.7,18,1,0,0,97.74,ON_TIME,HIGH
j_hist_003642,16.91,22,14.6,18,0,0,0,83.0,ON_TIME,HIGH
j_hist_003643,16.85,21,26.5,13,1,0,2,78.32,HEAVY_DELAY,MEDIUM
j_hist_003644,26.86,33,41.7,15,0,2,0,81.13,HEAVY_DELAY,MEDIUM
j_hist_003645,6.25,9,32.8,20,1,1,1,26.24,MODERATE_DELAY,LOW
j_hist_003646,17.57,23,35.3,8,0,0,0,46.73,ON_TIME,HIGH
j_hist_003647,15.62,20,17.3,13,0,0,2,103.42,HEAVY_DELAY,MEDIUM
j_hist_003648,21.29,25,27.2,21,0,0,2,100.5,HEAVY_DELAY,LOW
j_hist_003649,34.98,44,22.0,19,0,2,0,169.45,HEAVY_DELAY,HIGH
j_hist_003650,27.16,31,39.0,12,0,0,0,63.39,ON_TIME,MEDIUM
j_hist_003651,14.53,15,19.1,17,0,0,0,55.02,ON_TIME,HIGH
j_hist_003652,29.14,25,26.8,5,0,2,1,137.86,HEAVY_DELAY,LOW
j_hist_003653,6.8,9,30.5,6,1,0,0,20.26,ON_TIME,LOW
j_hist_003654,2.04,4,28.4,14,0,0,0,7.34,ON_TIME,MEDIUM
j_hist_003655,7.95,12,37.2,17,0,0,1,25.77,SLIGHT_DELAY,HIGH
j_hist_003656,12.57,14,20.5,15,0,0,0,45.37,ON_TIME,MEDIUM
j_hist_003657,18.36,21,24.6,18,1,0,1,72.04,MODERATE_DELAY,HIGH
j_hist_003658,21.91,22,36.2,20,1,0,0,52.99,ON_TIME,LOW
j_hist_003659,31.96,28,28.8,10,0,0,1,110.83,HEAVY_DELAY,HIGH
j_hist_003660,18.34,25,25.3,6,1,0,1,78.7,HEAVY_DELAY,LOW
j_hist_003661,18.04,19,14.8,9,0,1,0,100.76,MODERATE_DELAY,HIGH
j_hist_003662,2.71,5,35.1,11,0,1,1,10.56,SLIGHT_DELAY,MEDIUM
j_hist_003663,2.19,4,41.2,21,0,0,1,5.66,ON_TIME,LOW
j_hist_003664,19.74,23,31.4,9,1,0,2,83.51,HEAVY_DELAY,HIGH
j_hist_003665,15.9,23,38.0,16,1,1,1,59.1,HEAVY_DELAY,MEDIUM
j_hist_003666,29.53,33,28.5,22,1,0,2,129.22,HEAVY_DELAY,LOW
j_hist_003667,6.46,8,20.5,16,0,1,1,34.67,MODERATE_DELAY,MEDIUM
j_hist_003668,1.85,4,14.4,7,0,0,1,13.36,SLIGHT_DELAY,LOW
j_hist_003669,16.27,23,32.3,8,0,0,1,59.4,MODERATE_DELAY,HIGH
j_hist_003670,9.07,10,27.8,19,0,0,0,28.3,ON_TIME,HIGH
j_hist_003671,2.69,4,35.9,19,0,0,0,7.54,ON_TIME,HIGH
j_hist_003672,25.64,23,33.5,15,1,0,0,63.08,ON_TIME,MEDIUM
j_hist_003673,4.79,6,41.7,6,0,0,1,15.97,SLIGHT_DELAY,LOW
j_hist_003674,21.68,31,28.3,22,0,2,1,111.57,HEAVY_DELAY,LOW
j_hist_003675,10.56,13,26.0,7,0,1,0,39.3,SLIGHT_DELAY,LOW
j_hist_003676,6.9,9,22.0,22,1,1,0,27.82,SLIGHT_DELAY,LOW
j_hist_003677,13.91,20,27.4,18,0,0,0,45.75,ON_TIME,HIGH
j_hist_003678,28.25,32,38.4,10,0,0,0,69.3,ON_TIME,HIGH
j_hist_003679,14.33,16,15.2,6,0,1,0,77.97,MODERATE_DELAY,LOW
j_hist_003680,26.53,38,41.4,5,0,0,1,86.18,HEAVY_DELAY,LOW
j_hist_003681,5.27,8,41.8,12,0,0,1,16.99,SLIGHT_DELAY,MEDIUM
j_hist_003682,27.27,37,30.7,14,0,0,0,81.82,ON_TIME,MEDIUM
j_hist_003683,9.06,12,23.3,22,0,0,1,38.11,SLIGHT_DELAY,LOW
j_hist_003684,24.03,32,20.2,15,0,0,0,97.33,SLIGHT_DELAY,MEDIUM
j_hist_003685,20.24,20,21.7,22,1,0,2,107.91,HEAVY_DELAY,LOW
j_hist_003686,32.59,39,15.4,20,1,0,2,180.0,HEAVY_DELAY,LOW
j_hist_003687,14.17,21,27.3,9,0,1,2,78.81,HEAVY_DELAY,HIGH
j_hist_003688,3.25,5,15.6,11,1,0,1,21.5,SLIGHT_DELAY,MEDIUM
j_hist_003689,1.65,4,34.1,6,1,1,0,8.21,SLIGHT_DELAY,LOW
j_hist_003690,29.11,33,24.4,15,0,0,1,117.58,HEAVY_DELAY,MEDIUM
j_hist_003691,18.84,17,19.6,17,0,0,0,71.58,ON_TIME,HIGH
j_hist_003692,27.36,36,29.3,20,0,0,2,123.66,HEAVY_DELAY,LOW
j_hist_003693,8.97,10,41.3,18,1,0,0,20.39,ON_TIME,HIGH
j_hist_003694,12.73,17,33.5,11,0,0,1,44.15,MODERATE_DELAY,MEDIUM
j_hist_003695,2.02,3,27.8,11,0,0,0,5.47,ON_TIME,MEDIUM
j_hist_003696,33.69,48,35.8,16,0,0,1,115.3,HEAVY_DELAY,MEDIUM
j_hist_003697,23.71,25,34.6,16,0,2,1,95.79,HEAVY_DELAY,MEDIUM
j_hist_003698,32.73,32,39.0,5,1,0,0,73.47,ON_TIME,LOW
j_hist_003699,10.03,10,19.7,10,1,0,0,36.24,ON_TIME,HIGH
j_hist_003700,21.79,31,38.0,12,0,0,2,88.28,HEAVY_DELAY,MEDIUM
j_hist_003701,24.07,31,22.4,17,0,0,0,86.87,ON_TIME,HIGH
j_hist_003702,11.8,16,40.3,9,0,0,1,38.37,MODERATE_DELAY,HIGH
j_hist_003703,29.84,34,21.9,14,0,2,2,180.0,HEAVY_DELAY,MEDIUM
j_hist_003704,33.2,38,40.0,18,0,0,1,99.59,HEAVY_DELAY,HIGH
j_hist_003705,31.09,28,41.0,13,1,1,1,94.92,HEAVY_DELAY,MEDIUM
j_hist_003706,26.13,31,18.1,21,0,0,2,164.68,HEAVY_DELAY,LOW
j_hist_003707,10.43,11,41.3,7,0,0,0,23.56,ON_TIME,LOW
j_hist_003708,10.57,16,16.4,16,0,1,2,85.61,HEAVY_DELAY,MEDIUM
j_hist_003709,33.75,45,20.1,16,0,0,0,134.52,ON_TIME,MEDIUM
j_hist_003710,1.35,3,26.4,15,0,1,0,5.65,ON_TIME,MEDIUM
j_hist_003711,25.35,24,41.8,8,0,0,2,83.32,HEAVY_DELAY,HIGH
j_hist_003712,25.01,33,27.7,12,0,0,0,81.11,SLIGHT_DELAY,MEDIUM
j_hist_003713,22.17,21,29.4,14,1,0,0,63.69,SLIGHT_DELAY,MEDIUM
j_hist_003714,34.66,33,33.4,18,0,1,0,97.29,MODERATE_DELAY,HIGH
j_hist_003715,11.6,12,41.1,5,0,2,0,34.76,MODERATE_DELAY,LOW
j_hist_003716,12.56,16,35.9,16,1,1,0,37.41,SLIGHT_DELAY,MEDIUM
j_hist_003717,3.68,6,20.3,9,0,0,0,14.38,ON_TIME,HIGH
j_hist_003718,16.06,17,22.5,18,0,0,0,57.88,SLIGHT_DELAY,HIGH
j_hist_003719,9.88,10,16.7,8,0,0,0,41.39,ON_TIME,HIGH
j_hist_003720,12.68,15,32.0,21,1,0,1,44.04,MODERATE_DELAY,LOW
j_hist_003721,29.38,38,19.1,17,0,0,0,119.55,ON_TIME,HIGH
j_hist_003722,32.81,32,21.2,7,0,0,0,113.18,ON_TIME,LOW
j_hist_003723,7.31,8,38.9,15,0,0,1,19.36,SLIGHT_DELAY,MEDIUM
j_hist_003724,13.67,20,23.1,15,0,1,1,69.02,HEAVY_DELAY,MEDIUM
j_hist_003725,32.57,46,29.9,9,0,1,1,143.01,HEAVY_DELAY,HIGH
j_hist_003726,3.1,6,25.1,10,1,1,0,11.76,ON_TIME,HIGH
j_hist_003727,4.14,7,16.1,8,0,0,0,22.44,ON_TIME,HIGH
j_hist_003728,6.53,7,24.2,14,0,0,0,22.35,ON_TIME,MEDIUM
j_hist_003729,21.24,21,25.4,14,0,0,1,80.95,HEAVY_DELAY,MEDIUM
j_hist_003730,6.12,8,39.1,16,0,0,2,21.54,SLIGHT_DELAY,MEDIUM
j_hist_003731,33.91,35,23.1,22,0,1,1,163.58,HEAVY_DELAY,LOW
j_hist_003732,16.19,24,24.6,19,0,1,0,65.51,MODERATE_DELAY,HIGH
j_hist_003733,18.05,24,35.9,22,1,2,2,95.73,HEAVY_DELAY,LOW
j_hist_003734,9.39,13,35.3,7,1,0,1,31.37,SLIGHT_DELAY,LOW
j_hist_003735,17.01,17,36.4,7,0,0,1,51.18,MODERATE_DELAY,LOW
j_hist_003736,23.51,33,40.7,5,0,0,2,88.27,HEAVY_DELAY,LOW
j_hist_003737,26.54,36,36.3,21,0,1,2,123.15,HEAVY_DELAY,LOW
j_hist_003738,26.63,25,25.4,14,1,0,0,82.71,ON_TIME,MEDIUM
j_hist_003739,20.65,29,37.0,10,1,0,1,70.82,HEAVY_DELAY,HIGH
j_hist_003740,31.75,32,28.2,15,0,0,0,92.84,ON_TIME,MEDIUM
j_hist_003741,28.79,26,21.8,18,0,0,0,95.21,ON_TIME,HIGH
j_hist_003742,26.74,33,22.5,21,1,1,0,108.25,MODERATE_DELAY,LOW
j_hist_003743,2.89,5,20.3,11,0,0,0,12.62,ON_TIME,MEDIUM
j_hist_003744,1.23,3,18.1,8,1,0,1,8.29,ON_TIME,HIGH
j_hist_003745,8.22,10,19.2,15,1,1,0,37.81,SLIGHT_DELAY,MEDIUM
j_hist_003746,23.56,34,15.8,13,1,0,0,116.58,ON_TIME,MEDIUM
j_hist_003747,14.98,20,38.9,12,0,1,0,46.09,MODERATE_DELAY,MEDIUM
j_hist_003748,14.68,20,40.1,8,0,1,0,41.5,SLIGHT_DELAY,HIGH
j_hist_003749,31.08,30,30.4,20,0,0,1,102.38,HEAVY_DELAY,LOW
j_hist_003750,31.45,28,37.5,10,1,0,2,107.57,HEAVY_DELAY,HIGH
j_hist_003751,31.91,32,19.1,10,0,1,1,177.4,HEAVY_DELAY,HIGH
j_hist_003752,11.67,13,39.2,6,0,0,1,31.29,SLIGHT_DELAY,LOW
j_hist_003753,24.5,25,28.2,15,0,0,1,89.07,HEAVY_DELAY,MEDIUM
j_hist_003754,10.24,11,15.9,22,0,1,1,68.11,HEAVY_DELAY,LOW
j_hist_003755,7.48,10,18.0,13,1,0,0,31.44,ON_TIME,MEDIUM
j_hist_003756,7.28,9,22.7,20,1,0,0,25.79,ON_TIME,LOW
j_hist_003757,12.63,18,15.2,15,1,1,0,73.27,MODERATE_DELAY,MEDIUM
j_hist_003758,15.62,16,22.7,18,1,2,0,71.56,HEAVY_DELAY,HIGH
j_hist_003759,29.25,33,15.7,12,0,0,1,171.8,HEAVY_DELAY,MEDIUM
j_hist_003760,5.08,6,20.6,17,0,1,2,31.01,MODERATE_DELAY,HIGH
j_hist_003761,25.99,30,21.4,14,0,0,0,97.45,SLIGHT_DELAY,MEDIUM
j_hist_003762,19.07,17,41.8,16,0,0,0,42.65,SLIGHT_DELAY,MEDIUM
j_hist_003763,10.79,16,20.6,7,0,0,0,44.07,ON_TIME,LOW
j_hist_003764,17.76,24,20.7,6,1,0,2,105.9,HEAVY_DELAY,LOW
j_hist_003765,11.2,14,33.2,15,0,0,2,44.26,MODERATE_DELAY,MEDIUM
j_hist_003766,21.27,20,38.1,22,1,0,1,60.71,MODERATE_DELAY,LOW
j_hist_003767,15.75,20,24.8,8,1,0,1,67.59,MODERATE_DELAY,HIGH
j_hist_003768,6.59,10,38.5,12,0,1,0,20.82,SLIGHT_DELAY,MEDIUM
j_hist_003769,4.96,6,23.5,15,0,0,0,16.05,ON_TIME,MEDIUM
j_hist_003770,19.59,24,19.5,19,1,1,0,88.44,MODERATE_DELAY,HIGH
j_hist_003771,31.68,42,23.2,6,0,0,2,170.43,HEAVY_DELAY,LOW
j_hist_003772,12.69,18,31.1,19,1,1,1,55.79,HEAVY_DELAY,HIGH
j_hist_003773,25.92,35,24.3,17,0,0,0,88.59,ON_TIME,HIGH
j_hist_003774,23.39,33,32.8,6,1,0,0,66.68,ON_TIME,LOW
j_hist_003775,32.67,46,20.6,7,1,0,0,133.03,SLIGHT_DELAY,LOW
j_hist_003776,28.91,32,33.6,18,0,0,0,76.55,ON_TIME,HIGH
j_hist_003777,20.26,25,23.7,17,0,2,1,113.36,HEAVY_DELAY,HIGH
j_hist_003778,23.34,31,26.8,20,0,0,2,114.83,HEAVY_DELAY,LOW
j_hist_003779,31.55,40,29.6,16,0,0,2,141.97,HEAVY_DELAY,MEDIUM
j_hist_003780,14.58,22,33.2,5,0,0,0,43.19,ON_TIME,LOW
j_hist_003781,12.11,11,20.7,10,0,0,1,54.6,MODERATE_DELAY,HIGH
j_hist_003782,1.37,3,37.4,17,1,0,0,5.0,ON_TIME,HIGH
j_hist_003783,29.1,30,34.2,6,1,2,0,97.02,HEAVY_DELAY,LOW
j_hist_003784,28.23,29,20.6,22,1,0,1,129.01,HEAVY_DELAY,LOW
j_hist_003785,4.55,6,41.3,21,0,0,1,15.2,SLIGHT_DELAY,LOW
j_hist_003786,20.61,27,32.6,19,0,0,0,59.58,ON_TIME,HIGH
j_hist_003787,16.78,16,26.7,12,1,0,2,73.77,HEAVY_DELAY,MEDIUM
j_hist_003788,5.04,8,18.4,13,1,0,1,25.48,SLIGHT_DELAY,MEDIUM
j_hist_003789,34.34,43,28.9,12,0,1,1,149.81,HEAVY_DELAY,MEDIUM
j_hist_003790,8.3,9,18.6,12,0,0,0,34.67,ON_TIME,MEDIUM
j_hist_003791,3.29,5,26.0,15,0,0,0,11.98,ON_TIME,MEDIUM
j_hist_003792,21.22,26,25.4,22,1,0,0,67.36,ON_TIME,LOW
j_hist_003793,26.12,34,34.2,21,1,1,1,103.06,HEAVY_DELAY,LOW
j_hist_003794,2.1,4,19.4,10,0,0,1,14.53,SLIGHT_DELAY,HIGH
j_hist_003795,23.4,32,37.0,6,0,2,0,82.97,HEAVY_DELAY,LOW
j_hist_003796,19.1,28,23.1,5,0,0,1,90.05,HEAVY_DELAY,LOW
j_hist_003797,4.51,7,26.4,14,1,0,0,16.37,ON_TIME,MEDIUM
j_hist_003798,6.87,11,35.6,12,1,0,1,25.53,SLIGHT_DELAY,MEDIUM
j_hist_003799,20.31,28,31.5,20,1,0,1,73.85,MODERATE_DELAY,LOW
j_hist_003800,11.08,16,22.6,18,0,0,0,43.87,SLIGHT_DELAY,HIGH
j_hist_003801,32.9,28,24.8,20,0,0,2,151.13,HEAVY_DELAY,LOW
j_hist_003802,28.84,41,22.6,18,1,0,1,136.04,HEAVY_DELAY,HIGH
j_hist_003803,34.44,39,30.7,11,1,0,2,144.56,HEAVY_DELAY,MEDIUM
j_hist_003804,9.83,14,23.3,22,0,0,1,45.67,MODERATE_DELAY,LOW
j_hist_003805,33.97,31,34.3,13,0,0,0,82.48,ON_TIME,MEDIUM
j_hist_003806,15.66,18,30.2,8,0,0,0,42.31,ON_TIME,HIGH
j_hist_003807,12.82,14,18.1,20,0,0,0,51.9,ON_TIME,LOW
j_hist_003808,2.71,4,22.7,15,0,1,2,16.95,SLIGHT_DELAY,MEDIUM
j_hist_003809,2.79,4,20.2,13,0,0,0,13.59,SLIGHT_DELAY,MEDIUM
j_hist_003810,24.53,33,24.9,21,0,0,0,82.13,ON_TIME,LOW
j_hist_003811,16.57,15,28.4,15,1,1,0,51.65,SLIGHT_DELAY,MEDIUM
j_hist_003812,8.7,10,28.2,7,0,0,2,37.94,MODERATE_DELAY,LOW
j_hist_003813,21.87,21,35.1,15,0,2,1,88.14,HEAVY_DELAY,MEDIUM
j_hist_003814,9.6,13,19.3,12,0,0,1,49.27,MODERATE_DELAY,MEDIUM
j_hist_003815,20.64,21,40.5,14,1,0,0,46.15,ON_TIME,MEDIUM
j_hist_003816,13.21,14,23.6,10,0,0,1,56.33,MODERATE_DELAY,HIGH
j_hist_003817,29.0,33,22.4,21,1,0,2,156.11,HEAVY_DELAY,LOW
j_hist_003818,28.9,36,33.2,10,1,0,0,82.21,SLIGHT_DELAY,HIGH
j_hist_003819,17.23,17,36.6,11,0,0,2,63.88,HEAVY_DELAY,MEDIUM
j_hist_003820,12.93,13,24.6,17,1,0,0,41.01,ON_TIME,HIGH
j_hist_003821,13.33,14,34.9,10,0,0,0,32.84,ON_TIME,HIGH
j_hist_003822,28.39,41,38.7,7,0,1,1,107.18,HEAVY_DELAY,LOW
j_hist_003823,12.16,14,35.5,17,1,0,1,36.24,SLIGHT_DELAY,HIGH
j_hist_003824,8.11,11,15.0,14,1,0,0,38.67,ON_TIME,MEDIUM
j_hist_003825,3.88,5,37.2,8,1,0,1,13.45,SLIGHT_DELAY,HIGH
j_hist_003826,16.87,20,35.7,9,1,0,1,51.9,MODERATE_DELAY,HIGH
j_hist_003827,17.39,16,32.7,22,0,0,1,53.27,MODERATE_DELAY,LOW
j_hist_003828,29.59,26,35.3,11,0,1,0,80.58,MODERATE_DELAY,MEDIUM
j_hist_003829,8.52,11,41.4,5,1,2,1,31.88,MODERATE_DELAY,LOW
j_hist_003830,13.95,16,26.1,21,0,2,2,85.18,HEAVY_DELAY,LOW
j_hist_003831,28.49,27,15.9,22,0,0,1,159.01,HEAVY_DELAY,LOW
j_hist_003832,29.0,37,26.9,9,0,0,0,88.8,ON_TIME,HIGH
j_hist_003833,14.08,21,15.3,10,0,0,1,88.6,HEAVY_DELAY,HIGH
j_hist_003834,16.61,19,22.2,14,0,0,2,88.04,HEAVY_DELAY,MEDIUM
j_hist_003835,11.31,15,30.4,14,0,1,0,38.24,SLIGHT_DELAY,MEDIUM
j_hist_003836,32.71,47,22.7,10,0,0,1,150.19,HEAVY_DELAY,HIGH
j_hist_003837,5.03,8,33.2,14,0,0,0,13.81,ON_TIME,MEDIUM
j_hist_003838,32.75,37,37.0,14,0,0,0,80.17,ON_TIME,MEDIUM
j_hist_003839,24.25,32,25.8,16,0,0,0,78.82,ON_TIME,MEDIUM
j_hist_003840,19.07,18,39.2,8,0,0,0,41.91,ON_TIME,HIGH
j_hist_003841,2.11,4,16.2,17,0,0,0,14.51,SLIGHT_DELAY,HIGH
j_hist_003842,17.17,18,37.5,14,1,0,1,51.69,MODERATE_DELAY,MEDIUM
j_hist_003843,14.86,15,37.2,20,1,0,0,34.56,ON_TIME,LOW
j_hist_003844,6.48,8,23.0,10,0,0,0,22.74,ON_TIME,HIGH
j_hist_003845,23.32,22,22.4,13,1,0,2,120.42,HEAVY_DELAY,MEDIUM
j_hist_003846,34.02,43,22.5,18,0,0,0,121.86,ON_TIME,HIGH
j_hist_003847,20.11,23,36.7,14,0,0,1,63.04,MODERATE_DELAY,MEDIUM
j_hist_003848,25.3,30,37.3,12,1,1,1,92.88,HEAVY_DELAY,MEDIUM
j_hist_003849,3.33,4,23.2,7,1,0,0,11.52,ON_TIME,LOW
j_hist_003850,15.2,15,30.6,21,0,0,0,40.72,ON_TIME,LOW
j_hist_003851,4.96,7,17.9,7,0,0,0,24.13,SLIGHT_DELAY,LOW
j_hist_003852,21.84,32,27.1,18,0,0,2,109.98,HEAVY_DELAY,HIGH
j_hist_003853,32.91,30,42.0,10,0,0,0,70.35,ON_TIME,HIGH
j_hist_003854,23.5,24,18.4,22,0,0,1,117.89,HEAVY_DELAY,LOW
j_hist_003855,3.61,6,40.5,16,0,2,0,11.06,ON_TIME,MEDIUM
j_hist_003856,13.06,13,37.1,19,0,0,0,33.93,SLIGHT_DELAY,HIGH
j_hist_003857,19.72,28,41.2,10,0,1,1,73.11,HEAVY_DELAY,HIGH
j_hist_003858,14.71,18,19.0,16,0,2,0,77.72,HEAVY_DELAY,MEDIUM
j_hist_003859,29.34,32,20.0,11,0,0,0,113.92,ON_TIME,MEDIUM
j_hist_003860,28.7,30,14.5,14,0,0,0,142.99,ON_TIME,MEDIUM
j_hist_003861,21.8,23,34.3,22,0,0,0,54.48,ON_TIME,LOW
j_hist_003862,13.7,15,32.0,6,1,0,0,36.49,ON_TIME,LOW
j_hist_003863,9.68,14,19.0,17,0,2,2,81.31,HEAVY_DELAY,HIGH
j_hist_003864,4.6,7,36.2,19,0,1,1,17.21,SLIGHT_DELAY,HIGH
j_hist_003865,13.07,17,22.4,8,0,1,0,55.99,MODERATE_DELAY,HIGH
j_hist_003866,15.05,21,17.8,11,0,0,0,66.19,ON_TIME,MEDIUM
j_hist_003867,23.98,24,25.8,7,0,0,1,90.99,HEAVY_DELAY,LOW
j_hist_003868,23.38,29,16.5,20,0,1,2,180.0,HEAVY_DELAY,LOW
j_hist_003869,3.38,5,21.4,13,0,0,0,12.91,ON_TIME,MEDIUM
j_hist_003870,14.44,20,24.4,21,0,0,0,50.97,ON_TIME,LOW
j_hist_003871,7.18,9,37.9,12,0,1,1,25.18,MODERATE_DELAY,MEDIUM
j_hist_003872,6.33,9,36.2,22,0,0,0,16.71,ON_TIME,LOW
j_hist_003873,29.13,40,26.4,17,1,1,0,110.91,MODERATE_DELAY,HIGH
j_hist_003874,2.43,4,34.3,6,0,0,0,11.58,SLIGHT_DELAY,LOW
j_hist_003875,15.25,14,29.9,5,1,1,2,71.36,HEAVY_DELAY,LOW
j_hist_003876,6.72,9,23.5,20,0,0,0,24.49,ON_TIME,LOW
j_hist_003877,30.9,33,34.3,20,0,0,0,78.76,ON_TIME,LOW
j_hist_003878,19.94,25,33.1,15,0,1,1,82.02,HEAVY_DELAY,MEDIUM
j_hist_003879,8.87,14,31.3,8,0,2,0,32.76,SLIGHT_DELAY,HIGH
j_hist_003880,18.08,21,31.3,15,0,0,2,73.98,HEAVY_DELAY,MEDIUM
j_hist_003881,25.87,29,33.1,10,0,0,2,101.67,HEAVY_DELAY,HIGH
j_hist_003882,33.58,42,24.8,15,0,2,1,180.0,HEAVY_DELAY,MEDIUM
j_hist_003883,8.5,9,38.3,5,0,0,1,24.38,SLIGHT_DELAY,LOW
j_hist_003884,31.13,31,18.5,13,0,0,1,156.17,HEAVY_DELAY,MEDIUM
j_hist_003885,32.77,46,38.7,11,0,0,0,81.39,ON_TIME,MEDIUM
j_hist_003886,32.16,40,23.6,7,1,0,1,140.25,HEAVY_DELAY,LOW
j_hist_003887,22.6,20,17.5,13,1,0,0,90.64,ON_TIME,MEDIUM
j_hist_003888,22.41,22,30.8,6,1,0,2,91.56,HEAVY_DELAY,LOW
j_hist_003889,14.71,19,24.5,14,0,0,1,61.17,MODERATE_DELAY,MEDIUM
j_hist_003890,26.58,35,36.8,21,0,1,1,98.8,HEAVY_DELAY,LOW
j_hist_003891,19.06,26,26.1,5,0,2,2,121.54,HEAVY_DELAY,LOW
j_hist_003892,24.03,25,32.7,22,1,1,2,106.69,HEAVY_DELAY,LOW
j_hist_003893,15.57,23,22.6,10,1,0,1,73.09,MODERATE_DELAY,HIGH
j_hist_003894,25.87,31,19.9,10,0,0,1,126.19,HEAVY_DELAY,HIGH
j_hist_003895,29.03,37,24.9,13,1,0,0,96.71,ON_TIME,MEDIUM
j_hist_003896,5.98,8,31.0,14,1,0,1,19.6,SLIGHT_DELAY,MEDIUM
j_hist_003897,29.32,27,32.4,19,0,2,0,95.81,HEAVY_DELAY,HIGH
j_hist_003898,19.37,28,30.2,8,1,1,2,104.22,HEAVY_DELAY,HIGH
j_hist_003899,29.72,27,41.7,12,0,0,1,79.02,HEAVY_DELAY,MEDIUM
j_hist_003900,15.66,16,33.4,8,0,1,0,46.78,SLIGHT_DELAY,HIGH
j_hist_003901,13.89,19,40.1,7,0,0,0,37.11,SLIGHT_DELAY,LOW
j_hist_003902,32.11,39,17.3,8,0,0,1,177.11,HEAVY_DELAY,HIGH
j_hist_003903,9.54,14,15.7,5,1,0,0,48.78,ON_TIME,LOW
j_hist_003904,29.7,34,22.7,13,1,1,0,119.86,HEAVY_DELAY,MEDIUM
j_hist_003905,17.46,19,17.8,15,0,0,0,72.13,ON_TIME,MEDIUM
j_hist_003906,18.48,27,28.7,11,0,0,1,73.71,MODERATE_DELAY,MEDIUM
j_hist_003907,11.49,11,28.5,9,0,0,0,32.57,ON_TIME,HIGH
j_hist_003908,20.48,28,30.1,6,0,2,0,77.36,HEAVY_DELAY,LOW
j_hist_003909,12.06,13,34.9,7,0,0,0,29.98,ON_TIME,LOW
j_hist_003910,2.34,5,41.2,19,0,0,0,8.76,ON_TIME,HIGH
j_hist_003911,10.25,11,38.6,11,0,0,1,27.24,SLIGHT_DELAY,MEDIUM
j_hist_003912,1.22,3,17.3,9,1,0,0,5.0,ON_TIME,HIGH
j_hist_003913,34.26,47,23.5,14,0,1,0,139.67,HEAVY_DELAY,MEDIUM
j_hist_003914,33.84,38,21.2,13,0,0,1,154.6,HEAVY_DELAY,MEDIUM
j_hist_003915,14.44,20,19.0,18,0,0,0,60.4,ON_TIME,HIGH
j_hist_003916,25.76,35,29.3,17,0,0,2,121.41,HEAVY_DELAY,HIGH
j_hist_003917,12.76,17,29.5,5,1,0,1,49.45,MODERATE_DELAY,LOW
j_hist_003918,23.82,34,20.4,20,0,1,0,110.41,MODERATE_DELAY,LOW
j_hist_003919,28.38,32,33.9,12,0,2,0,96.17,HEAVY_DELAY,MEDIUM
j_hist_003920,33.19,31,34.5,21,0,0,0,80.8,ON_TIME,LOW
j_hist_003921,14.61,14,14.6,10,1,0,1,89.57,HEAVY_DELAY,HIGH
j_hist_003922,27.63,28,25.1,6,0,0,0,88.9,ON_TIME,LOW
j_hist_003923,10.04,10,38.9,17,0,0,0,21.87,ON_TIME,HIGH
j_hist_003924,34.67,41,28.6,12,0,0,1,130.08,HEAVY_DELAY,MEDIUM
j_hist_003925,1.88,3,23.7,13,1,0,0,7.24,ON_TIME,MEDIUM
j_hist_003926,21.52,19,21.1,17,0,0,1,95.91,HEAVY_DELAY,HIGH
j_hist_003927,23.42,21,20.8,22,0,0,1,106.26,HEAVY_DELAY,LOW
j_hist_003928,24.39,33,16.8,22,0,0,0,112.44,ON_TIME,LOW
j_hist_003929,5.09,7,36.9,13,0,0,0,13.29,ON_TIME,MEDIUM
j_hist_003930,32.91,35,16.4,6,0,0,1,180.0,HEAVY_DELAY,LOW
j_hist_003931,7.16,11,22.2,8,0,2,0,34.21,SLIGHT_DELAY,HIGH
j_hist_003932,22.17,20,15.3,22,0,0,1,127.92,HEAVY_DELAY,LOW
j_hist_003933,8.57,13,35.9,21,1,0,0,25.87,ON_TIME,LOW
j_hist_003934,11.45,15,15.1,16,1,0,1,73.45,HEAVY_DELAY,MEDIUM
j_hist_003935,19.58,19,22.6,20,0,0,2,95.94,HEAVY_DELAY,LOW
j_hist_003936,15.18,20,30.1,17,0,0,2,67.31,HEAVY_DELAY,HIGH
j_hist_003937,6.45,10,25.5,15,1,2,0,29.84,MODERATE_DELAY,MEDIUM
j_hist_003938,6.81,9,21.9,18,0,0,1,33.07,MODERATE_DELAY,HIGH
j_hist_003939,15.22,22,21.7,14,1,2,2,113.6,HEAVY_DELAY,MEDIUM
j_hist_003940,26.75,25,36.3,21,1,0,0,62.46,ON_TIME,LOW
j_hist_003941,31.53,32,41.3,13,0,0,0,70.09,ON_TIME,MEDIUM
j_hist_003942,3.86,5,23.7,18,0,2,0,14.71,ON_TIME,HIGH
j_hist_003943,14.37,15,15.1,9,0,0,0,67.76,ON_TIME,HIGH
j_hist_003944,4.41,6,15.0,7,1,0,0,21.45,ON_TIME,LOW
j_hist_003945,1.56,4,35.3,12,0,2,0,7.9,SLIGHT_DELAY,MEDIUM
j_hist_003946,23.5,21,29.5,22,0,1,0,73.8,MODERATE_DELAY,LOW
j_hist_003947,21.48,24,35.9,7,0,0,1,66.36,MODERATE_DELAY,LOW
j_hist_003948,6.54,9,33.5,6,0,0,0,18.44,ON_TIME,LOW
j_hist_003949,8.95,13,39.4,15,0,0,0,23.48,ON_TIME,MEDIUM
j_hist_003950,1.81,4,38.8,9,0,0,0,5.36,ON_TIME,HIGH
j_hist_003951,29.39,38,36.1,11,0,2,1,127.28,HEAVY_DELAY,MEDIUM
j_hist_003952,34.14,49,27.3,18,0,1,0,128.26,HEAVY_DELAY,HIGH
j_hist_003953,5.61,9,22.6,6,0,1,2,40.5,HEAVY_DELAY,LOW
j_hist_003954,8.87,14,28.2,13,0,2,2,56.07,HEAVY_DELAY,MEDIUM
j_hist_003955,30.53,39,28.1,14,0,0,0,95.66,ON_TIME,MEDIUM
j_hist_003956,32.5,29,31.1,21,1,0,0,86.11,ON_TIME,LOW
j_hist_003957,15.27,17,19.2,11,0,0,1,73.86,MODERATE_DELAY,MEDIUM
j_hist_003958,2.72,5,32.4,22,0,0,0,9.55,ON_TIME,LOW
j_hist_003959,2.34,4,26.8,10,0,0,0,10.32,SLIGHT_DELAY,HIGH
j_hist_003960,20.51,21,31.4,13,0,0,0,55.89,ON_TIME,MEDIUM
j_hist_003961,14.36,18,20.7,12,1,0,0,51.69,ON_TIME,MEDIUM
j_hist_003962,1.97,4,26.2,13,0,1,2,14.23,SLIGHT_DELAY,MEDIUM
j_hist_003963,20.83,19,19.9,5,0,0,0,77.82,ON_TIME,LOW
j_hist_003964,1.38,3,38.5,6,0,0,0,5.18,ON_TIME,LOW
j_hist_003965,27.77,36,27.7,8,1,0,1,108.64,HEAVY_DELAY,HIGH
j_hist_003966,11.42,17,20.3,22,0,0,0,45.04,ON_TIME,LOW
j_hist_003967,2.37,5,15.2,14,0,1,0,17.57,SLIGHT_DELAY,MEDIUM
j_hist_003968,21.0,28,32.9,5,0,0,1,75.97,HEAVY_DELAY,LOW
j_hist_003969,14.52,18,20.0,14,0,1,0,67.48,MODERATE_DELAY,MEDIUM
j_hist_003970,34.11,33,41.7,13,0,0,1,91.93,HEAVY_DELAY,MEDIUM
j_hist_003971,19.5,23,28.9,17,0,0,0,58.06,ON_TIME,HIGH
j_hist_003972,10.36,15,22.1,19,0,0,0,40.33,ON_TIME,HIGH
j_hist_003973,25.12,35,32.4,22,0,0,1,91.3,HEAVY_DELAY,LOW
j_hist_003974,10.23,15,21.7,17,0,0,1,49.6,MODERATE_DELAY,HIGH
j_hist_003975,31.74,31,37.0,9,0,0,1,94.69,HEAVY_DELAY,HIGH
j_hist_003976,13.74,17,22.6,6,0,0,0,48.1,ON_TIME,LOW
j_hist_003977,19.7,21,41.7,11,0,0,1,57.41,MODERATE_DELAY,MEDIUM
j_hist_003978,2.72,4,30.9,13,0,1,1,11.97,SLIGHT_DELAY,MEDIUM
j_hist_003979,15.49,16,37.6,18,1,0,1,44.69,MODERATE_DELAY,HIGH
j_hist_003980,29.3,27,16.0,21,1,2,0,167.53,HEAVY_DELAY,LOW
j_hist_003981,28.39,39,23.8,15,1,0,0,98.44,ON_TIME,MEDIUM
j_hist_003982,8.63,10,34.6,9,0,0,1,28.87,SLIGHT_DELAY,HIGH
j_hist_003983,8.69,10,32.3,16,0,0,0,22.48,ON_TIME,MEDIUM
j_hist_003984,28.79,41,19.4,13,0,0,0,119.77,ON_TIME,MEDIUM
j_hist_003985,32.63,35,24.0,21,1,0,0,108.29,ON_TIME,LOW
j_hist_003986,4.24,5,21.4,12,1,0,0,11.63,ON_TIME,MEDIUM
j_hist_003987,16.3,17,31.2,12,0,0,1,54.77,MODERATE_DELAY,MEDIUM
j_hist_003988,12.47,12,23.6,16,0,0,0,43.69,SLIGHT_DELAY,MEDIUM
j_hist_003989,30.6,28,22.7,14,0,0,2,154.11,HEAVY_DELAY,MEDIUM
j_hist_003990,3.84,5,19.8,6,0,0,0,15.82,ON_TIME,LOW
j_hist_003991,8.18,11,25.5,12,1,0,0,26.97,ON_TIME,MEDIUM
j_hist_003992,26.58,26,19.5,18,1,0,1,122.48,HEAVY_DELAY,HIGH
j_hist_003993,2.74,4,41.0,8,1,0,1,8.93,ON_TIME,HIGH
j_hist_003994,17.75,25,18.3,13,0,2,0,100.23,HEAVY_DELAY,MEDIUM
j_hist_003995,16.03,18,39.6,17,1,0,2,55.24,HEAVY_DELAY,HIGH
j_hist_003996,12.37,18,26.0,13,1,1,0,47.03,SLIGHT_DELAY,MEDIUM
j_hist_003997,14.42,17,24.6,17,1,0,0,47.14,ON_TIME,HIGH
j_hist_003998,19.02,21,20.5,20,0,0,2,107.54,HEAVY_DELAY,LOW
j_hist_003999,6.49,10,31.8,5,0,2,0,23.19,SLIGHT_DELAY,LOW
j_hist_004000,20.45,19,33.2,12,0,1,1,70.71,HEAVY_DELAY,MEDIUM
j_hist_004001,28.38,26,27.1,13,0,0,1,104.03,HEAVY_DELAY,MEDIUM
j_hist_004002,26.85,33,15.6,17,0,0,0,127.47,ON_TIME,HIGH
j_hist_004003,6.23,8,39.7,21,0,0,2,25.01,MODERATE_DELAY,LOW
j_hist_004004,6.07,9,41.4,13,1,0,0,13.96,ON_TIME,MEDIUM
j_hist_004005,10.12,15,26.1,11,0,0,2,51.54,HEAVY_DELAY,MEDIUM
j_hist_004006,13.28,15,31.2,14,1,1,0,44.0,MODERATE_DELAY,MEDIUM
j_hist_004007,14.89,19,26.6,9,0,1,0,56.81,MODERATE_DELAY,HIGH
j_hist_004008,24.11,28,23.0,21,0,1,0,96.54,MODERATE_DELAY,LOW
j_hist_004009,2.93,6,16.2,6,0,0,1,17.45,SLIGHT_DELAY,LOW
j_hist_004010,2.18,4,26.8,13,0,0,1,7.09,ON_TIME,MEDIUM
j_hist_004011,14.32,21,36.9,6,1,0,2,58.4,HEAVY_DELAY,LOW
j_hist_004012,24.7,25,14.5,14,0,0,0,122.49,ON_TIME,MEDIUM
j_hist_004013,7.58,11,30.3,16,0,0,0,22.07,ON_TIME,MEDIUM
j_hist_004014,22.81,23,38.7,6,0,0,2,80.1,HEAVY_DELAY,LOW
j_hist_004015,9.83,11,20.1,19,1,0,0,35.16,ON_TIME,HIGH
j_hist_004016,31.13,44,19.1,7,0,1,0,150.26,HEAVY_DELAY,LOW
j_hist_004017,31.45,27,35.6,6,1,1,0,85.46,MODERATE_DELAY,LOW
j_hist_004018,11.11,17,21.1,11,0,1,2,77.82,HEAVY_DELAY,MEDIUM
j_hist_004019,8.82,9,19.4,13,1,2,0,44.68,MODERATE_DELAY,MEDIUM
j_hist_004020,14.98,21,24.6,15,0,1,1,74.55,HEAVY_DELAY,MEDIUM
j_hist_004021,9.18,10,25.0,20,0,0,0,28.51,ON_TIME,LOW
j_hist_004022,23.86,26,38.5,11,0,0,1,68.4,MODERATE_DELAY,MEDIUM
j_hist_004023,29.09,29,31.3,17,0,0,2,115.44,HEAVY_DELAY,HIGH
j_hist_004024,23.89,29,25.4,7,1,0,1,100.03,HEAVY_DELAY,LOW
j_hist_004025,29.03,31,29.0,15,0,1,0,95.59,MODERATE_DELAY,MEDIUM
j_hist_004026,14.5,19,40.7,7,0,0,1,44.63,MODERATE_DELAY,LOW
j_hist_004027,6.31,7,17.2,19,0,0,1,34.55,MODERATE_DELAY,HIGH
j_hist_004028,26.09,23,19.8,12,1,0,0,95.7,ON_TIME,MEDIUM
j_hist_004029,13.26,13,41.0,11,1,0,1,37.76,MODERATE_DELAY,MEDIUM
j_hist_004030,23.82,27,40.8,9,1,0,1,69.35,MODERATE_DELAY,HIGH
j_hist_004031,10.2,15,19.0,10,0,2,1,70.47,HEAVY_DELAY,HIGH
j_hist_004032,3.76,7,18.1,7,1,0,1,21.08,SLIGHT_DELAY,LOW
j_hist_004033,34.75,34,25.8,15,0,0,0,107.47,ON_TIME,MEDIUM
j_hist_004034,6.31,9,15.4,10,0,0,2,47.32,HEAVY_DELAY,HIGH
j_hist_004035,34.61,45,32.3,18,0,0,1,122.47,HEAVY_DELAY,HIGH
j_hist_004036,34.23,35,16.2,21,1,0,0,153.19,ON_TIME,LOW
j_hist_004037,27.99,31,15.6,7,0,0,0,131.42,ON_TIME,LOW
j_hist_004038,23.42,28,27.6,8,0,0,1,88.44,HEAVY_DELAY,HIGH
j_hist_004039,20.65,20,40.8,13,0,0,0,43.79,ON_TIME,MEDIUM
j_hist_004040,30.45,26,26.0,17,1,0,0,90.43,ON_TIME,HIGH
j_hist_004041,10.84,11,24.0,10,0,0,1,45.41,MODERATE_DELAY,HIGH
j_hist_004042,16.9,21,41.9,14,1,1,1,55.12,HEAVY_DELAY,MEDIUM
j_hist_004043,22.06,20,28.9,17,0,0,0,61.78,ON_TIME,HIGH
j_hist_004044,14.98,15,24.5,18,0,1,0,57.05,MODERATE_DELAY,HIGH
j_hist_004045,15.53,17,24.8,16,1,2,0,62.28,MODERATE_DELAY,MEDIUM
j_hist_004046,12.23,12,19.5,17,0,0,1,57.39,MODERATE_DELAY,HIGH
j_hist_004047,20.18,20,28.3,14,1,1,1,83.03,HEAVY_DELAY,MEDIUM
j_hist_004048,29.92,42,26.3,11,0,0,1,128.39,HEAVY_DELAY,MEDIUM
j_hist_004049,7.85,8,21.6,9,1,0,1,34.35,SLIGHT_DELAY,HIGH
j_hist_004050,32.77,41,18.5,16,1,0,0,136.47,ON_TIME,MEDIUM
j_hist_004051,24.43,27,22.7,6,0,0,0,85.24,ON_TIME,LOW
j_hist_004052,28.99,36,28.2,12,0,0,1,109.44,HEAVY_DELAY,MEDIUM
j_hist_004053,19.91,24,15.6,12,1,0,1,118.02,HEAVY_DELAY,MEDIUM
j_hist_004054,27.5,27,18.3,9,0,0,0,110.17,ON_TIME,HIGH
j_hist_004055,1.55,4,40.5,12,0,1,0,8.08,SLIGHT_DELAY,MEDIUM
j_hist_004056,28.82,33,29.2,14,0,0,0,83.95,ON_TIME,MEDIUM
j_hist_004057,2.36,5,15.8,17,0,0,0,16.32,SLIGHT_DELAY,HIGH
j_hist_004058,31.26,34,33.4,13,0,1,1,115.37,HEAVY_DELAY,MEDIUM
j_hist_004059,34.73,50,15.7,11,1,0,1,180.0,MODERATE_DELAY,MEDIUM
j_hist_004060,11.0,15,34.7,15,0,0,1,37.9,MODERATE_DELAY,MEDIUM
j_hist_004061,8.15,13,35.0,12,1,0,0,23.85,ON_TIME,MEDIUM
j_hist_004062,27.02,31,32.2,20,1,0,0,71.48,ON_TIME,LOW
j_hist_004063,9.6,12,34.5,14,0,0,0,26.17,ON_TIME,MEDIUM
j_hist_004064,30.43,40,16.5,10,1,2,0,180.0,HEAVY_DELAY,HIGH
j_hist_004065,4.5,7,34.3,14,1,0,1,14.79,ON_TIME,MEDIUM
j_hist_004066,5.28,9,17.8,14,0,1,1,34.17,MODERATE_DELAY,MEDIUM
j_hist_004067,34.29,36,23.5,8,1,1,0,132.62,HEAVY_DELAY,HIGH
j_hist_004068,23.91,32,40.4,7,0,0,2,90.3,HEAVY_DELAY,LOW
j_hist_004069,29.79,29,28.1,21,1,0,2,128.54,HEAVY_DELAY,LOW
j_hist_004070,12.03,15,41.1,18,1,2,2,55.49,HEAVY_DELAY,HIGH
j_hist_004071,24.0,23,16.5,14,0,0,0,106.03,ON_TIME,MEDIUM
j_hist_004072,21.2,23,27.4,10,0,1,1,91.02,HEAVY_DELAY,HIGH
j_hist_004073,21.51,31,15.7,20,0,0,2,156.29,HEAVY_DELAY,LOW
j_hist_004074,24.21,23,31.6,13,0,1,1,91.99,HEAVY_DELAY,MEDIUM
j_hist_004075,20.56,26,16.2,16,0,0,0,92.18,ON_TIME,MEDIUM
j_hist_004076,15.59,20,18.9,16,1,1,0,74.15,MODERATE_DELAY,MEDIUM
j_hist_004077,10.38,11,21.2,18,1,0,2,55.43,HEAVY_DELAY,HIGH
j_hist_004078,27.13,29,35.0,6,1,0,2,103.37,HEAVY_DELAY,LOW
j_hist_004079,8.69,11,18.6,14,0,0,1,45.6,MODERATE_DELAY,MEDIUM
j_hist_004080,24.54,24,37.7,8,0,0,0,56.9,ON_TIME,HIGH
j_hist_004081,8.93,13,17.7,10,0,0,2,58.11,HEAVY_DELAY,HIGH
j_hist_004082,22.26,32,15.0,17,0,0,2,169.79,HEAVY_DELAY,HIGH
j_hist_004083,26.4,26,25.1,18,0,1,1,119.38,HEAVY_DELAY,HIGH
j_hist_004084,8.44,9,41.4,8,0,0,0,18.4,ON_TIME,HIGH
j_hist_004085,3.04,5,17.1,14,1,0,0,14.34,ON_TIME,MEDIUM
j_hist_004086,5.45,8,16.8,14,1,0,0,26.52,ON_TIME,MEDIUM
j_hist_004087,21.6,22,35.0,9,0,2,1,86.05,HEAVY_DELAY,HIGH
j_hist_004088,29.88,26,22.7,8,1,0,0,96.16,ON_TIME,HIGH
j_hist_004089,2.53,4,34.1,16,0,0,2,12.4,SLIGHT_DELAY,MEDIUM
j_hist_004090,25.96,37,19.6,18,0,0,0,107.96,ON_TIME,HIGH
j_hist_004091,12.6,15,26.9,11,1,1,0,46.36,SLIGHT_DELAY,MEDIUM
j_hist_004092,17.27,20,21.4,6,0,0,1,78.28,MODERATE_DELAY,LOW
j_hist_004093,32.58,47,26.6,18,0,0,0,108.63,ON_TIME,HIGH
j_hist_004094,12.29,16,35.5,14,0,2,1,53.62,HEAVY_DELAY,MEDIUM
j_hist_004095,16.82,22,35.3,20,0,0,0,46.05,ON_TIME,LOW
j_hist_004096,1.47,3,28.4,7,0,1,1,8.29,SLIGHT_DELAY,LOW
j_hist_004097,3.77,7,40.0,12,0,0,0,10.04,ON_TIME,MEDIUM
j_hist_004098,9.79,13,21.4,21,1,0,1,46.61,MODERATE_DELAY,LOW
j_hist_004099,1.95,4,20.7,8,0,0,0,6.82,ON_TIME,HIGH
j_hist_004100,22.47,29,31.2,19,0,1,0,74.96,MODERATE_DELAY,HIGH
j_hist_004101,15.5,21,31.4,14,1,0,1,59.36,MODERATE_DELAY,MEDIUM
j_hist_004102,19.64,21,15.3,14,1,0,0,90.03,ON_TIME,MEDIUM
j_hist_004103,6.94,8,31.0,16,0,0,2,28.79,MODERATE_DELAY,MEDIUM
j_hist_004104,11.06,16,24.5,13,0,0,1,48.53,MODERATE_DELAY,MEDIUM
j_hist_004105,23.57,25,34.9,19,0,0,2,89.09,HEAVY_DELAY,HIGH
j_hist_004106,33.82,40,36.6,22,0,2,0,110.5,HEAVY_DELAY,LOW
j_hist_004107,2.71,4,29.5,5,1,0,0,6.71,ON_TIME,LOW
j_hist_004108,31.27,42,14.0,7,1,0,0,165.57,ON_TIME,LOW
j_hist_004109,20.61,19,31.8,12,0,0,1,67.38,MODERATE_DELAY,MEDIUM
j_hist_004110,20.17,28,35.0,11,0,0,0,57.59,ON_TIME,MEDIUM
j_hist_004111,18.01,22,21.0,19,0,2,1,111.17,HEAVY_DELAY,HIGH
j_hist_004112,3.36,5,27.0,12,0,0,1,15.47,SLIGHT_DELAY,MEDIUM
j_hist_004113,4.06,6,41.0,19,0,2,0,12.24,ON_TIME,HIGH
j_hist_004114,21.43,22,22.3,9,1,1,1,105.46,HEAVY_DELAY,HIGH
j_hist_004115,12.59,14,20.2,16,0,1,2,79.6,HEAVY_DELAY,MEDIUM
j_hist_004116,32.19,34,19.9,16,0,0,1,154.44,HEAVY_DELAY,MEDIUM
j_hist_004117,14.82,14,29.6,13,0,2,2,78.72,HEAVY_DELAY,MEDIUM
j_hist_004118,5.87,10,40.6,13,1,1,0,19.06,SLIGHT_DELAY,MEDIUM
j_hist_004119,25.3,22,31.0,19,1,0,0,66.6,ON_TIME,HIGH
j_hist_004120,10.97,15,22.5,19,1,0,0,41.99,ON_TIME,HIGH
j_hist_004121,18.87,21,31.9,16,0,0,1,63.27,MODERATE_DELAY,MEDIUM
j_hist_004122,24.73,31,31.5,9,0,1,1,100.11,HEAVY_DELAY,HIGH
j_hist_004123,31.61,34,30.7,5,0,0,0,86.6,ON_TIME,LOW
j_hist_004124,27.93,35,18.5,15,1,0,0,115.43,ON_TIME,MEDIUM
j_hist_004125,24.0,31,31.8,22,0,0,0,68.79,ON_TIME,LOW
j_hist_004126,24.11,31,26.0,10,1,0,2,119.73,HEAVY_DELAY,HIGH
j_hist_004127,33.16,30,14.5,21,1,0,0,156.76,ON_TIME,LOW
j_hist_004128,11.06,15,29.1,18,0,1,0,38.55,SLIGHT_DELAY,HIGH
j_hist_004129,1.04,3,41.7,16,0,0,1,5.0,ON_TIME,MEDIUM
j_hist_004130,10.25,10,23.8,9,0,1,0,37.07,SLIGHT_DELAY,HIGH
j_hist_004131,8.41,10,41.0,11,0,0,1,24.04,SLIGHT_DELAY,MEDIUM
j_hist_004132,23.5,26,16.7,20,0,1,1,151.34,HEAVY_DELAY,LOW
j_hist_004133,22.55,26,34.5,13,0,0,2,90.57,HEAVY_DELAY,MEDIUM
j_hist_004134,21.18,27,17.2,19,1,0,2,142.29,HEAVY_DELAY,HIGH
j_hist_004135,1.55,3,21.7,8,1,2,1,10.8,SLIGHT_DELAY,HIGH
j_hist_004136,25.78,27,30.0,11,0,1,0,82.8,MODERATE_DELAY,MEDIUM
j_hist_004137,12.0,12,30.6,18,1,0,2,49.92,HEAVY_DELAY,HIGH
j_hist_004138,23.61,30,35.7,8,0,0,1,78.92,HEAVY_DELAY,HIGH
j_hist_004139,19.92,24,31.2,8,0,0,0,57.21,ON_TIME,HIGH
j_hist_004140,12.65,14,30.6,18,0,1,1,52.24,HEAVY_DELAY,HIGH
j_hist_004141,5.58,8,39.5,11,1,0,0,13.48,ON_TIME,MEDIUM
j_hist_004142,4.21,6,26.7,19,0,0,0,13.71,ON_TIME,HIGH
j_hist_004143,29.27,33,20.3,16,0,0,0,112.34,ON_TIME,MEDIUM
j_hist_004144,32.23,37,18.5,18,0,0,1,164.41,HEAVY_DELAY,HIGH
j_hist_004145,23.09,29,25.2,17,0,0,0,80.1,SLIGHT_DELAY,HIGH
j_hist_004146,4.52,7,34.0,16,1,0,1,17.55,SLIGHT_DELAY,MEDIUM
j_hist_004147,14.67,16,15.2,20,0,0,1,86.82,HEAVY_DELAY,LOW
j_hist_004148,25.78,24,17.6,20,1,0,2,161.3,HEAVY_DELAY,LOW
j_hist_004149,27.51,26,17.0,5,0,1,1,169.03,HEAVY_DELAY,LOW
j_hist_004150,5.02,7,30.4,19,1,0,0,14.06,ON_TIME,HIGH
j_hist_004151,1.0,3,20.8,9,0,0,1,6.73,ON_TIME,HIGH
j_hist_004152,25.21,28,18.7,10,0,0,2,151.93,HEAVY_DELAY,HIGH
j_hist_004153,13.12,13,30.6,21,1,0,0,36.13,ON_TIME,LOW
j_hist_004154,9.65,14,35.3,15,1,2,0,33.38,SLIGHT_DELAY,MEDIUM
j_hist_004155,1.44,3,23.3,8,0,0,0,6.16,ON_TIME,HIGH
j_hist_004156,19.37,27,30.2,22,0,0,0,58.65,ON_TIME,LOW
j_hist_004157,29.94,36,16.7,18,0,0,0,134.94,ON_TIME,HIGH
j_hist_004158,33.56,46,40.2,13,1,2,2,165.89,HEAVY_DELAY,MEDIUM
j_hist_004159,20.24,18,23.4,7,1,0,2,98.87,HEAVY_DELAY,LOW
j_hist_004160,18.49,17,41.9,7,0,0,1,49.28,MODERATE_DELAY,LOW
j_hist_004161,3.89,5,41.4,15,0,2,1,13.74,SLIGHT_DELAY,MEDIUM
j_hist_004162,19.66,26,35.8,9,0,0,2,78.97,HEAVY_DELAY,HIGH
j_hist_004163,13.92,13,14.6,8,1,0,0,66.64,ON_TIME,HIGH
j_hist_004164,21.64,25,29.2,16,0,2,1,105.08,HEAVY_DELAY,MEDIUM
j_hist_004165,14.22,17,16.4,16,0,0,1,81.88,HEAVY_DELAY,MEDIUM
j_hist_004166,9.17,11,39.1,8,0,0,1,25.32,SLIGHT_DELAY,HIGH
j_hist_004167,4.23,7,36.1,7,1,0,0,12.64,ON_TIME,LOW
j_hist_004168,11.71,12,41.2,6,0,0,1,36.21,MODERATE_DELAY,LOW
j_hist_004169,4.29,6,31.0,8,1,0,0,11.42,ON_TIME,HIGH
j_hist_004170,7.01,10,28.6,8,1,0,1,28.61,SLIGHT_DELAY,HIGH
j_hist_004171,34.57,30,28.5,11,1,0,2,142.16,HEAVY_DELAY,MEDIUM
j_hist_004172,16.1,21,24.8,6,0,0,1,70.76,HEAVY_DELAY,LOW
j_hist_004173,19.08,26,27.1,15,0,0,0,60.72,ON_TIME,MEDIUM
j_hist_004174,30.7,43,31.8,9,0,1,2,155.41,HEAVY_DELAY,HIGH
j_hist_004175,34.85,48,40.1,17,0,2,1,144.12,HEAVY_DELAY,HIGH
j_hist_004176,20.81,22,30.7,8,1,0,0,55.2,ON_TIME,HIGH
j_hist_004177,28.62,34,38.0,13,1,0,1,88.13,HEAVY_DELAY,MEDIUM
j_hist_004178,12.12,12,38.2,11,0,1,0,33.06,SLIGHT_DELAY,MEDIUM
j_hist_004179,11.4,12,28.5,17,0,0,0,29.55,ON_TIME,HIGH
j_hist_004180,14.69,14,23.7,14,0,0,1,60.84,MODERATE_DELAY,MEDIUM
j_hist_004181,23.87,25,31.9,11,0,0,1,77.84,MODERATE_DELAY,MEDIUM
j_hist_004182,24.19,34,26.5,22,0,1,0,90.58,MODERATE_DELAY,LOW
j_hist_004183,11.72,13,16.3,22,0,0,0,54.85,ON_TIME,LOW
j_hist_004184,5.53,8,24.6,6,1,0,2,28.35,MODERATE_DELAY,LOW
j_hist_004185,22.5,25,41.8,5,1,0,0,48.38,ON_TIME,LOW
j_hist_004186,5.36,7,15.4,17,0,0,0,26.54,ON_TIME,HIGH
j_hist_004187,20.67,30,33.5,6,0,0,1,75.93,HEAVY_DELAY,LOW
j_hist_004188,24.58,26,37.6,8,0,0,0,57.51,ON_TIME,HIGH
j_hist_004189,24.82,31,32.2,13,0,0,1,87.4,HEAVY_DELAY,MEDIUM
j_hist_004190,26.62,30,30.0,12,1,0,1,94.78,HEAVY_DELAY,MEDIUM
j_hist_004191,30.68,27,33.8,22,0,1,1,105.79,HEAVY_DELAY,LOW
j_hist_004192,18.0,21,26.0,20,0,0,1,70.25,MODERATE_DELAY,LOW
j_hist_004193,25.83,35,16.6,8,0,0,1,150.74,HEAVY_DELAY,HIGH
j_hist_004194,22.05,20,40.9,8,0,1,2,82.87,HEAVY_DELAY,HIGH
j_hist_004195,7.35,8,26.1,22,0,0,1,28.75,SLIGHT_DELAY,LOW
j_hist_004196,1.87,3,32.6,6,0,2,0,5.0,ON_TIME,LOW
j_hist_004197,10.67,15,28.9,15,1,0,0,36.33,SLIGHT_DELAY,MEDIUM
j_hist_004198,16.06,21,15.5,8,0,0,0,80.36,SLIGHT_DELAY,HIGH
j_hist_004199,21.98,27,40.7,18,0,0,2,80.14,HEAVY_DELAY,HIGH
j_hist_004200,29.9,34,36.2,21,0,0,0,73.5,ON_TIME,LOW
j_hist_004201,7.67,12,18.2,12,0,0,2,49.62,HEAVY_DELAY,MEDIUM
j_hist_004202,5.27,8,41.5,5,0,0,1,16.94,SLIGHT_DELAY,LOW
j_hist_004203,33.76,45,34.6,11,0,0,1,114.37,HEAVY_DELAY,MEDIUM
j_hist_004204,4.67,8,27.2,5,0,1,0,20.47,SLIGHT_DELAY,LOW
j_hist_004205,17.27,22,31.1,5,0,1,1,73.08,HEAVY_DELAY,LOW
j_hist_004206,20.91,24,17.0,14,1,1,2,156.21,HEAVY_DELAY,MEDIUM
j_hist_004207,19.41,27,29.7,17,1,0,1,76.1,HEAVY_DELAY,HIGH
j_hist_004208,3.93,7,16.1,9,1,0,0,19.57,ON_TIME,HIGH
j_hist_004209,2.94,4,29.3,16,0,0,1,10.27,ON_TIME,MEDIUM
j_hist_004210,4.59,5,29.5,7,0,1,2,22.48,MODERATE_DELAY,LOW
j_hist_004211,20.91,30,38.5,8,0,0,0,53.3,ON_TIME,HIGH
j_hist_004212,19.51,20,34.3,19,0,0,2,75.53,HEAVY_DELAY,HIGH
j_hist_004213,8.95,13,21.0,17,1,0,1,43.91,MODERATE_DELAY,HIGH
j_hist_004214,22.68,25,38.9,15,0,0,1,68.83,HEAVY_DELAY,MEDIUM
j_hist_004215,28.88,27,30.1,6,1,0,0,79.53,ON_TIME,LOW
j_hist_004216,2.41,4,31.0,13,0,0,0,6.84,ON_TIME,MEDIUM
j_hist_004217,17.94,18,18.7,16,0,0,2,106.6,HEAVY_DELAY,MEDIUM
j_hist_004218,24.44,25,38.0,8,0,0,0,56.2,ON_TIME,HIGH
j_hist_004219,9.58,12,40.1,14,1,0,0,25.3,ON_TIME,MEDIUM
j_hist_004220,11.46,15,35.7,15,0,1,0,34.35,SLIGHT_DELAY,MEDIUM
j_hist_004221,21.86,32,40.3,11,0,0,0,57.51,ON_TIME,MEDIUM
j_hist_004222,31.53,35,22.5,17,0,0,0,111.96,ON_TIME,HIGH
j_hist_004223,28.54,33,38.1,13,0,2,1,115.68,HEAVY_DELAY,MEDIUM
j_hist_004224,20.83,25,27.7,16,0,1,0,75.07,MODERATE_DELAY,MEDIUM
j_hist_004225,25.83,31,18.6,6,0,0,1,132.84,HEAVY_DELAY,LOW
j_hist_004226,13.4,16,32.7,5,0,1,0,44.24,MODERATE_DELAY,LOW
j_hist_004227,22.79,20,33.2,11,0,0,1,71.91,HEAVY_DELAY,MEDIUM
j_hist_004228,16.85,15,22.0,5,0,2,1,90.71,HEAVY_DELAY,LOW
j_hist_004229,7.46,8,14.8,20,0,0,2,56.09,HEAVY_DELAY,LOW
j_hist_004230,24.86,23,19.6,8,0,0,1,117.38,HEAVY_DELAY,HIGH
j_hist_004231,19.92,26,25.2,12,0,0,2,100.21,HEAVY_DELAY,MEDIUM
j_hist_004232,13.19,14,18.7,21,0,0,1,65.89,MODERATE_DELAY,LOW
j_hist_004233,31.99,44,19.4,8,0,0,2,180.0,HEAVY_DELAY,HIGH
j_hist_004234,1.71,4,25.0,8,0,0,0,6.57,ON_TIME,HIGH
j_hist_004235,11.74,18,40.9,12,1,0,0,31.33,ON_TIME,MEDIUM
j_hist_004236,2.93,6,35.4,14,0,1,1,15.23,SLIGHT_DELAY,MEDIUM
j_hist_004237,27.06,28,23.0,20,1,0,1,113.09,HEAVY_DELAY,LOW
j_hist_004238,24.87,29,40.6,5,0,1,0,64.43,SLIGHT_DELAY,LOW
j_hist_004239,12.27,13,32.1,9,0,2,2,63.82,HEAVY_DELAY,HIGH
j_hist_004240,23.97,32,26.8,6,0,0,0,79.29,ON_TIME,LOW
j_hist_004241,14.46,21,27.1,20,1,0,1,60.76,MODERATE_DELAY,LOW
j_hist_004242,26.71,37,25.5,17,1,0,2,135.2,HEAVY_DELAY,HIGH
j_hist_004243,16.44,19,20.5,10,0,0,2,93.11,HEAVY_DELAY,HIGH
j_hist_004244,15.02,20,24.8,8,0,0,1,61.27,MODERATE_DELAY,HIGH
j_hist_004245,32.78,30,28.8,11,1,0,1,115.59,HEAVY_DELAY,MEDIUM
j_hist_004246,9.53,9,28.8,6,0,0,0,25.94,ON_TIME,LOW
j_hist_004247,5.1,8,35.3,14,0,1,0,17.06,SLIGHT_DELAY,MEDIUM
j_hist_004248,20.87,24,24.0,18,0,0,2,104.69,HEAVY_DELAY,HIGH
j_hist_004249,33.96,49,34.1,12,0,0,0,95.27,ON_TIME,MEDIUM
j_hist_004250,13.85,13,30.2,7,0,0,0,36.39,ON_TIME,LOW
j_hist_004251,3.11,6,40.9,7,1,1,1,12.31,SLIGHT_DELAY,LOW
j_hist_004252,12.54,15,24.8,6,1,0,0,40.62,ON_TIME,LOW
j_hist_004253,18.2,25,39.2,21,0,1,0,54.64,MODERATE_DELAY,LOW
j_hist_004254,6.51,10,37.0,14,1,0,0,19.16,ON_TIME,MEDIUM
j_hist_004255,23.38,33,31.9,16,0,0,0,68.41,ON_TIME,MEDIUM
j_hist_004256,34.92,36,32.3,15,1,1,2,158.58,HEAVY_DELAY,MEDIUM
j_hist_004257,16.36,24,16.4,13,0,0,0,80.19,SLIGHT_DELAY,MEDIUM
j_hist_004258,13.06,13,40.6,17,1,0,1,33.93,SLIGHT_DELAY,HIGH
j_hist_004259,14.62,14,17.0,10,0,0,0,64.44,SLIGHT_DELAY,HIGH
j_hist_004260,4.91,7,29.8,18,1,0,1,21.36,SLIGHT_DELAY,HIGH
j_hist_004261,31.03,42,23.2,15,1,0,0,112.79,ON_TIME,MEDIUM
j_hist_004262,15.1,18,26.0,9,0,0,1,61.04,MODERATE_DELAY,HIGH
j_hist_004263,14.17,20,31.1,6,0,0,1,53.59,MODERATE_DELAY,LOW
j_hist_004264,23.43,31,39.4,11,0,0,0,56.68,ON_TIME,MEDIUM
j_hist_004265,16.03,16,26.8,21,0,0,1,60.72,MODERATE_DELAY,LOW
j_hist_004266,23.04,33,41.7,10,1,0,0,59.59,ON_TIME,HIGH
j_hist_004267,3.09,4,30.6,18,0,0,0,7.19,ON_TIME,HIGH
j_hist_004268,28.67,40,18.5,8,0,0,0,121.49,ON_TIME,HIGH
j_hist_004269,32.98,34,19.3,7,0,0,0,130.11,SLIGHT_DELAY,LOW
j_hist_004270,23.06,27,34.1,15,0,1,1,87.16,HEAVY_DELAY,MEDIUM
j_hist_004271,33.46,37,15.4,5,1,0,0,159.37,ON_TIME,LOW
j_hist_004272,6.15,7,27.4,18,0,0,0,17.22,ON_TIME,HIGH
j_hist_004273,17.23,19,18.2,10,0,0,0,72.22,ON_TIME,HIGH
j_hist_004274,21.46,21,26.1,21,0,0,2,98.52,HEAVY_DELAY,LOW
j_hist_004275,20.78,21,35.0,21,1,0,0,48.27,ON_TIME,LOW
j_hist_004276,14.65,15,26.8,15,0,0,1,56.14,MODERATE_DELAY,MEDIUM
j_hist_004277,12.49,15,18.6,11,1,2,1,83.05,HEAVY_DELAY,MEDIUM
j_hist_004278,5.31,8,21.1,17,1,0,1,26.93,SLIGHT_DELAY,HIGH
j_hist_004279,14.32,18,24.3,12,0,1,2,83.93,HEAVY_DELAY,MEDIUM
j_hist_004280,6.53,10,15.9,12,1,0,0,33.54,ON_TIME,MEDIUM
j_hist_004281,25.97,32,30.4,13,0,1,0,88.3,MODERATE_DELAY,MEDIUM
j_hist_004282,8.1,11,31.0,11,1,0,0,26.06,SLIGHT_DELAY,MEDIUM
j_hist_004283,2.99,5,15.7,13,0,0,0,17.07,ON_TIME,MEDIUM
j_hist_004284,19.78,23,25.3,15,0,0,0,65.82,ON_TIME,MEDIUM
j_hist_004285,21.24,27,25.6,6,0,0,1,87.35,HEAVY_DELAY,LOW
j_hist_004286,30.65,27,23.3,22,0,1,0,113.61,MODERATE_DELAY,LOW
j_hist_004287,20.62,29,29.6,7,0,0,0,62.8,ON_TIME,LOW
j_hist_004288,12.75,18,23.7,22,1,0,0,44.67,ON_TIME,LOW
j_hist_004289,28.3,28,25.7,20,1,0,0,84.84,ON_TIME,LOW
j_hist_004290,19.37,26,36.3,12,1,1,0,60.12,MODERATE_DELAY,MEDIUM
j_hist_004291,3.7,4,18.5,12,0,0,0,14.92,ON_TIME,MEDIUM
j_hist_004292,20.24,20,31.3,10,0,0,2,80.9,HEAVY_DELAY,HIGH
j_hist_004293,31.87,28,28.2,6,1,1,2,154.43,HEAVY_DELAY,LOW
j_hist_004294,14.47,20,22.5,20,1,2,0,69.65,HEAVY_DELAY,LOW
j_hist_004295,11.08,15,34.4,13,0,0,1,37.68,MODERATE_DELAY,MEDIUM
j_hist_004296,5.88,9,29.4,19,1,1,1,26.64,MODERATE_DELAY,HIGH
j_hist_004297,6.15,6,27.4,6,0,2,1,28.33,MODERATE_DELAY,LOW
j_hist_004298,15.71,19,32.7,19,0,0,1,55.39,MODERATE_DELAY,HIGH
j_hist_004299,21.25,27,36.5,15,1,2,2,105.66,HEAVY_DELAY,MEDIUM
j_hist_004300,3.74,5,41.2,16,1,0,1,12.15,SLIGHT_DELAY,MEDIUM
j_hist_004301,32.95,41,31.6,19,0,1,1,134.23,HEAVY_DELAY,HIGH
j_hist_004302,26.67,24,38.5,20,0,2,0,75.42,HEAVY_DELAY,LOW
j_hist_004303,20.95,21,14.0,10,0,0,1,131.37,HEAVY_DELAY,HIGH
j_hist_004304,29.17,33,28.8,7,1,0,1,107.72,HEAVY_DELAY,LOW
j_hist_004305,3.73,6,20.0,10,0,2,1,25.18,MODERATE_DELAY,HIGH
j_hist_004306,17.21,17,16.6,7,1,0,1,92.38,HEAVY_DELAY,LOW
j_hist_004307,22.42,22,28.9,17,0,0,0,63.14,ON_TIME,HIGH
j_hist_004308,29.17,28,34.9,16,0,1,2,120.56,HEAVY_DELAY,MEDIUM
j_hist_004309,27.64,28,25.5,12,0,0,0,85.08,ON_TIME,MEDIUM
j_hist_004310,10.42,11,32.8,6,1,0,1,32.45,SLIGHT_DELAY,LOW
j_hist_004311,32.99,36,27.7,11,0,0,0,98.8,ON_TIME,MEDIUM
j_hist_004312,5.23,8,26.2,21,0,0,0,19.57,ON_TIME,LOW
j_hist_004313,30.75,34,22.1,11,0,0,1,136.77,HEAVY_DELAY,MEDIUM
j_hist_004314,34.01,45,24.7,5,0,0,0,118.89,SLIGHT_DELAY,LOW
j_hist_004315,7.02,10,23.8,8,0,0,0,26.79,ON_TIME,HIGH
j_hist_004316,25.55,24,32.1,19,0,0,1,80.89,HEAVY_DELAY,HIGH
j_hist_004317,2.37,3,17.2,8,0,1,0,11.77,ON_TIME,HIGH
j_hist_004318,14.78,21,16.6,16,0,0,0,69.81,ON_TIME,MEDIUM
j_hist_004319,18.55,17,32.5,20,0,0,0,45.93,ON_TIME,LOW
j_hist_004320,20.74,20,29.3,22,1,0,1,72.56,HEAVY_DELAY,LOW
j_hist_004321,32.82,28,26.0,18,0,0,0,97.23,ON_TIME,HIGH
j_hist_004322,23.86,30,18.3,18,1,0,0,101.29,ON_TIME,HIGH
j_hist_004323,17.36,21,25.5,15,0,1,1,81.22,HEAVY_DELAY,MEDIUM
j_hist_004324,28.53,41,36.1,20,1,0,0,76.66,ON_TIME,LOW
j_hist_004325,33.32,46,38.9,19,0,1,0,99.37,MODERATE_DELAY,HIGH
j_hist_004326,1.75,3,33.7,10,0,1,0,6.29,ON_TIME,HIGH
j_hist_004327,34.41,37,15.7,17,0,0,2,180.0,HEAVY_DELAY,HIGH
j_hist_004328,3.93,5,32.8,21,0,0,2,16.5,SLIGHT_DELAY,LOW
j_hist_004329,28.69,27,20.7,8,0,0,2,154.29,HEAVY_DELAY,HIGH
j_hist_004330,10.53,11,22.8,16,0,0,0,36.68,ON_TIME,MEDIUM
j_hist_004331,5.49,6,19.5,22,1,0,0,22.17,ON_TIME,LOW
j_hist_004332,15.96,15,35.7,12,0,0,0,37.26,ON_TIME,MEDIUM
j_hist_004333,22.89,23,32.2,16,0,0,1,74.88,MODERATE_DELAY,MEDIUM
j_hist_004334,13.95,15,31.1,8,1,0,2,56.49,HEAVY_DELAY,HIGH
j_hist_004335,2.86,5,32.7,12,0,0,1,13.4,SLIGHT_DELAY,MEDIUM
j_hist_004336,21.38,26,20.6,6,0,0,1,101.61,HEAVY_DELAY,LOW
j_hist_004337,31.68,46,26.5,8,1,1,0,122.76,HEAVY_DELAY,HIGH
j_hist_004338,14.03,16,31.7,16,1,0,1,50.87,MODERATE_DELAY,MEDIUM
j_hist_004339,8.36,10,31.8,14,0,0,1,25.29,SLIGHT_DELAY,MEDIUM
j_hist_004340,16.05,17,36.2,19,0,0,1,50.18,MODERATE_DELAY,HIGH
j_hist_004341,2.64,4,22.0,13,0,1,1,15.43,SLIGHT_DELAY,MEDIUM
j_hist_004342,28.9,27,35.6,13,0,0,0,68.07,ON_TIME,MEDIUM
j_hist_004343,29.1,41,26.3,11,1,0,0,95.0,ON_TIME,MEDIUM
j_hist_004344,20.99,31,32.8,6,1,0,0,61.02,ON_TIME,LOW
j_hist_004345,13.01,12,26.8,11,0,0,1,47.29,MODERATE_DELAY,MEDIUM
j_hist_004346,28.19,27,40.6,13,0,0,0,62.45,ON_TIME,MEDIUM
j_hist_004347,19.86,22,19.0,22,0,0,0,77.09,ON_TIME,LOW
j_hist_004348,29.08,28,32.9,16,1,0,0,72.58,ON_TIME,MEDIUM
j_hist_004349,22.47,24,30.1,11,1,1,1,89.46,HEAVY_DELAY,MEDIUM
j_hist_004350,27.67,26,18.8,20,0,0,0,110.67,SLIGHT_DELAY,LOW
j_hist_004351,21.35,24,15.8,12,0,0,1,122.98,HEAVY_DELAY,MEDIUM
j_hist_004352,15.08,16,36.4,10,0,1,0,41.2,SLIGHT_DELAY,HIGH
j_hist_004353,33.57,35,18.4,6,0,0,0,136.86,ON_TIME,LOW
j_hist_004354,19.4,18,19.2,6,0,0,2,108.63,HEAVY_DELAY,LOW
j_hist_004355,21.57,24,41.4,12,0,0,1,60.28,MODERATE_DELAY,MEDIUM
j_hist_004356,8.5,13,34.1,14,0,2,0,29.14,SLIGHT_DELAY,MEDIUM
j_hist_004357,22.27,24,21.0,15,1,0,2,122.25,HEAVY_DELAY,MEDIUM
j_hist_004358,20.43,29,30.5,7,1,0,2,91.96,HEAVY_DELAY,LOW
j_hist_004359,7.28,11,29.0,20,1,0,1,31.17,MODERATE_DELAY,LOW
j_hist_004360,3.03,6,37.6,7,0,0,1,11.95,SLIGHT_DELAY,LOW
j_hist_004361,21.55,29,34.4,12,1,0,0,59.22,ON_TIME,MEDIUM
j_hist_004362,26.97,34,37.3,16,0,1,1,97.53,HEAVY_DELAY,MEDIUM
j_hist_004363,18.8,26,19.9,22,0,0,0,75.71,ON_TIME,LOW
j_hist_004364,8.71,9,31.9,17,0,0,2,36.06,MODERATE_DELAY,HIGH
j_hist_004365,23.66,27,15.1,15,0,0,1,141.2,HEAVY_DELAY,MEDIUM
j_hist_004366,3.72,7,15.9,17,0,1,0,23.47,SLIGHT_DELAY,HIGH
j_hist_004367,16.02,22,34.0,7,0,1,0,49.8,SLIGHT_DELAY,LOW
j_hist_004368,6.55,11,14.7,10,0,0,0,34.7,ON_TIME,HIGH
j_hist_004369,7.27,11,30.2,7,1,0,0,23.77,ON_TIME,LOW
j_hist_004370,7.88,12,37.5,5,1,1,2,38.17,HEAVY_DELAY,LOW
j_hist_004371,14.15,19,24.6,18,0,2,0,62.01,MODERATE_DELAY,HIGH
j_hist_004372,2.74,5,15.3,11,0,0,0,13.64,ON_TIME,MEDIUM
j_hist_004373,14.52,18,34.0,13,0,0,1,48.81,MODERATE_DELAY,MEDIUM
j_hist_004374,18.4,26,40.0,5,1,2,1,79.12,HEAVY_DELAY,LOW
j_hist_004375,17.43,24,34.1,14,0,0,1,63.42,MODERATE_DELAY,MEDIUM
j_hist_004376,14.01,20,30.2,17,0,1,0,50.99,MODERATE_DELAY,HIGH
j_hist_004377,29.53,37,20.4,16,0,0,0,115.75,ON_TIME,MEDIUM
j_hist_004378,5.94,7,14.4,8,0,0,0,27.92,ON_TIME,HIGH
j_hist_004379,18.19,16,33.5,11,1,0,0,46.46,ON_TIME,MEDIUM
j_hist_004380,3.11,6,20.5,14,0,0,0,12.0,ON_TIME,MEDIUM
j_hist_004381,3.42,5,38.0,11,1,1,1,11.68,SLIGHT_DELAY,MEDIUM
j_hist_004382,20.51,22,27.1,19,0,0,0,62.49,ON_TIME,HIGH
j_hist_004383,20.24,20,28.9,11,0,0,0,57.11,ON_TIME,MEDIUM
j_hist_004384,30.85,42,35.1,18,1,1,0,96.83,MODERATE_DELAY,HIGH
j_hist_004385,19.97,27,35.8,18,1,1,0,59.86,SLIGHT_DELAY,HIGH
j_hist_004386,33.63,45,32.0,22,1,0,2,144.67,HEAVY_DELAY,LOW
j_hist_004387,2.66,5,40.3,14,0,0,1,7.7,ON_TIME,MEDIUM
j_hist_004388,4.33,6,41.5,7,1,0,0,12.47,ON_TIME,LOW
j_hist_004389,2.5,4,40.5,10,0,0,1,5.46,ON_TIME,HIGH
j_hist_004390,7.3,7,37.1,13,1,0,1,22.21,SLIGHT_DELAY,MEDIUM
j_hist_004391,19.4,27,33.8,18,0,0,0,54.15,ON_TIME,HIGH
j_hist_004392,22.95,21,32.6,12,0,0,1,70.49,MODERATE_DELAY,MEDIUM
j_hist_004393,2.55,5,16.9,5,0,0,2,20.04,MODERATE_DELAY,LOW
j_hist_004394,33.16,38,21.6,7,0,0,0,121.71,ON_TIME,LOW
j_hist_004395,29.63,35,14.2,10,0,0,2,180.0,HEAVY_DELAY,HIGH
j_hist_004396,11.08,17,17.8,5,0,0,0,52.13,SLIGHT_DELAY,LOW
j_hist_004397,3.62,4,26.3,22,1,0,2,15.85,SLIGHT_DELAY,LOW
j_hist_004398,6.78,10,18.1,14,1,0,1,39.37,MODERATE_DELAY,MEDIUM
j_hist_004399,5.32,6,39.2,21,0,0,1,17.55,SLIGHT_DELAY,LOW
j_hist_004400,5.19,6,36.6,5,0,0,0,10.43,ON_TIME,LOW
j_hist_004401,18.63,21,16.0,12,0,0,1,110.51,HEAVY_DELAY,MEDIUM
j_hist_004402,9.36,9,21.0,16,1,1,0,38.87,SLIGHT_DELAY,MEDIUM
j_hist_004403,13.18,18,36.9,18,0,0,1,44.38,MODERATE_DELAY,HIGH
j_hist_004404,34.64,40,36.5,21,0,0,0,85.01,ON_TIME,LOW
j_hist_004405,24.27,21,40.5,20,1,1,0,62.23,MODERATE_DELAY,LOW
j_hist_004406,33.27,29,41.9,9,0,0,0,69.24,ON_TIME,HIGH
j_hist_004407,5.85,8,41.3,8,0,0,1,17.23,SLIGHT_DELAY,HIGH
j_hist_004408,13.99,19,25.5,9,1,0,1,59.29,MODERATE_DELAY,HIGH
j_hist_004409,19.86,23,21.0,9,1,0,0,73.59,ON_TIME,HIGH
j_hist_004410,3.61,6,35.2,5,0,0,0,11.45,ON_TIME,LOW
j_hist_004411,1.14,3,22.4,22,0,0,2,6.38,ON_TIME,LOW
j_hist_004412,23.79,29,36.6,19,0,0,0,62.62,ON_TIME,HIGH
j_hist_004413,22.82,23,29.0,18,1,0,0,66.65,SLIGHT_DELAY,HIGH
j_hist_004414,14.97,19,36.2,10,0,0,0,39.58,ON_TIME,HIGH
j_hist_004415,17.65,22,21.7,22,0,0,0,66.16,ON_TIME,LOW
j_hist_004416,15.13,20,28.2,12,0,0,0,45.34,ON_TIME,MEDIUM
j_hist_004417,1.82,4,29.8,9,0,1,0,5.97,ON_TIME,HIGH
j_hist_004418,12.4,19,40.4,12,1,1,1,46.88,MODERATE_DELAY,MEDIUM
j_hist_004419,7.02,8,21.5,10,1,0,1,30.59,SLIGHT_DELAY,HIGH
j_hist_004420,4.35,7,40.2,14,1,2,1,14.63,SLIGHT_DELAY,MEDIUM
j_hist_004421,33.53,39,36.5,7,0,0,0,85.03,ON_TIME,LOW
j_hist_004422,21.38,27,34.5,17,1,0,1,74.27,HEAVY_DELAY,HIGH
j_hist_004423,25.77,24,36.0,11,0,0,0,61.71,ON_TIME,MEDIUM
j_hist_004424,11.72,14,31.0,8,0,0,1,41.5,MODERATE_DELAY,HIGH
j_hist_004425,14.37,20,20.8,17,0,0,0,58.11,ON_TIME,HIGH
j_hist_004426,9.06,13,19.3,10,1,0,2,57.4,HEAVY_DELAY,HIGH
j_hist_004427,4.3,5,38.3,20,0,1,1,13.87,SLIGHT_DELAY,LOW
j_hist_004428,7.09,9,34.3,5,0,0,0,17.67,ON_TIME,LOW
j_hist_004429,28.12,25,20.0,17,0,0,1,127.45,HEAVY_DELAY,HIGH
j_hist_004430,24.04,35,31.2,6,0,0,0,71.84,ON_TIME,LOW
j_hist_004431,19.6,28,26.5,10,1,0,1,82.79,HEAVY_DELAY,HIGH
j_hist_004432,17.15,15,18.4,15,0,0,2,101.17,HEAVY_DELAY,MEDIUM
j_hist_004433,32.36,44,28.9,21,0,0,1,127.39,HEAVY_DELAY,LOW
j_hist_004434,3.47,6,21.9,13,1,2,2,27.08,MODERATE_DELAY,MEDIUM
j_hist_004435,10.54,12,16.7,9,0,0,0,45.76,ON_TIME,HIGH
j_hist_004436,12.9,17,27.1,9,0,0,1,53.23,MODERATE_DELAY,HIGH
j_hist_004437,27.6,31,30.5,20,0,0,1,96.12,HEAVY_DELAY,LOW
j_hist_004438,34.75,43,15.3,8,0,0,0,168.94,ON_TIME,HIGH
j_hist_004439,9.18,11,25.3,17,0,0,0,30.94,ON_TIME,HIGH
j_hist_004440,30.73,32,21.2,21,0,0,2,169.55,HEAVY_DELAY,LOW
j_hist_004441,29.24,32,14.9,13,0,0,1,176.9,HEAVY_DELAY,MEDIUM
j_hist_004442,8.64,9,17.5,17,1,2,1,60.8,HEAVY_DELAY,HIGH
j_hist_004443,14.58,20,17.9,20,1,2,1,103.56,HEAVY_DELAY,LOW
j_hist_004444,14.93,17,19.1,14,1,0,1,76.35,HEAVY_DELAY,MEDIUM
j_hist_004445,34.26,37,36.5,14,0,1,0,96.16,MODERATE_DELAY,MEDIUM
j_hist_004446,7.15,11,26.3,20,0,0,1,31.65,MODERATE_DELAY,LOW
j_hist_004447,28.17,32,18.1,5,0,0,0,121.13,SLIGHT_DELAY,LOW
j_hist_004448,12.36,15,16.8,15,0,0,0,53.44,ON_TIME,MEDIUM
j_hist_004449,25.85,37,22.3,17,0,0,2,147.21,HEAVY_DELAY,HIGH
j_hist_004450,15.28,22,36.3,22,0,1,2,73.84,HEAVY_DELAY,LOW
j_hist_004451,20.66,20,24.2,9,0,0,1,82.12,HEAVY_DELAY,HIGH
j_hist_004452,29.31,33,18.5,8,1,1,0,140.25,HEAVY_DELAY,HIGH
j_hist_004453,28.34,41,25.3,10,0,1,0,110.84,MODERATE_DELAY,HIGH
j_hist_004454,30.46,33,29.5,19,1,0,0,87.86,ON_TIME,HIGH
j_hist_004455,3.03,5,14.8,6,0,0,1,20.56,SLIGHT_DELAY,LOW
j_hist_004456,24.53,24,31.6,8,1,0,2,98.27,HEAVY_DELAY,HIGH
j_hist_004457,5.76,7,25.1,18,0,0,1,23.61,SLIGHT_DELAY,HIGH
j_hist_004458,15.14,20,14.3,8,0,0,1,99.78,HEAVY_DELAY,HIGH
j_hist_004459,19.65,26,32.9,22,0,0,2,84.67,HEAVY_DELAY,LOW
j_hist_004460,14.69,22,33.9,20,1,1,2,70.47,HEAVY_DELAY,LOW
j_hist_004461,18.67,25,31.6,13,0,1,0,61.69,MODERATE_DELAY,MEDIUM
j_hist_004462,34.88,34,23.6,12,0,0,1,142.96,HEAVY_DELAY,MEDIUM
j_hist_004463,5.6,6,28.8,15,0,0,0,15.78,ON_TIME,MEDIUM
j_hist_004464,23.97,35,24.8,18,0,0,0,84.94,ON_TIME,HIGH
j_hist_004465,14.46,16,33.6,21,0,1,0,40.66,SLIGHT_DELAY,LOW
j_hist_004466,5.52,7,30.3,17,0,0,1,19.78,SLIGHT_DELAY,HIGH
j_hist_004467,6.4,10,16.3,12,1,1,1,45.0,MODERATE_DELAY,MEDIUM
j_hist_004468,33.28,40,32.0,18,0,2,2,180.0,HEAVY_DELAY,HIGH
j_hist_004469,30.91,30,33.2,15,1,0,1,96.23,HEAVY_DELAY,MEDIUM
j_hist_004470,31.84,44,24.4,13,0,2,0,147.83,HEAVY_DELAY,MEDIUM
j_hist_004471,34.71,50,38.5,12,0,0,0,90.21,ON_TIME,MEDIUM
j_hist_004472,8.08,8,37.6,18,0,0,0,19.2,ON_TIME,HIGH
j_hist_004473,13.08,19,18.9,19,1,0,1,68.99,MODERATE_DELAY,HIGH
j_hist_004474,23.75,26,39.3,5,0,0,2,85.0,HEAVY_DELAY,LOW
j_hist_004475,17.45,21,26.3,16,1,0,0,57.65,SLIGHT_DELAY,MEDIUM
j_hist_004476,15.23,22,34.3,9,0,1,1,62.58,HEAVY_DELAY,HIGH
j_hist_004477,13.17,20,36.8,18,0,0,0,37.28,ON_TIME,HIGH
j_hist_004478,21.19,22,28.1,20,0,0,0,60.93,ON_TIME,LOW
j_hist_004479,20.57,21,25.2,20,1,2,2,125.31,HEAVY_DELAY,LOW
j_hist_004480,6.49,7,39.6,11,0,1,0,13.86,ON_TIME,MEDIUM
j_hist_004481,17.04,21,20.5,7,0,0,1,80.93,HEAVY_DELAY,LOW
j_hist_004482,19.82,18,21.2,12,0,0,1,85.7,HEAVY_DELAY,MEDIUM
j_hist_004483,20.39,23,24.1,18,0,0,1,85.53,HEAVY_DELAY,HIGH
j_hist_004484,8.14,8,38.1,7,1,0,2,26.36,MODERATE_DELAY,LOW
j_hist_004485,26.24,29,40.3,15,0,0,1,74.96,MODERATE_DELAY,MEDIUM
j_hist_004486,1.86,3,20.2,18,0,0,1,11.28,SLIGHT_DELAY,HIGH
j_hist_004487,13.06,18,38.2,6,0,0,1,41.01,SLIGHT_DELAY,LOW
j_hist_004488,27.53,27,21.2,8,0,2,0,125.79,HEAVY_DELAY,HIGH
j_hist_004489,20.17,22,41.2,9,0,1,0,55.44,MODERATE_DELAY,HIGH
j_hist_004490,9.88,15,30.7,14,0,2,1,52.5,HEAVY_DELAY,MEDIUM
j_hist_004491,24.63,32,14.2,6,0,2,0,166.29,HEAVY_DELAY,LOW
j_hist_004492,20.29,20,15.0,7,0,0,1,121.75,HEAVY_DELAY,LOW
j_hist_004493,28.07,25,18.1,19,0,0,0,112.59,ON_TIME,HIGH
j_hist_004494,25.99,33,19.3,6,0,0,0,106.73,ON_TIME,LOW
j_hist_004495,21.74,24,35.5,7,0,0,1,67.8,MODERATE_DELAY,LOW
j_hist_004496,17.6,24,20.2,16,0,0,1,88.1,HEAVY_DELAY,MEDIUM
j_hist_004497,5.53,7,41.1,18,1,0,1,17.0,SLIGHT_DELAY,HIGH
j_hist_004498,9.89,11,31.8,21,0,0,0,27.62,ON_TIME,LOW
j_hist_004499,15.25,18,33.4,20,1,1,0,47.24,SLIGHT_DELAY,LOW
j_hist_004500,21.38,28,20.1,21,0,0,1,106.48,HEAVY_DELAY,LOW
j_hist_004501,18.47,26,39.0,13,0,0,0,47.15,ON_TIME,MEDIUM
j_hist_004502,10.8,10,32.7,7,0,1,0,30.45,SLIGHT_DELAY,LOW
j_hist_004503,1.22,3,38.2,18,0,0,0,5.53,ON_TIME,HIGH
j_hist_004504,17.87,16,40.8,7,0,1,0,43.91,SLIGHT_DELAY,LOW
j_hist_004505,10.71,13,17.5,10,1,2,0,59.47,MODERATE_DELAY,HIGH
j_hist_004506,25.98,36,16.7,17,0,0,0,123.86,SLIGHT_DELAY,HIGH
j_hist_004507,1.81,3,36.5,9,0,0,0,8.52,SLIGHT_DELAY,HIGH
j_hist_004508,20.88,30,38.3,5,0,1,0,61.74,SLIGHT_DELAY,LOW
j_hist_004509,33.01,40,30.3,16,1,1,1,136.58,HEAVY_DELAY,MEDIUM
j_hist_004510,6.93,11,24.2,19,0,1,0,31.4,SLIGHT_DELAY,HIGH
j_hist_004511,17.04,23,32.3,6,0,0,2,72.11,HEAVY_DELAY,LOW
j_hist_004512,4.11,5,22.6,7,0,1,2,24.1,MODERATE_DELAY,LOW
j_hist_004513,22.27,22,20.7,11,1,0,2,121.95,HEAVY_DELAY,MEDIUM
j_hist_004514,19.72,22,27.7,15,0,1,0,69.15,MODERATE_DELAY,MEDIUM
j_hist_004515,14.85,15,20.1,14,0,0,0,54.19,ON_TIME,MEDIUM
j_hist_004516,18.73,22,27.5,12,1,1,2,100.12,HEAVY_DELAY,MEDIUM
j_hist_004517,31.48,36,40.8,6,0,0,0,75.66,SLIGHT_DELAY,LOW
j_hist_004518,7.67,12,37.5,18,1,0,1,25.35,SLIGHT_DELAY,HIGH
j_hist_004519,1.77,3,40.4,17,0,0,1,5.33,ON_TIME,HIGH
j_hist_004520,30.3,40,36.6,11,0,0,1,100.62,HEAVY_DELAY,MEDIUM
j_hist_004521,20.62,30,23.9,13,0,0,1,91.87,HEAVY_DELAY,MEDIUM
j_hist_004522,31.28,43,36.7,11,1,0,0,80.05,ON_TIME,MEDIUM
j_hist_004523,21.3,21,39.8,5,0,0,0,47.57,ON_TIME,LOW
j_hist_004524,28.55,33,40.5,5,0,0,1,83.33,HEAVY_DELAY,LOW
j_hist_004525,15.61,17,33.1,10,1,0,1,49.76,MODERATE_DELAY,HIGH
j_hist_004526,26.5,29,19.9,5,0,1,2,176.62,HEAVY_DELAY,LOW
j_hist_004527,32.04,34,15.1,20,1,0,1,180.0,HEAVY_DELAY,LOW
j_hist_004528,20.45,28,18.1,7,0,0,2,134.72,HEAVY_DELAY,LOW
j_hist_004529,7.15,9,41.0,17,0,0,2,22.69,SLIGHT_DELAY,HIGH
j_hist_004530,10.14,13,26.9,8,0,1,1,42.93,MODERATE_DELAY,HIGH
j_hist_004531,7.75,12,37.9,21,0,0,1,27.73,SLIGHT_DELAY,LOW
j_hist_004532,9.39,9,27.0,14,1,0,1,32.21,SLIGHT_DELAY,MEDIUM
j_hist_004533,11.42,14,32.5,8,0,2,0,39.22,MODERATE_DELAY,HIGH
j_hist_004534,19.87,27,14.7,16,1,0,0,99.89,ON_TIME,MEDIUM
j_hist_004535,20.99,20,21.0,17,0,0,1,96.47,HEAVY_DELAY,HIGH
j_hist_004536,15.5,20,26.2,8,0,0,2,76.75,HEAVY_DELAY,HIGH
j_hist_004537,21.92,22,31.7,20,0,2,2,110.44,HEAVY_DELAY,LOW
j_hist_004538,3.77,6,18.8,11,0,0,0,15.99,ON_TIME,MEDIUM
j_hist_004539,3.98,5,35.4,5,0,0,0,10.35,ON_TIME,LOW
j_hist_004540,6.84,8,24.2,20,0,2,0,27.88,SLIGHT_DELAY,LOW
j_hist_004541,18.61,23,36.9,6,1,0,0,46.99,ON_TIME,LOW
j_hist_004542,8.28,9,16.7,5,0,2,0,45.92,MODERATE_DELAY,LOW
j_hist_004543,10.63,12,33.0,18,0,1,0,34.83,SLIGHT_DELAY,HIGH
j_hist_004544,14.61,17,22.2,9,0,0,1,65.02,MODERATE_DELAY,HIGH
j_hist_004545,28.6,30,36.3,19,0,0,0,67.38,ON_TIME,HIGH
j_hist_004546,1.47,3,25.3,14,1,0,2,8.85,SLIGHT_DELAY,MEDIUM
j_hist_004547,23.08,28,32.6,6,0,0,0,64.08,ON_TIME,LOW
j_hist_004548,23.74,29,40.2,15,0,0,0,56.1,ON_TIME,MEDIUM
j_hist_004549,28.15,35,14.6,20,0,1,1,180.0,HEAVY_DELAY,LOW
j_hist_004550,32.71,34,14.3,8,0,0,2,180.0,HEAVY_DELAY,HIGH
j_hist_004551,1.68,3,35.6,14,0,0,2,6.79,ON_TIME,MEDIUM
j_hist_004552,6.23,9,32.1,16,0,2,0,23.47,SLIGHT_DELAY,MEDIUM
j_hist_004553,31.13,42,22.2,6,0,0,2,173.27,HEAVY_DELAY,LOW
j_hist_004554,16.59,17,27.8,6,0,0,1,56.06,MODERATE_DELAY,LOW
j_hist_004555,20.2,23,15.2,13,1,0,0,96.85,ON_TIME,MEDIUM
j_hist_004556,23.54,27,19.4,16,0,0,1,117.78,HEAVY_DELAY,MEDIUM
j_hist_004557,24.09,28,25.9,6,0,1,0,87.82,MODERATE_DELAY,LOW
j_hist_004558,32.68,41,37.4,22,0,0,0,84.73,ON_TIME,LOW
j_hist_004559,34.9,30,27.4,20,0,1,0,111.68,MODERATE_DELAY,LOW
j_hist_004560,25.49,33,30.4,19,0,0,0,72.59,ON_TIME,HIGH
j_hist_004561,10.77,11,38.5,20,1,1,0,26.59,ON_TIME,LOW
j_hist_004562,30.91,35,22.6,10,0,0,1,135.46,HEAVY_DELAY,HIGH
j_hist_004563,2.67,5,33.6,19,0,0,0,9.13,ON_TIME,HIGH
j_hist_004564,8.86,11,38.1,16,0,0,0,20.25,ON_TIME,MEDIUM
j_hist_004565,31.51,30,19.7,16,0,0,0,118.83,ON_TIME,MEDIUM
j_hist_004566,9.71,15,24.0,14,1,2,0,45.77,MODERATE_DELAY,MEDIUM
j_hist_004567,8.5,13,41.4,19,0,2,0,28.16,SLIGHT_DELAY,HIGH
j_hist_004568,5.7,9,41.5,8,0,2,0,18.66,SLIGHT_DELAY,HIGH
j_hist_004569,30.21,33,20.3,14,1,0,1,143.06,HEAVY_DELAY,MEDIUM
j_hist_004570,18.0,18,15.9,18,1,1,0,90.5,MODERATE_DELAY,HIGH
j_hist_004571,23.95,34,21.6,14,1,1,2,155.83,HEAVY_DELAY,MEDIUM
j_hist_004572,9.13,12,25.1,21,0,1,0,35.08,SLIGHT_DELAY,LOW
j_hist_004573,26.77,37,26.3,15,0,0,0,89.76,ON_TIME,MEDIUM
j_hist_004574,26.84,28,31.3,22,0,1,1,104.45,HEAVY_DELAY,LOW
j_hist_004575,11.63,13,39.2,6,0,0,1,35.7,MODERATE_DELAY,LOW
j_hist_004576,14.96,22,23.2,15,0,1,0,64.24,MODERATE_DELAY,MEDIUM
j_hist_004577,8.13,11,37.8,12,1,1,2,32.94,MODERATE_DELAY,MEDIUM
j_hist_004578,34.2,32,16.6,20,0,1,0,168.16,HEAVY_DELAY,LOW
j_hist_004579,22.95,23,15.2,8,0,1,1,158.25,HEAVY_DELAY,HIGH
j_hist_004580,32.77,37,28.1,18,0,0,0,96.98,ON_TIME,HIGH
j_hist_004581,11.32,11,15.7,21,0,2,0,69.13,HEAVY_DELAY,LOW
j_hist_004582,27.58,31,25.0,15,0,0,1,108.3,HEAVY_DELAY,MEDIUM
j_hist_004583,27.04,30,39.1,7,1,0,0,62.21,ON_TIME,LOW
j_hist_004584,24.52,33,20.8,8,1,0,0,95.33,ON_TIME,HIGH
j_hist_004585,33.83,36,33.8,17,0,1,0,101.16,MODERATE_DELAY,HIGH
j_hist_004586,14.38,21,22.5,21,1,1,0,60.13,SLIGHT_DELAY,LOW
j_hist_004587,5.44,6,15.3,14,0,2,1,42.03,HEAVY_DELAY,MEDIUM
j_hist_004588,23.84,29,29.6,16,0,0,0,69.97,ON_TIME,MEDIUM
j_hist_004589,25.8,24,37.4,12,0,0,2,90.27,HEAVY_DELAY,MEDIUM
j_hist_004590,20.55,27,25.5,7,0,0,1,85.63,HEAVY_DELAY,LOW
j_hist_004591,8.03,13,31.3,14,1,0,1,29.83,SLIGHT_DELAY,MEDIUM
j_hist_004592,18.15,25,39.2,11,0,0,0,46.54,ON_TIME,MEDIUM
j_hist_004593,11.61,15,36.1,14,0,1,1,46.11,HEAVY_DELAY,MEDIUM
j_hist_004594,15.53,18,19.4,11,1,2,0,78.65,HEAVY_DELAY,MEDIUM
j_hist_004595,22.94,31,34.5,22,0,0,1,78.79,HEAVY_DELAY,LOW
j_hist_004596,26.34,37,28.1,18,0,1,1,119.43,HEAVY_DELAY,HIGH
j_hist_004597,8.9,14,34.9,16,0,0,1,34.29,MODERATE_DELAY,MEDIUM
j_hist_004598,14.78,17,27.8,12,0,0,2,65.88,HEAVY_DELAY,MEDIUM
j_hist_004599,10.15,16,17.6,11,0,0,0,48.17,ON_TIME,MEDIUM
j_hist_004600,7.75,8,30.0,9,1,1,0,25.5,SLIGHT_DELAY,HIGH
j_hist_004601,27.64,28,27.8,5,0,0,0,77.7,ON_TIME,LOW
j_hist_004602,31.91,29,28.5,19,0,0,2,134.28,HEAVY_DELAY,HIGH
j_hist_004603,13.59,15,38.6,13,0,2,0,41.08,MODERATE_DELAY,MEDIUM
j_hist_004604,26.54,35,39.1,16,0,0,1,83.68,HEAVY_DELAY,MEDIUM
j_hist_004605,31.5,43,26.7,22,1,1,1,146.61,HEAVY_DELAY,LOW
j_hist_004606,29.77,39,26.8,15,1,1,0,114.65,HEAVY_DELAY,MEDIUM
j_hist_004607,7.22,10,28.4,14,0,0,0,23.3,ON_TIME,MEDIUM
j_hist_004608,33.51,39,28.5,14,0,0,0,101.14,ON_TIME,MEDIUM
j_hist_004609,13.81,18,40.6,22,1,0,0,33.33,ON_TIME,LOW
j_hist_004610,12.53,14,32.2,5,0,2,2,65.83,HEAVY_DELAY,LOW
j_hist_004611,3.12,6,21.8,15,0,0,0,10.22,ON_TIME,MEDIUM
j_hist_004612,17.53,23,28.9,6,0,0,2,80.97,HEAVY_DELAY,LOW
j_hist_004613,4.71,7,31.6,15,0,1,0,14.34,ON_TIME,MEDIUM
j_hist_004614,9.45,12,31.9,6,0,0,2,39.22,MODERATE_DELAY,LOW
j_hist_004615,11.78,17,30.4,13,0,0,0,34.91,ON_TIME,MEDIUM
j_hist_004616,28.5,29,19.0,5,0,0,0,109.32,ON_TIME,LOW
j_hist_004617,30.77,33,14.9,10,0,0,0,147.59,ON_TIME,HIGH
j_hist_004618,11.28,16,23.5,6,0,0,0,42.07,ON_TIME,LOW
j_hist_004619,30.2,35,26.0,19,0,2,1,153.92,HEAVY_DELAY,HIGH
j_hist_004620,30.15,42,15.7,5,1,2,1,180.0,HEAVY_DELAY,LOW
j_hist_004621,27.0,29,36.8,22,1,0,0,65.72,ON_TIME,LOW
j_hist_004622,5.99,8,23.6,8,0,0,0,21.04,ON_TIME,HIGH
j_hist_004623,24.47,34,39.6,17,0,1,2,104.86,HEAVY_DELAY,HIGH
j_hist_004624,33.13,37,18.3,8,1,0,0,135.19,ON_TIME,HIGH
j_hist_004625,24.21,28,15.6,19,0,0,0,116.73,SLIGHT_DELAY,HIGH
j_hist_004626,12.27,14,27.5,6,1,0,0,36.17,ON_TIME,LOW
j_hist_004627,18.02,19,19.3,13,1,0,1,88.54,HEAVY_DELAY,MEDIUM
j_hist_004628,22.95,29,40.2,16,0,1,0,63.51,MODERATE_DELAY,MEDIUM
j_hist_004629,18.36,18,14.3,18,0,0,0,88.57,ON_TIME,HIGH
j_hist_004630,5.08,8,25.6,8,1,0,2,25.88,MODERATE_DELAY,HIGH
j_hist_004631,11.61,16,39.9,19,0,0,1,38.79,MODERATE_DELAY,HIGH
j_hist_004632,28.28,27,24.8,8,0,0,0,90.5,ON_TIME,HIGH
j_hist_004633,30.29,38,16.6,9,0,1,0,156.52,HEAVY_DELAY,HIGH
j_hist_004634,5.67,8,22.5,14,0,1,2,35.46,MODERATE_DELAY,MEDIUM
j_hist_004635,33.38,32,27.9,16,1,0,1,117.7,HEAVY_DELAY,MEDIUM
j_hist_004636,12.18,13,19.2,16,0,0,1,59.0,MODERATE_DELAY,MEDIUM
j_hist_004637,23.52,26,27.1,12,0,1,0,83.26,MODERATE_DELAY,MEDIUM
j_hist_004638,26.56,34,37.4,8,1,2,2,133.08,HEAVY_DELAY,HIGH
j_hist_004639,28.61,35,38.4,7,1,0,0,72.8,ON_TIME,LOW
j_hist_004640,33.16,39,15.4,5,1,1,0,180.0,HEAVY_DELAY,LOW
j_hist_004641,11.64,16,18.5,22,0,0,2,74.98,HEAVY_DELAY,LOW
j_hist_004642,30.19,39,21.7,18,1,1,1,163.35,HEAVY_DELAY,HIGH
j_hist_004643,5.48,8,30.7,21,0,0,2,28.14,MODERATE_DELAY,LOW
j_hist_004644,24.97,33,24.1,10,1,1,1,123.46,HEAVY_DELAY,HIGH
j_hist_004645,26.23,28,37.6,10,0,0,0,64.88,SLIGHT_DELAY,HIGH
j_hist_004646,24.04,33,34.1,14,1,0,0,66.24,ON_TIME,MEDIUM
j_hist_004647,9.58,13,16.8,14,0,0,0,44.88,ON_TIME,MEDIUM
j_hist_004648,30.68,41,31.5,7,0,0,2,132.63,HEAVY_DELAY,LOW
j_hist_004649,6.74,9,17.2,5,0,0,1,40.14,MODERATE_DELAY,LOW
j_hist_004650,2.82,4,21.1,22,1,0,1,14.42,SLIGHT_DELAY,LOW
j_hist_004651,25.39,30,19.0,19,1,1,1,147.58,HEAVY_DELAY,HIGH
j_hist_004652,17.17,19,18.8,8,0,1,0,79.2,MODERATE_DELAY,HIGH
j_hist_004653,29.87,38,31.3,22,0,1,0,102.87,HEAVY_DELAY,LOW
j_hist_004654,14.04,17,29.8,14,1,2,0,53.25,MODERATE_DELAY,MEDIUM
j_hist_004655,6.72,10,18.9,21,0,0,2,40.73,MODERATE_DELAY,LOW
j_hist_004656,29.44,37,41.7,14,0,1,0,79.83,MODERATE_DELAY,MEDIUM
j_hist_004657,19.66,25,25.8,8,1,2,1,106.27,HEAVY_DELAY,HIGH
j_hist_004658,7.43,8,16.7,9,0,0,1,43.64,MODERATE_DELAY,HIGH
j_hist_004659,25.49,37,17.4,11,0,0,0,116.83,ON_TIME,MEDIUM
j_hist_004660,18.38,25,30.3,12,0,0,2,80.28,HEAVY_DELAY,MEDIUM
j_hist_004661,21.55,29,41.4,5,1,2,2,102.21,HEAVY_DELAY,LOW
j_hist_004662,16.67,18,30.0,12,0,0,1,57.88,MODERATE_DELAY,MEDIUM
j_hist_004663,29.18,34,40.6,21,0,0,1,86.24,HEAVY_DELAY,LOW
j_hist_004664,29.21,27,26.4,13,0,0,1,108.21,HEAVY_DELAY,MEDIUM
j_hist_004665,25.12,30,26.2,20,0,0,0,81.44,ON_TIME,LOW
j_hist_004666,4.58,6,28.0,13,0,1,1,19.5,SLIGHT_DELAY,MEDIUM
j_hist_004667,29.52,35,33.5,20,0,1,2,136.3,HEAVY_DELAY,LOW
j_hist_004668,23.81,30,24.3,17,0,0,0,80.34,ON_TIME,HIGH
j_hist_004669,24.7,27,38.2,9,0,0,0,59.47,ON_TIME,HIGH
j_hist_004670,13.34,16,14.8,6,0,0,1,81.33,HEAVY_DELAY,LOW
j_hist_004671,30.9,42,26.3,8,0,0,0,102.53,ON_TIME,HIGH
j_hist_004672,25.66,24,28.3,16,1,0,2,109.61,HEAVY_DELAY,MEDIUM
j_hist_004673,4.83,8,31.0,22,0,1,1,22.87,MODERATE_DELAY,LOW
j_hist_004674,14.86,15,21.7,7,1,0,0,51.61,ON_TIME,LOW
j_hist_004675,31.14,27,26.0,8,1,0,2,140.31,HEAVY_DELAY,HIGH
j_hist_004676,2.6,4,27.6,8,0,0,0,8.97,ON_TIME,HIGH
j_hist_004677,33.69,44,33.2,20,0,0,0,95.36,ON_TIME,LOW
j_hist_004678,24.09,27,35.7,15,0,0,2,94.24,HEAVY_DELAY,MEDIUM
j_hist_004679,22.47,31,34.7,17,0,1,1,91.86,HEAVY_DELAY,HIGH
j_hist_004680,10.2,13,23.6,15,0,0,2,53.04,HEAVY_DELAY,MEDIUM
j_hist_004681,9.46,9,42.0,11,0,1,2,36.78,HEAVY_DELAY,MEDIUM
j_hist_004682,33.03,42,37.8,18,1,1,0,100.15,HEAVY_DELAY,HIGH
j_hist_004683,11.14,11,21.3,8,1,1,1,60.04,HEAVY_DELAY,HIGH
j_hist_004684,27.37,36,19.5,12,0,0,1,137.43,HEAVY_DELAY,MEDIUM
j_hist_004685,14.37,14,22.8,16,0,0,0,47.65,ON_TIME,MEDIUM
j_hist_004686,5.73,7,26.7,17,0,0,0,19.63,ON_TIME,HIGH
j_hist_004687,1.36,3,37.8,13,0,0,0,6.15,ON_TIME,MEDIUM
j_hist_004688,19.5,28,35.8,13,0,0,1,68.07,MODERATE_DELAY,MEDIUM
j_hist_004689,34.18,36,37.8,6,0,0,0,81.61,ON_TIME,LOW
j_hist_004690,13.55,19,21.6,7,1,0,0,54.24,SLIGHT_DELAY,LOW
j_hist_004691,13.14,14,30.6,16,0,1,2,62.15,HEAVY_DELAY,MEDIUM
j_hist_004692,12.7,18,21.9,21,0,0,2,73.08,HEAVY_DELAY,LOW
j_hist_004693,18.7,24,17.1,8,1,0,1,105.01,HEAVY_DELAY,HIGH
j_hist_004694,15.98,16,33.2,18,0,0,0,39.42,ON_TIME,HIGH
j_hist_004695,30.92,32,18.0,13,0,0,1,159.59,HEAVY_DELAY,MEDIUM
j_hist_004696,18.19,17,32.7,12,0,0,1,56.52,MODERATE_DELAY,MEDIUM
j_hist_004697,18.26,20,32.1,5,0,0,0,51.05,ON_TIME,LOW
j_hist_004698,5.7,7,36.7,17,1,0,0,13.28,ON_TIME,HIGH
j_hist_004699,34.41,42,17.9,7,0,2,0,180.0,HEAVY_DELAY,LOW
j_hist_004700,9.5,15,35.9,18,0,1,0,30.9,SLIGHT_DELAY,HIGH
j_hist_004701,3.49,4,42.0,10,0,1,2,15.71,MODERATE_DELAY,HIGH
j_hist_004702,23.55,28,37.8,8,1,1,1,83.45,HEAVY_DELAY,HIGH
j_hist_004703,21.24,26,35.1,5,0,1,2,96.34,HEAVY_DELAY,LOW
j_hist_004704,15.11,22,32.5,14,1,0,0,45.23,ON_TIME,MEDIUM
j_hist_004705,15.35,18,25.8,17,0,0,0,48.68,ON_TIME,HIGH
j_hist_004706,27.69,33,34.5,16,0,0,1,87.21,MODERATE_DELAY,MEDIUM
j_hist_004707,7.65,10,34.3,15,0,1,0,23.94,SLIGHT_DELAY,MEDIUM
j_hist_004708,28.89,29,31.7,8,1,1,0,87.62,MODERATE_DELAY,HIGH
j_hist_004709,23.06,21,36.3,21,0,0,0,53.24,ON_TIME,LOW
j_hist_004710,15.24,17,26.6,19,0,2,0,61.23,MODERATE_DELAY,HIGH
j_hist_004711,16.57,15,17.4,7,0,0,2,102.51,HEAVY_DELAY,LOW
j_hist_004712,9.73,12,29.7,14,0,0,1,35.06,SLIGHT_DELAY,MEDIUM
j_hist_004713,26.57,28,21.4,18,0,0,2,142.85,HEAVY_DELAY,HIGH
j_hist_004714,18.44,22,24.8,8,0,0,1,77.31,HEAVY_DELAY,HIGH
j_hist_004715,11.91,12,14.5,18,0,0,1,74.84,HEAVY_DELAY,HIGH
j_hist_004716,21.27,30,24.7,10,0,0,1,91.79,HEAVY_DELAY,HIGH
j_hist_004717,34.85,48,36.6,16,1,0,1,118.02,HEAVY_DELAY,MEDIUM
j_hist_004718,15.8,16,29.2,6,1,0,2,67.38,HEAVY_DELAY,LOW
j_hist_004719,32.3,34,14.3,21,0,1,0,180.0,HEAVY_DELAY,LOW
j_hist_004720,12.73,16,27.2,5,0,0,0,40.9,ON_TIME,LOW
j_hist_004721,2.86,4,22.2,21,0,0,1,13.91,SLIGHT_DELAY,LOW
j_hist_004722,7.94,10,27.4,9,0,1,0,29.57,SLIGHT_DELAY,HIGH
j_hist_004723,15.24,16,25.3,20,1,0,1,59.18,MODERATE_DELAY,LOW
j_hist_004724,8.47,13,40.1,18,0,0,1,26.06,SLIGHT_DELAY,HIGH
j_hist_004725,1.01,3,15.2,14,1,0,0,5.0,ON_TIME,MEDIUM
j_hist_004726,32.11,38,33.1,7,0,0,0,87.05,ON_TIME,LOW
j_hist_004727,29.69,35,37.8,7,0,1,2,127.85,HEAVY_DELAY,LOW
j_hist_004728,26.24,37,40.9,22,0,0,0,67.13,ON_TIME,LOW
j_hist_004729,6.71,11,19.0,22,0,0,1,37.78,MODERATE_DELAY,LOW
j_hist_004730,5.09,9,28.9,8,1,0,0,19.66,SLIGHT_DELAY,HIGH
j_hist_004731,3.3,4,15.2,11,1,1,2,28.3,MODERATE_DELAY,MEDIUM
j_hist_004732,25.62,24,28.0,5,0,0,0,72.67,ON_TIME,LOW
j_hist_004733,32.58,41,17.5,20,0,1,0,166.51,HEAVY_DELAY,LOW
j_hist_004734,15.64,19,37.5,21,0,0,0,38.6,ON_TIME,LOW
j_hist_004735,5.05,6,17.2,12,0,0,0,21.09,ON_TIME,MEDIUM
j_hist_004736,18.42,17,28.4,10,0,1,1,76.21,HEAVY_DELAY,HIGH
j_hist_004737,12.86,19,28.6,6,0,0,0,38.55,ON_TIME,LOW
j_hist_004738,13.74,20,41.2,14,0,0,1,42.33,MODERATE_DELAY,MEDIUM
j_hist_004739,22.13,24,32.3,21,1,0,0,58.07,ON_TIME,LOW
j_hist_004740,25.44,35,22.1,8,0,1,0,108.06,MODERATE_DELAY,HIGH
j_hist_004741,4.76,7,20.7,17,0,0,0,19.2,ON_TIME,HIGH
j_hist_004742,2.21,4,17.6,20,0,0,0,13.46,SLIGHT_DELAY,LOW
j_hist_004743,34.81,38,35.2,17,1,0,1,109.4,HEAVY_DELAY,HIGH
j_hist_004744,8.91,9,33.3,9,1,1,0,23.86,ON_TIME,HIGH
j_hist_004745,2.83,5,31.1,16,1,0,0,7.02,ON_TIME,MEDIUM
j_hist_004746,7.46,10,15.1,11,0,0,0,37.76,ON_TIME,MEDIUM
j_hist_004747,2.32,4,35.4,13,1,0,1,8.64,ON_TIME,MEDIUM
j_hist_004748,14.32,14,32.0,9,0,1,2,65.82,HEAVY_DELAY,HIGH
j_hist_004749,28.28,41,41.0,8,0,2,1,117.7,HEAVY_DELAY,HIGH
j_hist_004750,12.6,13,30.4,14,1,0,0,33.58,ON_TIME,MEDIUM
j_hist_004751,16.1,16,22.5,20,1,0,0,53.36,ON_TIME,LOW
j_hist_004752,23.97,28,24.7,15,0,1,0,89.83,MODERATE_DELAY,MEDIUM
j_hist_004753,18.3,22,18.9,13,0,1,0,85.79,MODERATE_DELAY,MEDIUM
j_hist_004754,30.29,34,34.2,9,0,2,0,99.7,HEAVY_DELAY,HIGH
j_hist_004755,30.45,40,33.8,15,1,0,0,81.91,ON_TIME,MEDIUM
j_hist_004756,1.34,3,19.6,13,1,0,0,6.12,ON_TIME,MEDIUM
j_hist_004757,27.45,34,18.4,21,0,0,0,114.19,ON_TIME,LOW
j_hist_004758,16.66,22,16.2,15,1,0,0,79.08,ON_TIME,MEDIUM
j_hist_004759,34.62,30,39.5,10,0,2,0,97.21,HEAVY_DELAY,HIGH
j_hist_004760,17.43,21,20.5,20,1,0,0,66.04,ON_TIME,LOW
j_hist_004761,34.55,47,23.6,18,1,1,2,180.0,HEAVY_DELAY,HIGH
j_hist_004762,26.66,23,21.9,7,0,0,2,135.79,HEAVY_DELAY,LOW
j_hist_004763,9.45,11,25.6,14,0,0,1,38.28,MODERATE_DELAY,MEDIUM
j_hist_004764,19.31,28,34.0,8,0,0,2,78.41,HEAVY_DELAY,HIGH
j_hist_004765,34.73,37,38.4,6,0,0,1,102.0,HEAVY_DELAY,LOW
j_hist_004766,30.16,34,19.1,17,1,1,0,137.88,HEAVY_DELAY,HIGH
j_hist_004767,4.31,7,33.2,15,0,0,0,13.73,ON_TIME,MEDIUM
j_hist_004768,25.02,25,23.9,16,0,1,0,96.06,MODERATE_DELAY,MEDIUM
j_hist_004769,12.75,12,41.5,5,1,0,0,25.97,ON_TIME,LOW
j_hist_004770,1.24,3,22.4,13,0,0,0,5.0,ON_TIME,MEDIUM
j_hist_004771,14.72,21,14.2,16,0,0,0,79.65,ON_TIME,MEDIUM
j_hist_004772,8.98,11,28.4,11,0,1,0,31.04,SLIGHT_DELAY,MEDIUM
j_hist_004773,28.84,33,18.2,21,1,1,1,172.52,HEAVY_DELAY,LOW
j_hist_004774,12.47,18,15.2,14,1,1,1,88.28,HEAVY_DELAY,MEDIUM
j_hist_004775,29.14,38,33.6,10,0,0,0,79.77,ON_TIME,HIGH
j_hist_004776,1.02,2,34.5,11,1,0,1,5.0,ON_TIME,MEDIUM
j_hist_004777,11.47,11,26.9,18,1,0,0,36.52,SLIGHT_DELAY,HIGH
j_hist_004778,9.2,12,33.0,15,1,1,0,30.81,SLIGHT_DELAY,MEDIUM
j_hist_004779,8.94,13,29.1,6,0,0,1,34.5,SLIGHT_DELAY,LOW
j_hist_004780,3.32,6,31.6,5,0,1,2,18.35,MODERATE_DELAY,LOW
j_hist_004781,7.36,12,30.7,14,0,0,1,29.24,SLIGHT_DELAY,MEDIUM
j_hist_004782,19.89,28,32.6,16,1,0,0,56.96,ON_TIME,MEDIUM
j_hist_004783,10.91,14,19.6,13,0,1,0,50.44,SLIGHT_DELAY,MEDIUM
j_hist_004784,15.19,18,21.5,15,0,0,0,58.71,SLIGHT_DELAY,MEDIUM
j_hist_004785,13.81,19,26.3,5,0,0,1,58.76,MODERATE_DELAY,LOW
j_hist_004786,30.78,40,26.5,14,1,1,0,114.47,MODERATE_DELAY,MEDIUM
j_hist_004787,31.78,37,35.7,15,0,0,1,103.37,HEAVY_DELAY,MEDIUM
j_hist_004788,17.76,17,24.3,7,1,0,1,69.15,MODERATE_DELAY,LOW
j_hist_004789,12.23,18,18.6,20,0,1,2,92.83,HEAVY_DELAY,LOW
j_hist_004790,4.63,6,21.0,14,0,2,1,26.8,MODERATE_DELAY,MEDIUM
j_hist_004791,33.42,36,20.0,6,0,1,1,179.92,HEAVY_DELAY,LOW
j_hist_004792,3.05,5,34.5,8,0,0,1,11.42,SLIGHT_DELAY,HIGH
j_hist_004793,11.12,15,27.2,20,0,1,0,41.29,SLIGHT_DELAY,LOW
j_hist_004794,11.13,12,33.8,10,1,0,0,29.81,ON_TIME,HIGH
j_hist_004795,11.89,17,25.7,15,0,1,0,47.76,MODERATE_DELAY,MEDIUM
j_hist_004796,6.59,8,38.9,21,0,0,1,22.4,SLIGHT_DELAY,LOW
j_hist_004797,27.63,27,41.5,19,0,0,1,75.16,MODERATE_DELAY,HIGH
j_hist_004798,5.16,7,32.8,8,0,2,1,23.9,MODERATE_DELAY,HIGH
j_hist_004799,22.59,29,38.2,12,0,2,1,94.75,HEAVY_DELAY,MEDIUM
j_hist_004800,5.21,9,28.2,22,1,0,1,20.51,SLIGHT_DELAY,LOW
j_hist_004801,3.4,6,40.2,18,0,0,2,14.17,SLIGHT_DELAY,HIGH
j_hist_004802,31.92,45,37.3,6,0,2,0,109.58,HEAVY_DELAY,LOW
j_hist_004803,7.46,8,41.8,20,0,0,2,23.56,SLIGHT_DELAY,LOW
j_hist_004804,28.92,26,31.4,19,0,0,1,94.06,HEAVY_DELAY,HIGH
j_hist_004805,19.52,24,35.8,10,0,0,2,74.73,HEAVY_DELAY,HIGH
j_hist_004806,3.65,5,29.2,13,0,0,1,13.26,SLIGHT_DELAY,MEDIUM
j_hist_004807,33.49,45,21.3,16,1,0,0,128.29,ON_TIME,MEDIUM
j_hist_004808,9.4,13,23.9,14,0,2,0,43.81,MODERATE_DELAY,MEDIUM
j_hist_004809,30.23,43,39.0,11,1,0,0,80.59,ON_TIME,MEDIUM
j_hist_004810,6.74,8,15.6,9,0,0,0,33.34,ON_TIME,HIGH
j_hist_004811,30.03,34,30.6,12,0,0,0,85.68,ON_TIME,MEDIUM
j_hist_004812,1.45,3,24.4,16,0,0,1,5.93,ON_TIME,MEDIUM
j_hist_004813,18.4,19,24.8,5,0,0,1,76.27,HEAVY_DELAY,LOW
j_hist_004814,27.16,33,38.8,14,0,2,0,86.33,HEAVY_DELAY,MEDIUM
j_hist_004815,32.78,36,37.9,15,0,0,0,77.73,ON_TIME,MEDIUM
j_hist_004816,31.91,36,30.8,9,0,2,0,114.88,HEAVY_DELAY,HIGH
j_hist_004817,28.87,31,21.6,17,0,0,0,100.09,ON_TIME,HIGH
j_hist_004818,31.2,27,27.3,22,0,0,1,111.66,HEAVY_DELAY,LOW
j_hist_004819,7.77,10,25.4,14,1,0,0,23.16,ON_TIME,MEDIUM
j_hist_004820,10.66,12,23.9,21,0,0,0,33.61,ON_TIME,LOW
j_hist_004821,10.82,10,16.9,8,0,0,1,60.11,MODERATE_DELAY,HIGH
j_hist_004822,13.82,15,29.2,13,0,0,2,61.68,HEAVY_DELAY,MEDIUM
j_hist_004823,14.37,15,22.5,22,0,0,0,47.85,ON_TIME,LOW
j_hist_004824,19.51,22,32.5,20,0,0,2,77.28,HEAVY_DELAY,LOW
j_hist_004825,6.44,7,22.9,11,0,1,2,39.37,HEAVY_DELAY,MEDIUM
j_hist_004826,24.5,29,26.1,16,0,0,1,95.21,HEAVY_DELAY,MEDIUM
j_hist_004827,6.7,10,15.5,8,1,0,0,32.73,ON_TIME,HIGH
j_hist_004828,11.55,15,41.8,16,1,0,0,27.39,ON_TIME,MEDIUM
j_hist_004829,18.11,25,28.2,16,1,1,1,80.17,HEAVY_DELAY,MEDIUM
j_hist_004830,28.08,32,14.7,8,1,0,1,171.81,HEAVY_DELAY,HIGH
j_hist_004831,26.14,31,29.2,16,1,0,1,93.45,HEAVY_DELAY,MEDIUM
j_hist_004832,22.95,31,38.4,12,0,0,2,89.35,HEAVY_DELAY,MEDIUM
j_hist_004833,6.3,8,35.6,7,0,0,0,15.66,ON_TIME,LOW
j_hist_004834,19.6,25,33.6,20,1,0,0,50.53,ON_TIME,LOW
j_hist_004835,3.97,6,17.9,6,0,0,1,23.5,SLIGHT_DELAY,LOW
j_hist_004836,13.83,16,32.4,10,0,0,0,38.8,ON_TIME,HIGH
j_hist_004837,15.06,20,35.5,21,0,0,0,40.99,ON_TIME,LOW
j_hist_004838,2.35,4,30.0,16,0,1,0,10.92,SLIGHT_DELAY,MEDIUM
j_hist_004839,10.32,12,39.0,13,0,1,2,44.34,HEAVY_DELAY,MEDIUM
j_hist_004840,33.49,33,21.8,20,0,0,1,147.08,HEAVY_DELAY,LOW
j_hist_004841,33.42,35,20.8,11,0,0,0,121.62,ON_TIME,MEDIUM
j_hist_004842,12.98,14,38.3,12,0,0,0,32.24,ON_TIME,MEDIUM
j_hist_004843,2.47,4,31.5,11,1,1,0,8.51,ON_TIME,MEDIUM
j_hist_004844,7.09,11,14.0,9,0,0,1,46.75,MODERATE_DELAY,HIGH
j_hist_004845,14.34,20,23.9,11,1,0,1,64.1,MODERATE_DELAY,MEDIUM
j_hist_004846,33.22,35,38.0,22,1,0,0,78.77,ON_TIME,LOW
j_hist_004847,5.8,10,14.8,22,0,0,0,31.46,ON_TIME,LOW
j_hist_004848,26.96,33,14.1,20,1,0,2,180.0,HEAVY_DELAY,LOW
j_hist_004849,4.7,6,21.9,11,0,0,0,15.99,ON_TIME,MEDIUM
j_hist_004850,34.36,46,39.6,6,1,0,0,85.17,ON_TIME,LOW
j_hist_004851,13.97,19,39.2,21,0,0,1,45.71,MODERATE_DELAY,LOW
j_hist_004852,27.36,36,28.5,12,1,1,0,97.15,MODERATE_DELAY,MEDIUM
j_hist_004853,12.65,13,29.5,6,1,0,0,33.12,ON_TIME,LOW
j_hist_004854,22.34,26,23.3,22,0,0,0,75.62,ON_TIME,LOW
j_hist_004855,7.53,11,20.8,13,1,0,0,27.59,ON_TIME,MEDIUM
j_hist_004856,5.96,8,36.8,16,0,0,0,16.26,ON_TIME,MEDIUM
j_hist_004857,32.89,41,17.0,12,0,0,0,147.57,ON_TIME,MEDIUM
j_hist_004858,32.2,39,27.6,12,1,0,1,121.92,HEAVY_DELAY,MEDIUM
j_hist_004859,31.17,42,31.8,14,1,1,1,128.4,HEAVY_DELAY,MEDIUM
j_hist_004860,22.26,23,16.9,22,0,0,0,96.7,ON_TIME,LOW
j_hist_004861,28.48,34,28.5,19,1,1,1,121.8,HEAVY_DELAY,HIGH
j_hist_004862,3.35,4,30.2,15,0,0,2,12.56,SLIGHT_DELAY,MEDIUM
j_hist_004863,12.38,17,34.8,18,0,1,1,50.12,HEAVY_DELAY,HIGH
j_hist_004864,11.67,16,20.6,19,0,0,0,45.72,ON_TIME,HIGH
j_hist_004865,22.61,20,22.2,18,1,1,0,84.11,MODERATE_DELAY,HIGH
j_hist_004866,13.1,17,29.9,16,0,0,1,48.43,MODERATE_DELAY,MEDIUM
j_hist_004867,6.05,8,41.5,8,1,1,1,24.49,MODERATE_DELAY,HIGH
j_hist_004868,21.28,20,20.1,7,1,0,1,98.72,HEAVY_DELAY,LOW
j_hist_004869,28.69,32,41.6,16,1,0,0,65.49,ON_TIME,MEDIUM
j_hist_004870,13.99,14,34.0,11,0,1,0,40.89,SLIGHT_DELAY,MEDIUM
j_hist_004871,5.5,7,37.1,11,0,0,1,16.8,SLIGHT_DELAY,MEDIUM
j_hist_004872,7.69,9,16.5,18,0,0,1,42.24,MODERATE_DELAY,HIGH
j_hist_004873,9.07,13,22.4,5,0,1,0,36.62,SLIGHT_DELAY,LOW
j_hist_004874,11.2,16,15.6,11,1,0,0,53.26,ON_TIME,MEDIUM
j_hist_004875,22.86,28,24.4,14,0,0,0,79.05,ON_TIME,MEDIUM
j_hist_004876,21.43,19,41.5,22,0,1,1,64.62,HEAVY_DELAY,LOW
j_hist_004877,24.67,35,16.9,17,1,1,0,132.04,HEAVY_DELAY,HIGH
j_hist_004878,13.33,18,29.7,12,1,0,1,47.19,SLIGHT_DELAY,MEDIUM
j_hist_004879,29.02,25,14.2,13,0,1,1,180.0,HEAVY_DELAY,MEDIUM
j_hist_004880,7.94,12,34.0,19,0,0,0,26.11,SLIGHT_DELAY,HIGH
j_hist_004881,16.95,17,19.5,12,1,1,1,93.03,HEAVY_DELAY,MEDIUM
j_hist_004882,28.23,34,17.6,5,0,0,1,152.62,HEAVY_DELAY,LOW
j_hist_004883,7.13,9,23.4,7,0,0,2,36.15,MODERATE_DELAY,LOW
j_hist_004884,4.74,6,35.6,13,1,0,1,14.98,SLIGHT_DELAY,MEDIUM
j_hist_004885,31.05,43,17.0,19,0,1,0,162.76,HEAVY_DELAY,HIGH
j_hist_004886,12.66,15,20.4,18,0,0,1,59.91,MODERATE_DELAY,HIGH
j_hist_004887,24.25,22,14.2,5,0,1,1,169.51,HEAVY_DELAY,LOW
j_hist_004888,1.86,4,41.1,7,1,0,0,6.17,ON_TIME,LOW
j_hist_004889,24.46,35,30.6,6,1,1,0,82.31,MODERATE_DELAY,LOW
j_hist_004890,11.75,16,34.2,5,1,0,0,35.47,SLIGHT_DELAY,LOW
j_hist_004891,2.9,5,32.2,22,0,1,0,9.93,ON_TIME,LOW
j_hist_004892,21.73,20,18.0,5,0,1,0,98.65,MODERATE_DELAY,LOW
j_hist_004893,9.19,13,30.7,13,0,0,2,40.81,MODERATE_DELAY,MEDIUM
j_hist_004894,14.15,13,17.7,11,0,0,0,56.15,ON_TIME,MEDIUM
j_hist_004895,3.74,5,25.2,17,1,1,0,13.09,ON_TIME,HIGH
j_hist_004896,6.0,8,29.9,21,0,1,2,30.75,MODERATE_DELAY,LOW
j_hist_004897,11.13,11,29.6,17,0,0,1,39.78,MODERATE_DELAY,HIGH
j_hist_004898,4.05,5,17.3,17,1,0,1,24.04,SLIGHT_DELAY,HIGH
j_hist_004899,31.97,35,15.0,14,1,0,0,155.13,ON_TIME,MEDIUM
j_hist_004900,1.21,3,36.4,10,0,1,0,5.0,ON_TIME,HIGH
j_hist_004901,17.45,17,34.3,9,1,0,1,53.94,MODERATE_DELAY,HIGH
j_hist_004902,5.19,6,16.3,14,0,0,2,33.87,MODERATE_DELAY,MEDIUM
j_hist_004903,11.46,12,17.6,18,0,1,0,55.54,MODERATE_DELAY,HIGH
j_hist_004904,32.49,41,39.0,15,1,0,1,101.65,HEAVY_DELAY,MEDIUM
j_hist_004905,6.5,10,35.5,9,1,0,0,20.06,ON_TIME,HIGH
j_hist_004906,33.84,38,41.9,8,0,1,0,88.84,MODERATE_DELAY,HIGH
j_hist_004907,8.0,10,21.1,7,0,1,1,42.88,MODERATE_DELAY,LOW
j_hist_004908,26.21,23,27.7,18,0,1,1,106.93,HEAVY_DELAY,HIGH
j_hist_004909,19.59,18,20.6,17,0,0,0,69.81,ON_TIME,HIGH
j_hist_004910,31.07,31,31.4,9,1,0,1,102.73,HEAVY_DELAY,HIGH
j_hist_004911,19.84,24,17.2,16,0,0,1,110.02,HEAVY_DELAY,MEDIUM
j_hist_004912,19.18,25,17.6,14,0,2,0,110.2,HEAVY_DELAY,MEDIUM
j_hist_004913,7.65,10,16.0,6,0,0,0,35.86,ON_TIME,LOW
j_hist_004914,6.65,8,33.4,11,1,0,2,26.59,MODERATE_DELAY,MEDIUM
j_hist_004915,32.16,30,27.8,11,0,1,1,131.1,HEAVY_DELAY,MEDIUM
j_hist_004916,12.15,17,31.3,8,1,0,1,47.03,MODERATE_DELAY,HIGH
j_hist_004917,13.65,15,38.6,16,0,1,1,48.27,HEAVY_DELAY,MEDIUM
j_hist_004918,26.83,35,34.7,8,0,0,0,74.34,ON_TIME,HIGH
j_hist_004919,12.52,15,26.9,11,1,0,0,38.92,ON_TIME,MEDIUM
j_hist_004920,33.37,43,41.6,17,0,0,0,80.91,ON_TIME,HIGH
j_hist_004921,26.09,37,26.8,12,0,0,1,108.3,HEAVY_DELAY,MEDIUM
j_hist_004922,21.31,30,17.1,18,0,0,1,122.03,HEAVY_DELAY,HIGH
j_hist_004923,30.95,36,41.8,7,1,2,1,114.51,HEAVY_DELAY,LOW
j_hist_004924,2.69,4,14.6,6,1,0,1,20.36,SLIGHT_DELAY,LOW
j_hist_004925,9.74,11,29.4,14,1,2,0,32.98,SLIGHT_DELAY,MEDIUM
j_hist_004926,16.81,24,22.7,10,0,2,1,99.85,HEAVY_DELAY,HIGH
j_hist_004927,8.72,11,28.1,11,1,0,1,31.15,SLIGHT_DELAY,MEDIUM
j_hist_004928,26.29,25,29.6,20,0,0,0,71.72,ON_TIME,LOW
j_hist_004929,32.25,36,20.7,10,0,2,0,156.84,HEAVY_DELAY,HIGH
j_hist_004930,15.41,15,29.6,20,0,0,1,53.12,MODERATE_DELAY,LOW
j_hist_004931,12.63,15,35.2,16,1,0,2,46.49,MODERATE_DELAY,MEDIUM
j_hist_004932,33.69,40,21.5,19,0,0,1,156.24,HEAVY_DELAY,HIGH
j_hist_004933,16.12,18,24.7,7,0,1,0,60.02,MODERATE_DELAY,LOW
j_hist_004934,17.63,16,21.5,20,0,0,1,76.56,HEAVY_DELAY,LOW
j_hist_004935,12.96,19,37.0,22,1,0,0,38.72,SLIGHT_DELAY,LOW
j_hist_004936,31.92,42,34.3,19,0,0,1,108.79,HEAVY_DELAY,HIGH
j_hist_004937,20.34,28,38.4,10,1,0,1,66.08,MODERATE_DELAY,HIGH
j_hist_004938,26.91,29,18.8,21,1,0,0,106.59,ON_TIME,LOW
j_hist_004939,28.6,37,16.1,6,1,0,1,170.07,HEAVY_DELAY,LOW
j_hist_004940,12.62,15,17.3,6,0,1,0,64.87,MODERATE_DELAY,LOW
j_hist_004941,15.75,16,18.5,21,1,0,0,63.6,ON_TIME,LOW
j_hist_004942,29.85,28,28.9,9,0,0,0,82.47,ON_TIME,HIGH
j_hist_004943,13.35,15,41.2,8,0,1,1,43.98,MODERATE_DELAY,HIGH
j_hist_004944,27.99,26,24.0,22,1,0,2,137.3,HEAVY_DELAY,LOW
j_hist_004945,32.99,48,40.8,12,0,0,1,106.55,HEAVY_DELAY,MEDIUM
j_hist_004946,22.19,20,15.1,13,1,0,1,127.43,HEAVY_DELAY,MEDIUM
j_hist_004947,26.22,29,40.0,22,1,1,0,70.8,MODERATE_DELAY,LOW
j_hist_004948,28.37,32,19.1,15,1,0,1,141.54,HEAVY_DELAY,MEDIUM
j_hist_004949,29.73,31,39.5,20,0,2,0,89.06,HEAVY_DELAY,LOW
j_hist_004950,14.43,18,15.6,20,1,1,1,99.1,HEAVY_DELAY,LOW
j_hist_004951,2.74,4,40.6,8,0,0,0,7.47,ON_TIME,HIGH
j_hist_004952,14.66,20,19.6,13,0,0,0,59.81,ON_TIME,MEDIUM
j_hist_004953,23.91,25,22.5,17,1,1,2,141.97,HEAVY_DELAY,HIGH
j_hist_004954,16.31,20,27.7,12,1,0,2,75.9,HEAVY_DELAY,MEDIUM
j_hist_004955,26.46,34,24.7,15,0,0,1,112.52,HEAVY_DELAY,MEDIUM
j_hist_004956,13.14,19,32.7,13,1,1,1,57.5,HEAVY_DELAY,MEDIUM
j_hist_004957,22.58,31,41.3,22,1,0,1,69.83,MODERATE_DELAY,LOW
j_hist_004958,7.34,10,31.0,7,1,0,2,30.66,MODERATE_DELAY,LOW
j_hist_004959,26.48,29,34.2,22,0,0,0,69.31,ON_TIME,LOW
j_hist_004960,19.55,23,16.5,13,1,0,2,134.17,HEAVY_DELAY,MEDIUM
j_hist_004961,7.94,12,31.6,22,0,0,2,33.54,MODERATE_DELAY,LOW
j_hist_004962,10.92,16,26.7,20,0,0,1,45.94,MODERATE_DELAY,LOW
j_hist_004963,26.45,24,38.8,18,1,0,1,73.25,MODERATE_DELAY,HIGH
j_hist_004964,17.41,19,24.9,19,0,0,0,57.04,ON_TIME,HIGH
j_hist_004965,8.35,12,33.0,8,0,0,2,36.98,MODERATE_DELAY,HIGH
j_hist_004966,33.89,37,20.4,16,0,0,1,160.03,HEAVY_DELAY,MEDIUM
j_hist_004967,25.31,27,21.3,11,0,0,1,115.87,HEAVY_DELAY,MEDIUM
j_hist_004968,33.54,37,24.5,15,0,0,1,138.07,HEAVY_DELAY,MEDIUM
j_hist_004969,15.52,20,22.5,11,1,0,2,86.83,HEAVY_DELAY,MEDIUM
j_hist_004970,17.15,26,21.1,7,1,0,0,68.12,ON_TIME,LOW
j_hist_004971,31.53,36,15.4,8,0,0,0,149.83,ON_TIME,HIGH
j_hist_004972,18.85,19,37.4,6,0,0,0,43.76,ON_TIME,LOW
j_hist_004973,25.05,24,15.8,19,0,0,0,112.37,ON_TIME,HIGH
j_hist_004974,9.57,9,38.8,16,0,2,0,27.89,SLIGHT_DELAY,MEDIUM
j_hist_004975,16.19,20,17.5,21,1,0,1,89.56,HEAVY_DELAY,LOW
j_hist_004976,5.2,7,15.8,22,0,1,0,28.51,SLIGHT_DELAY,LOW
j_hist_004977,8.0,9,29.8,12,0,0,1,28.92,SLIGHT_DELAY,MEDIUM
j_hist_004978,1.03,3,28.1,12,1,0,0,6.52,SLIGHT_DELAY,MEDIUM
j_hist_004979,2.34,4,27.8,9,0,0,2,13.55,SLIGHT_DELAY,HIGH
j_hist_004980,34.23,34,30.1,13,0,0,1,115.88,HEAVY_DELAY,MEDIUM
j_hist_004981,9.24,11,22.0,9,1,0,0,31.29,ON_TIME,HIGH
j_hist_004982,23.55,34,32.6,14,0,1,0,76.02,MODERATE_DELAY,MEDIUM
j_hist_004983,29.53,32,28.1,5,1,2,1,143.0,HEAVY_DELAY,LOW
j_hist_004984,19.72,26,23.4,8,0,0,0,65.55,ON_TIME,HIGH
j_hist_004985,6.21,8,37.1,20,1,2,1,25.16,MODERATE_DELAY,LOW
j_hist_004986,25.76,34,34.4,22,0,0,0,69.55,ON_TIME,LOW
j_hist_004987,21.41,29,25.0,16,0,0,0,73.44,ON_TIME,MEDIUM
j_hist_004988,25.86,33,37.7,19,0,1,0,75.19,MODERATE_DELAY,HIGH
j_hist_004989,27.17,37,39.8,22,0,0,1,83.33,MODERATE_DELAY,LOW
j_hist_004990,34.16,48,29.0,9,0,0,0,107.29,ON_TIME,HIGH
j_hist_004991,20.5,25,20.0,18,0,0,0,81.08,ON_TIME,HIGH
j_hist_004992,12.62,13,39.6,11,0,0,1,35.79,SLIGHT_DELAY,MEDIUM
j_hist_004993,23.05,25,19.3,15,1,0,0,88.64,ON_TIME,MEDIUM
j_hist_004994,3.33,6,15.4,19,0,0,0,18.09,ON_TIME,HIGH
j_hist_004995,31.51,39,23.2,15,0,0,1,138.35,HEAVY_DELAY,MEDIUM
j_hist_004996,5.06,6,34.4,11,0,0,2,19.9,SLIGHT_DELAY,MEDIUM
j_hist_004997,12.15,12,39.9,8,1,0,0,27.39,ON_TIME,HIGH
j_hist_004998,28.74,36,31.8,5,0,0,0,78.71,ON_TIME,LOW
j_hist_004999,21.31,22,40.7,6,0,0,0,44.86,ON_TIME,LOW
j_hist_005000,14.38,17,16.6,8,0,0,0,64.04,ON_TIME,HIGH
j_hist_005001,17.1,23,15.7,9,0,0,2,125.61,HEAVY_DELAY,HIGH
j_hist_005002,30.05,36,30.9,6,0,0,1,105.04,HEAVY_DELAY,LOW
j_hist_005003,12.56,12,41.1,6,1,2,0,37.32,MODERATE_DELAY,LOW
j_hist_005004,30.57,29,28.1,22,1,0,0,88.0,ON_TIME,LOW
j_hist_005005,4.0,5,15.4,18,0,1,0,25.7,SLIGHT_DELAY,HIGH
j_hist_005006,27.41,28,20.2,7,0,1,2,177.11,HEAVY_DELAY,LOW
j_hist_005007,29.82,35,20.9,22,0,2,0,144.81,HEAVY_DELAY,LOW
j_hist_005008,7.18,9,23.5,14,0,1,2,41.48,HEAVY_DELAY,MEDIUM
j_hist_005009,15.63,16,15.2,10,0,1,0,85.48,MODERATE_DELAY,HIGH
j_hist_005010,6.63,7,39.3,6,0,0,0,14.79,ON_TIME,LOW
j_hist_005011,25.02,24,28.4,15,0,1,0,80.43,MODERATE_DELAY,MEDIUM
j_hist_005012,19.2,28,32.8,22,0,0,0,55.37,ON_TIME,LOW
j_hist_005013,22.6,26,15.9,18,0,0,0,103.9,ON_TIME,HIGH
j_hist_005014,7.68,12,15.5,17,1,0,0,37.53,ON_TIME,HIGH
j_hist_005015,8.2,12,30.4,11,0,0,0,24.2,ON_TIME,MEDIUM
j_hist_005016,2.41,4,38.8,14,0,0,1,11.41,SLIGHT_DELAY,MEDIUM
j_hist_005017,11.95,16,28.8,17,0,1,0,41.6,SLIGHT_DELAY,HIGH
j_hist_005018,20.03,20,38.6,6,0,0,2,69.61,HEAVY_DELAY,LOW
j_hist_005019,30.17,38,36.7,16,0,0,0,77.38,ON_TIME,MEDIUM
j_hist_005020,23.68,24,16.1,12,0,0,0,104.32,ON_TIME,MEDIUM
j_hist_005021,15.8,22,19.7,22,0,0,0,65.57,ON_TIME,LOW
j_hist_005022,33.41,30,32.4,6,1,0,1,106.08,HEAVY_DELAY,LOW
j_hist_005023,25.45,34,26.4,20,1,0,0,82.83,ON_TIME,LOW
j_hist_005024,32.63,30,22.1,12,0,0,0,111.91,ON_TIME,MEDIUM
j_hist_005025,18.94,27,25.7,20,0,0,0,64.1,ON_TIME,LOW
j_hist_005026,9.8,11,26.5,12,1,0,0,30.6,ON_TIME,MEDIUM
j_hist_005027,2.8,5,39.5,17,1,1,0,10.47,SLIGHT_DELAY,HIGH
j_hist_005028,25.69,30,16.9,10,0,0,0,113.15,ON_TIME,HIGH
j_hist_005029,5.12,7,21.8,5,1,0,0,21.65,SLIGHT_DELAY,LOW
j_hist_005030,11.29,15,29.1,6,0,0,1,42.07,MODERATE_DELAY,LOW
j_hist_005031,19.1,28,33.6,11,1,0,1,70.14,MODERATE_DELAY,MEDIUM
j_hist_005032,20.19,18,31.7,17,0,0,0,51.93,ON_TIME,HIGH
j_hist_005033,21.42,30,40.4,8,0,0,0,54.56,ON_TIME,HIGH
j_hist_005034,6.65,9,36.3,13,0,0,0,18.98,ON_TIME,MEDIUM
j_hist_005035,13.91,19,29.6,7,0,0,1,54.0,MODERATE_DELAY,LOW
j_hist_005036,21.98,24,20.0,6,0,0,1,103.27,HEAVY_DELAY,LOW
j_hist_005037,33.97,38,26.6,20,0,0,0,104.25,ON_TIME,LOW
j_hist_005038,25.74,36,33.4,14,0,1,0,83.68,MODERATE_DELAY,MEDIUM
j_hist_005039,32.37,35,37.5,16,0,0,2,116.97,HEAVY_DELAY,MEDIUM
j_hist_005040,26.92,32,40.9,22,1,1,0,74.08,MODERATE_DELAY,LOW
j_hist_005041,21.12,19,31.0,6,1,0,0,52.95,ON_TIME,LOW
j_hist_005042,7.53,8,28.8,18,0,0,0,22.55,ON_TIME,HIGH
j_hist_005043,23.67,30,14.5,16,0,0,0,120.94,ON_TIME,MEDIUM
j_hist_005044,22.19,29,16.0,12,0,0,1,132.61,HEAVY_DELAY,MEDIUM
j_hist_005045,21.48,26,18.4,11,0,0,0,87.9,ON_TIME,MEDIUM
j_hist_005046,17.65,17,15.5,17,1,2,0,105.32,HEAVY_DELAY,HIGH
j_hist_005047,18.97,22,25.2,19,0,2,0,80.55,HEAVY_DELAY,HIGH
j_hist_005048,12.37,14,23.4,18,0,2,1,66.13,HEAVY_DELAY,HIGH
j_hist_005049,18.66,22,31.8,9,1,0,2,76.75,HEAVY_DELAY,HIGH
j_hist_005050,7.72,12,29.0,12,0,0,0,23.45,ON_TIME,MEDIUM
j_hist_005051,28.38,37,30.7,22,1,0,2,123.9,HEAVY_DELAY,LOW
j_hist_005052,7.32,8,27.2,9,0,0,1,29.24,MODERATE_DELAY,HIGH
j_hist_005053,3.89,7,21.8,13,0,0,1,21.38,SLIGHT_DELAY,MEDIUM
j_hist_005054,15.83,19,40.7,14,0,2,0,48.62,MODERATE_DELAY,MEDIUM
j_hist_005055,23.38,31,16.4,21,1,0,0,110.95,SLIGHT_DELAY,LOW
j_hist_005056,15.88,16,40.3,7,1,0,1,44.22,MODERATE_DELAY,LOW
j_hist_005057,10.41,14,22.7,5,0,0,2,55.39,HEAVY_DELAY,LOW
j_hist_005058,19.98,20,28.4,11,0,0,1,72.52,HEAVY_DELAY,MEDIUM
j_hist_005059,12.8,15,17.0,19,0,0,1,71.01,MODERATE_DELAY,HIGH
j_hist_005060,32.72,28,16.0,12,0,0,0,143.59,ON_TIME,MEDIUM
j_hist_005061,32.37,30,26.0,15,1,0,2,145.34,HEAVY_DELAY,MEDIUM
j_hist_005062,18.08,17,34.8,6,1,1,1,63.07,HEAVY_DELAY,LOW
j_hist_005063,12.15,13,21.5,6,1,0,1,55.26,MODERATE_DELAY,LOW
j_hist_005064,26.06,24,29.7,15,0,0,0,71.36,ON_TIME,MEDIUM
j_hist_005065,2.25,4,21.8,21,0,0,2,14.78,SLIGHT_DELAY,LOW
j_hist_005066,17.14,16,24.9,14,0,1,0,60.96,MODERATE_DELAY,MEDIUM
j_hist_005067,12.43,16,39.4,9,0,1,1,44.22,MODERATE_DELAY,HIGH
j_hist_005068,32.3,30,38.0,7,0,0,0,73.55,ON_TIME,LOW
j_hist_005069,1.41,3,28.4,13,0,1,0,5.0,ON_TIME,MEDIUM
j_hist_005070,19.8,28,20.7,6,0,0,0,76.86,ON_TIME,LOW
j_hist_005071,26.18,26,19.4,21,0,1,0,117.29,HEAVY_DELAY,LOW
j_hist_005072,17.49,22,40.7,16,0,1,1,60.75,HEAVY_DELAY,MEDIUM
j_hist_005073,3.9,5,19.7,13,0,1,2,25.7,MODERATE_DELAY,MEDIUM
j_hist_005074,34.06,48,36.6,8,0,0,2,136.79,HEAVY_DELAY,HIGH
j_hist_005075,18.61,22,24.3,22,0,0,0,61.6,ON_TIME,LOW
j_hist_005076,21.88,20,41.6,20,1,0,0,47.34,ON_TIME,LOW
j_hist_005077,9.04,11,24.3,14,0,0,1,40.26,MODERATE_DELAY,MEDIUM
j_hist_005078,17.44,16,23.8,16,0,0,0,55.27,ON_TIME,MEDIUM
j_hist_005079,15.59,18,31.8,15,0,0,2,61.41,HEAVY_DELAY,MEDIUM
j_hist_005080,3.55,6,40.9,9,0,0,1,12.62,SLIGHT_DELAY,HIGH
j_hist_005081,4.61,6,41.3,15,0,1,1,13.88,SLIGHT_DELAY,MEDIUM
j_hist_005082,29.47,32,33.8,20,0,1,1,109.07,HEAVY_DELAY,LOW
j_hist_005083,9.15,9,35.1,19,1,1,2,40.9,HEAVY_DELAY,HIGH
j_hist_005084,7.63,9,29.8,10,1,0,0,20.02,ON_TIME,HIGH
j_hist_005085,18.17,17,35.2,17,0,0,2,64.64,HEAVY_DELAY,HIGH
j_hist_005086,27.14,36,38.1,20,0,0,2,102.98,HEAVY_DELAY,LOW
j_hist_005087,3.11,4,27.6,7,0,0,0,7.65,ON_TIME,LOW
j_hist_005088,20.61,25,31.4,22,0,1,2,99.5,HEAVY_DELAY,LOW
j_hist_005089,5.05,7,29.0,5,0,0,0,15.29,ON_TIME,LOW
j_hist_005090,2.24,4,29.7,21,0,0,1,11.13,SLIGHT_DELAY,LOW
j_hist_005091,2.79,5,38.9,10,0,1,0,8.49,ON_TIME,HIGH
j_hist_005092,29.36,33,24.0,13,1,0,0,99.04,ON_TIME,MEDIUM
j_hist_005093,5.01,7,19.8,8,0,0,1,28.08,MODERATE_DELAY,HIGH
j_hist_005094,2.54,4,26.8,11,0,0,2,15.98,MODERATE_DELAY,MEDIUM
j_hist_005095,15.89,19,19.8,15,0,0,0,61.43,ON_TIME,MEDIUM
j_hist_005096,29.7,31,28.0,7,1,2,0,115.44,HEAVY_DELAY,LOW
j_hist_005097,9.92,13,39.3,20,0,1,1,36.64,MODERATE_DELAY,LOW
j_hist_005098,15.34,20,31.3,10,0,0,2,68.49,HEAVY_DELAY,HIGH
j_hist_005099,2.36,3,38.0,11,0,0,0,5.0,ON_TIME,MEDIUM
j_hist_005100,16.27,19,18.7,16,1,0,2,99.32,HEAVY_DELAY,MEDIUM
j_hist_005101,20.64,19,39.2,11,1,2,2,89.96,HEAVY_DELAY,MEDIUM
j_hist_005102,20.41,20,30.9,20,0,0,2,79.81,HEAVY_DELAY,LOW
j_hist_005103,12.3,15,14.9,22,0,2,1,97.83,HEAVY_DELAY,LOW
j_hist_005104,11.73,17,31.7,14,0,0,0,33.08,ON_TIME,MEDIUM
j_hist_005105,4.63,8,40.6,5,1,1,1,17.85,SLIGHT_DELAY,LOW
j_hist_005106,13.47,13,16.2,12,1,1,1,85.31,HEAVY_DELAY,MEDIUM
j_hist_005107,4.38,6,30.3,7,0,1,2,26.92,MODERATE_DELAY,LOW
j_hist_005108,27.06,33,39.6,20,0,1,1,94.87,HEAVY_DELAY,LOW
j_hist_005109,33.85,32,14.3,7,1,0,1,180.0,MODERATE_DELAY,LOW
j_hist_005110,33.98,44,31.7,6,0,1,0,112.24,MODERATE_DELAY,LOW
j_hist_005111,30.41,39,27.3,16,0,0,0,92.28,ON_TIME,MEDIUM
j_hist_005112,21.43,30,23.7,12,0,1,1,111.44,HEAVY_DELAY,MEDIUM
j_hist_005113,24.83,21,31.6,22,0,0,0,64.22,ON_TIME,LOW
j_hist_005114,10.7,11,15.5,19,0,0,0,47.56,ON_TIME,HIGH
j_hist_005115,22.45,31,35.1,21,1,1,0,71.53,MODERATE_DELAY,LOW
j_hist_005116,16.49,21,14.1,22,1,0,2,128.29,HEAVY_DELAY,LOW
j_hist_005117,17.39,25,22.6,22,0,1,0,73.48,MODERATE_DELAY,LOW
j_hist_005118,26.76,24,28.1,13,1,0,0,77.32,SLIGHT_DELAY,MEDIUM
j_hist_005119,10.59,14,24.6,9,0,0,1,44.72,MODERATE_DELAY,HIGH
j_hist_005120,11.81,15,22.6,15,0,0,2,64.37,HEAVY_DELAY,MEDIUM
j_hist_005121,32.44,28,37.3,8,0,1,2,125.8,HEAVY_DELAY,HIGH
j_hist_005122,2.91,5,40.2,14,1,0,1,12.19,SLIGHT_DELAY,MEDIUM
j_hist_005123,17.51,22,38.5,8,0,2,1,70.81,HEAVY_DELAY,HIGH
j_hist_005124,32.04,31,28.6,7,1,0,0,89.4,ON_TIME,LOW
j_hist_005125,21.75,22,38.8,20,0,0,0,50.16,ON_TIME,LOW
j_hist_005126,19.58,25,39.8,15,0,0,0,46.33,ON_TIME,MEDIUM
j_hist_005127,9.49,12,25.5,13,0,0,1,42.1,MODERATE_DELAY,MEDIUM
j_hist_005128,12.67,18,21.9,5,1,0,1,62.42,MODERATE_DELAY,LOW
j_hist_005129,29.97,32,16.8,14,0,0,1,163.86,HEAVY_DELAY,MEDIUM
j_hist_005130,20.01,21,27.4,16,1,0,1,73.27,MODERATE_DELAY,MEDIUM
j_hist_005131,18.5,27,40.5,6,0,1,0,54.09,SLIGHT_DELAY,LOW
j_hist_005132,4.39,7,29.7,19,0,1,0,14.53,ON_TIME,HIGH
j_hist_005133,1.54,3,32.7,20,0,0,1,5.45,ON_TIME,LOW
j_hist_005134,33.77,44,17.2,6,1,0,2,180.0,HEAVY_DELAY,LOW
j_hist_005135,13.82,13,18.0,17,0,0,1,67.89,MODERATE_DELAY,HIGH
j_hist_005136,21.51,19,27.0,22,0,0,0,63.7,ON_TIME,LOW
j_hist_005137,3.71,5,40.6,15,0,0,2,13.68,SLIGHT_DELAY,MEDIUM
j_hist_005138,24.23,25,24.1,18,0,0,0,79.82,ON_TIME,HIGH
j_hist_005139,32.71,44,38.6,7,0,0,0,83.41,ON_TIME,LOW
j_hist_005140,20.57,27,17.4,13,1,2,0,117.06,HEAVY_DELAY,MEDIUM
j_hist_005141,5.29,9,31.3,9,1,0,0,16.12,ON_TIME,HIGH
j_hist_005142,20.78,27,30.8,18,0,0,0,59.76,ON_TIME,HIGH
j_hist_005143,27.06,30,38.1,11,1,0,0,66.57,ON_TIME,MEDIUM
j_hist_005144,14.82,20,14.1,16,0,0,0,80.06,ON_TIME,MEDIUM
j_hist_005145,30.91,45,19.3,22,0,0,0,127.85,ON_TIME,LOW
j_hist_005146,23.06,30,20.2,15,0,0,0,90.93,ON_TIME,MEDIUM
j_hist_005147,31.57,41,40.6,13,0,0,0,77.36,ON_TIME,MEDIUM
j_hist_005148,22.2,32,18.3,15,1,0,1,120.14,HEAVY_DELAY,MEDIUM
j_hist_005149,5.46,6,15.0,22,0,0,0,25.73,ON_TIME,LOW
j_hist_005150,11.53,16,29.0,6,0,0,1,44.86,MODERATE_DELAY,LOW
j_hist_005151,7.86,12,28.8,17,0,1,0,27.34,ON_TIME,HIGH
j_hist_005152,31.9,45,37.6,19,0,0,0,84.84,ON_TIME,HIGH
j_hist_005153,26.85,26,40.6,12,0,1,1,85.65,HEAVY_DELAY,MEDIUM
j_hist_005154,24.0,28,29.1,9,0,0,1,86.3,HEAVY_DELAY,HIGH
j_hist_005155,11.23,15,40.0,9,0,0,1,37.2,MODERATE_DELAY,HIGH
j_hist_005156,7.26,8,34.3,11,0,0,0,18.52,ON_TIME,MEDIUM
j_hist_005157,26.72,33,21.4,16,1,0,1,126.58,HEAVY_DELAY,MEDIUM
j_hist_005158,17.12,18,40.0,16,1,2,2,76.67,HEAVY_DELAY,MEDIUM
j_hist_005159,8.68,10,32.7,13,0,0,0,23.4,ON_TIME,MEDIUM
j_hist_005160,21.97,25,25.6,8,0,0,2,106.84,HEAVY_DELAY,HIGH
j_hist_005161,2.37,4,33.0,12,1,1,0,8.84,ON_TIME,MEDIUM
j_hist_005162,12.09,14,25.2,5,0,0,1,47.19,MODERATE_DELAY,LOW
j_hist_005163,16.93,20,17.2,15,1,0,1,92.72,HEAVY_DELAY,MEDIUM
j_hist_005164,6.03,7,34.1,17,0,1,1,23.47,MODERATE_DELAY,HIGH
j_hist_005165,34.48,32,37.1,22,1,0,0,78.8,ON_TIME,LOW
j_hist_005166,8.11,8,34.4,14,0,1,0,25.08,SLIGHT_DELAY,MEDIUM
j_hist_005167,5.43,6,20.4,17,0,0,0,20.1,ON_TIME,HIGH
j_hist_005168,7.92,11,40.8,16,1,0,2,30.11,MODERATE_DELAY,MEDIUM
j_hist_005169,27.15,36,14.7,17,1,2,0,178.95,HEAVY_DELAY,HIGH
j_hist_005170,15.47,15,23.3,6,1,1,0,60.11,MODERATE_DELAY,LOW
j_hist_005171,20.22,19,21.3,7,0,1,1,103.68,HEAVY_DELAY,LOW
j_hist_005172,1.71,4,15.3,21,0,0,0,9.51,ON_TIME,LOW
j_hist_005173,2.17,4,25.4,16,1,0,1,8.92,ON_TIME,MEDIUM
j_hist_005174,16.16,24,31.4,20,0,1,0,54.31,SLIGHT_DELAY,LOW
j_hist_005175,28.77,37,38.7,14,0,0,0,71.77,ON_TIME,MEDIUM
j_hist_005176,31.1,32,41.7,19,1,1,0,79.16,MODERATE_DELAY,HIGH
j_hist_005177,3.95,5,36.6,12,1,1,0,11.48,ON_TIME,MEDIUM
j_hist_005178,19.3,23,27.1,9,0,1,0,68.54,MODERATE_DELAY,HIGH
j_hist_005179,32.05,29,34.3,16,0,0,0,76.68,ON_TIME,MEDIUM
j_hist_005180,14.19,14,37.6,14,1,0,0,30.87,ON_TIME,MEDIUM
j_hist_005181,29.21,28,27.0,18,0,1,0,98.54,MODERATE_DELAY,HIGH
j_hist_005182,5.55,9,36.0,16,0,2,1,24.39,MODERATE_DELAY,MEDIUM
j_hist_005183,32.8,38,27.5,17,0,1,0,115.05,HEAVY_DELAY,HIGH
j_hist_005184,26.55,23,24.8,21,1,1,0,94.04,MODERATE_DELAY,LOW
j_hist_005185,33.01,41,28.7,5,0,0,1,126.4,HEAVY_DELAY,LOW
j_hist_005186,24.0,27,32.9,14,1,0,0,63.2,ON_TIME,MEDIUM
j_hist_005187,13.36,16,34.4,9,0,1,0,38.57,SLIGHT_DELAY,HIGH
j_hist_005188,32.9,32,24.0,15,0,0,1,132.34,HEAVY_DELAY,MEDIUM
j_hist_005189,10.37,13,30.0,14,0,0,0,30.63,ON_TIME,MEDIUM
j_hist_005190,12.29,19,39.5,10,0,1,2,58.58,HEAVY_DELAY,HIGH
j_hist_005191,24.83,22,41.3,19,0,1,2,92.23,HEAVY_DELAY,HIGH
j_hist_005192,27.02,28,20.4,13,1,0,1,125.42,HEAVY_DELAY,MEDIUM
j_hist_005193,32.6,32,19.4,12,0,0,0,124.31,ON_TIME,MEDIUM
j_hist_005194,7.96,9,32.9,10,0,1,1,28.63,MODERATE_DELAY,HIGH
j_hist_005195,28.13,30,25.6,10,0,2,0,114.22,HEAVY_DELAY,HIGH
j_hist_005196,26.11,35,14.7,21,0,0,2,180.0,HEAVY_DELAY,LOW
j_hist_005197,3.17,6,23.7,16,0,1,1,19.84,MODERATE_DELAY,MEDIUM
j_hist_005198,14.17,15,36.6,11,1,0,1,44.01,MODERATE_DELAY,MEDIUM
j_hist_005199,10.61,13,36.3,9,0,0,0,26.26,ON_TIME,HIGH
j_hist_005200,11.35,15,27.9,20,1,1,1,49.17,MODERATE_DELAY,LOW
j_hist_005201,34.42,40,27.2,10,0,0,0,106.14,ON_TIME,HIGH
j_hist_005202,22.85,26,30.2,12,1,0,0,64.23,ON_TIME,MEDIUM
j_hist_005203,25.4,25,20.1,7,0,0,1,118.77,HEAVY_DELAY,LOW
j_hist_005204,34.2,39,28.7,12,1,0,2,149.75,HEAVY_DELAY,MEDIUM
j_hist_005205,13.82,16,14.3,11,1,0,0,72.41,SLIGHT_DELAY,MEDIUM
j_hist_005206,28.26,38,27.3,21,0,0,2,135.16,HEAVY_DELAY,LOW
j_hist_005207,15.77,21,23.4,18,0,1,2,99.22,HEAVY_DELAY,HIGH
j_hist_005208,30.56,28,32.9,10,1,0,2,116.12,HEAVY_DELAY,HIGH
j_hist_005209,7.14,8,31.9,11,0,1,1,28.74,MODERATE_DELAY,MEDIUM
j_hist_005210,33.22,46,24.7,9,0,0,2,171.36,HEAVY_DELAY,HIGH
j_hist_005211,8.44,11,14.2,11,0,0,0,41.91,ON_TIME,MEDIUM
j_hist_005212,12.09,17,21.1,13,1,2,0,61.04,MODERATE_DELAY,MEDIUM
j_hist_005213,26.71,24,31.7,16,1,0,0,66.6,ON_TIME,MEDIUM
j_hist_005214,14.39,18,16.0,19,0,0,0,68.79,ON_TIME,HIGH
j_hist_005215,21.68,26,17.0,19,0,1,2,166.86,HEAVY_DELAY,HIGH
j_hist_005216,16.12,23,32.1,20,1,1,1,68.63,HEAVY_DELAY,LOW
j_hist_005217,26.24,24,35.2,19,1,0,0,61.83,ON_TIME,HIGH
j_hist_005218,8.76,10,23.0,9,0,0,2,46.89,HEAVY_DELAY,HIGH
j_hist_005219,2.99,5,27.7,16,0,1,0,11.6,ON_TIME,MEDIUM
j_hist_005220,11.2,16,40.5,8,0,0,0,27.4,ON_TIME,HIGH
j_hist_005221,17.13,25,40.5,7,0,0,0,43.74,ON_TIME,LOW
j_hist_005222,6.71,11,22.6,5,1,0,0,25.93,ON_TIME,LOW
j_hist_005223,13.06,19,36.7,17,1,0,0,36.23,ON_TIME,HIGH
j_hist_005224,14.6,13,30.6,9,0,1,1,56.86,HEAVY_DELAY,HIGH
j_hist_005225,2.95,4,41.3,16,1,0,0,5.0,ON_TIME,MEDIUM
j_hist_005226,20.83,20,27.4,6,1,0,2,93.63,HEAVY_DELAY,LOW
j_hist_005227,31.07,33,35.7,10,0,0,1,96.5,HEAVY_DELAY,HIGH
j_hist_005228,6.16,9,35.5,9,0,0,0,17.63,ON_TIME,HIGH
j_hist_005229,21.33,30,27.9,22,0,0,1,86.09,HEAVY_DELAY,LOW
j_hist_005230,23.6,23,36.3,9,0,1,0,65.05,MODERATE_DELAY,HIGH
j_hist_005231,15.26,19,21.3,22,0,1,0,66.83,MODERATE_DELAY,LOW
j_hist_005232,24.84,35,17.4,20,0,1,1,165.32,HEAVY_DELAY,LOW
j_hist_005233,14.96,18,25.9,21,1,0,2,75.05,HEAVY_DELAY,LOW
j_hist_005234,18.16,17,40.4,6,1,0,2,59.37,HEAVY_DELAY,LOW
j_hist_005235,1.25,3,28.0,21,0,0,0,7.52,SLIGHT_DELAY,LOW
j_hist_005236,24.52,27,31.8,14,0,2,1,109.2,HEAVY_DELAY,MEDIUM
j_hist_005237,23.49,28,31.5,7,0,0,1,80.41,MODERATE_DELAY,LOW
j_hist_005238,2.31,4,17.7,18,1,1,1,13.68,SLIGHT_DELAY,HIGH
j_hist_005239,13.52,12,24.9,16,1,1,0,47.69,SLIGHT_DELAY,MEDIUM
j_hist_005240,34.29,49,33.8,5,0,1,0,113.99,HEAVY_DELAY,LOW
j_hist_005241,15.31,19,41.2,11,1,0,0,36.62,ON_TIME,MEDIUM
j_hist_005242,18.07,21,18.7,11,0,0,2,112.25,HEAVY_DELAY,MEDIUM
j_hist_005243,31.94,45,25.5,17,0,1,0,126.65,HEAVY_DELAY,HIGH
j_hist_005244,25.39,24,16.7,13,0,0,0,110.12,ON_TIME,MEDIUM
j_hist_005245,20.79,20,20.8,9,0,1,2,129.05,HEAVY_DELAY,HIGH
j_hist_005246,28.13,38,24.5,8,0,2,1,157.29,HEAVY_DELAY,HIGH
j_hist_005247,30.39,31,29.1,9,0,0,2,128.16,HEAVY_DELAY,HIGH
j_hist_005248,16.53,23,20.5,16,0,0,0,66.89,ON_TIME,MEDIUM
j_hist_005249,17.15,18,20.4,12,0,1,0,73.77,MODERATE_DELAY,MEDIUM
j_hist_005250,14.13,13,35.8,17,0,1,1,48.13,MODERATE_DELAY,HIGH
j_hist_005251,33.87,39,41.0,8,0,0,1,97.58,HEAVY_DELAY,HIGH
j_hist_005252,24.7,24,23.1,15,0,1,0,96.33,MODERATE_DELAY,MEDIUM
j_hist_005253,3.83,6,33.3,19,0,0,0,12.65,ON_TIME,HIGH
j_hist_005254,30.34,37,21.2,18,0,0,1,146.02,HEAVY_DELAY,HIGH
j_hist_005255,17.34,25,40.0,22,0,0,1,56.18,MODERATE_DELAY,LOW
j_hist_005256,3.34,6,32.8,5,1,0,1,15.85,SLIGHT_DELAY,LOW
j_hist_005257,19.69,19,36.5,5,0,2,1,75.25,HEAVY_DELAY,LOW
j_hist_005258,15.18,21,15.4,15,0,2,0,95.28,HEAVY_DELAY,MEDIUM
j_hist_005259,30.84,38,30.8,10,1,0,1,109.63,HEAVY_DELAY,HIGH
j_hist_005260,7.94,11,28.8,9,0,1,1,36.88,MODERATE_DELAY,HIGH
j_hist_005261,29.1,39,22.2,17,0,0,0,105.98,ON_TIME,HIGH
j_hist_005262,19.96,24,21.3,14,0,0,0,73.83,ON_TIME,MEDIUM
j_hist_005263,2.86,5,30.2,10,0,1,0,11.35,ON_TIME,HIGH
j_hist_005264,34.04,42,33.8,8,0,0,0,93.23,ON_TIME,HIGH
j_hist_005265,18.43,20,14.9,8,0,0,1,109.87,HEAVY_DELAY,HIGH
j_hist_005266,10.89,11,29.9,11,0,1,0,35.83,SLIGHT_DELAY,MEDIUM
j_hist_005267,16.96,21,18.8,20,1,0,0,69.59,ON_TIME,LOW
j_hist_005268,30.17,30,17.9,5,1,0,2,180.0,HEAVY_DELAY,LOW
j_hist_005269,11.37,11,31.4,13,0,0,2,45.91,HEAVY_DELAY,MEDIUM
j_hist_005270,7.55,8,22.7,19,0,2,2,49.94,HEAVY_DELAY,HIGH
j_hist_005271,5.39,8,26.3,13,0,2,0,22.14,SLIGHT_DELAY,MEDIUM
j_hist_005272,11.13,13,24.1,5,0,0,0,38.94,ON_TIME,LOW
j_hist_005273,27.52,36,32.2,5,0,1,2,133.67,HEAVY_DELAY,LOW
j_hist_005274,17.04,19,27.2,20,1,1,1,74.67,HEAVY_DELAY,LOW
j_hist_005275,8.73,11,41.0,9,0,0,1,25.93,SLIGHT_DELAY,HIGH
j_hist_005276,6.65,8,23.9,13,1,0,0,21.32,ON_TIME,MEDIUM
j_hist_005277,12.31,16,34.7,5,0,0,0,32.27,ON_TIME,LOW
j_hist_005278,32.96,35,21.2,20,1,0,0,119.17,ON_TIME,LOW
j_hist_005279,12.66,19,28.2,7,0,0,1,51.02,MODERATE_DELAY,LOW
j_hist_005280,34.6,49,29.5,8,0,0,2,160.85,HEAVY_DELAY,HIGH
j_hist_005281,17.5,24,23.2,16,0,2,1,102.16,HEAVY_DELAY,MEDIUM
j_hist_005282,7.09,11,27.2,11,0,0,1,31.49,MODERATE_DELAY,MEDIUM
j_hist_005283,31.3,35,21.8,19,1,1,1,163.42,HEAVY_DELAY,HIGH
j_hist_005284,16.65,20,14.2,19,0,0,0,84.31,ON_TIME,HIGH
j_hist_005285,25.13,33,20.0,9,1,0,0,99.01,ON_TIME,HIGH
j_hist_005286,34.45,43,33.6,6,1,1,1,135.01,HEAVY_DELAY,LOW
j_hist_005287,2.71,5,35.6,16,0,0,2,11.68,SLIGHT_DELAY,MEDIUM
j_hist_005288,4.29,7,21.8,9,1,2,0,21.67,SLIGHT_DELAY,HIGH
j_hist_005289,25.5,37,25.4,7,0,2,0,114.0,HEAVY_DELAY,LOW
j_hist_005290,10.58,12,15.0,10,0,1,0,57.43,SLIGHT_DELAY,HIGH
j_hist_005291,7.27,11,20.6,17,1,0,2,43.46,MODERATE_DELAY,HIGH
j_hist_005292,2.34,4,35.8,19,1,2,0,7.21,ON_TIME,HIGH
j_hist_005293,1.74,4,31.0,8,0,0,1,8.0,ON_TIME,HIGH
j_hist_005294,27.33,29,19.8,11,1,2,1,173.88,HEAVY_DELAY,MEDIUM
j_hist_005295,5.57,9,21.2,22,0,0,1,27.18,SLIGHT_DELAY,LOW
j_hist_005296,16.9,24,36.9,11,1,0,0,43.88,ON_TIME,MEDIUM
j_hist_005297,21.6,22,19.9,16,0,1,0,91.22,MODERATE_DELAY,MEDIUM
j_hist_005298,15.56,20,23.4,15,0,0,0,54.46,ON_TIME,MEDIUM
j_hist_005299,1.92,3,32.6,16,0,1,1,7.73,ON_TIME,MEDIUM
j_hist_005300,27.64,40,29.7,19,0,0,1,106.53,HEAVY_DELAY,HIGH
j_hist_005301,1.36,3,26.9,12,1,0,1,9.12,SLIGHT_DELAY,MEDIUM
j_hist_005302,26.9,27,39.2,15,0,0,0,61.59,ON_TIME,MEDIUM
j_hist_005303,31.37,34,20.2,22,0,0,1,150.47,HEAVY_DELAY,LOW
j_hist_005304,15.72,20,34.8,14,0,0,1,54.11,MODERATE_DELAY,MEDIUM
j_hist_005305,19.21,18,18.5,12,0,0,0,74.2,ON_TIME,MEDIUM
j_hist_005306,17.22,22,31.2,10,0,0,2,75.83,HEAVY_DELAY,HIGH
j_hist_005307,14.23,21,38.4,7,0,0,1,47.4,MODERATE_DELAY,LOW
j_hist_005308,31.17,42,26.8,16,0,0,1,124.5,HEAVY_DELAY,MEDIUM
j_hist_005309,31.39,28,34.3,21,0,0,1,93.87,HEAVY_DELAY,LOW
j_hist_005310,12.42,19,37.0,7,0,1,1,51.19,HEAVY_DELAY,LOW
j_hist_005311,21.91,28,17.8,22,0,1,0,108.75,MODERATE_DELAY,LOW
j_hist_005312,32.51,31,33.8,16,1,2,0,104.68,HEAVY_DELAY,MEDIUM
j_hist_005313,33.71,29,39.8,20,0,0,1,92.14,HEAVY_DELAY,LOW
j_hist_005314,18.3,18,30.1,14,0,0,0,51.93,ON_TIME,MEDIUM
j_hist_005315,16.4,23,19.2,13,0,0,2,103.31,HEAVY_DELAY,MEDIUM
j_hist_005316,10.48,10,17.6,18,1,1,0,49.31,SLIGHT_DELAY,HIGH
j_hist_005317,33.6,33,21.3,18,0,0,0,121.22,ON_TIME,HIGH
j_hist_005318,5.86,9,16.9,8,0,0,0,24.75,ON_TIME,HIGH
j_hist_005319,20.71,25,28.4,19,1,1,2,108.08,HEAVY_DELAY,HIGH
j_hist_005320,10.61,15,16.0,6,0,1,0,60.4,MODERATE_DELAY,LOW
j_hist_005321,10.49,15,20.3,22,0,1,2,74.81,HEAVY_DELAY,LOW
j_hist_005322,14.77,14,26.3,6,0,0,1,57.85,MODERATE_DELAY,LOW
j_hist_005323,34.96,48,27.3,22,1,0,0,114.79,ON_TIME,LOW
j_hist_005324,2.87,4,29.8,12,0,0,0,9.27,ON_TIME,MEDIUM
j_hist_005325,20.67,25,33.8,14,0,0,0,54.18,ON_TIME,MEDIUM
j_hist_005326,3.81,6,15.3,8,0,0,0,19.07,ON_TIME,HIGH
j_hist_005327,6.25,7,16.3,14,0,0,2,42.17,MODERATE_DELAY,MEDIUM
j_hist_005328,15.95,24,15.7,14,1,0,1,97.42,HEAVY_DELAY,MEDIUM
j_hist_005329,18.36,22,25.8,7,1,1,0,63.65,SLIGHT_DELAY,LOW
j_hist_005330,9.8,10,15.2,8,0,0,1,57.86,MODERATE_DELAY,HIGH
j_hist_005331,11.76,18,34.9,14,0,2,2,64.31,HEAVY_DELAY,MEDIUM
j_hist_005332,3.96,6,20.2,11,1,1,0,18.96,SLIGHT_DELAY,MEDIUM
j_hist_005333,11.31,15,40.3,16,0,1,1,38.45,MODERATE_DELAY,MEDIUM
j_hist_005334,33.86,39,27.6,11,0,0,1,126.41,HEAVY_DELAY,MEDIUM
j_hist_005335,33.12,45,26.5,17,0,0,0,107.95,ON_TIME,HIGH
j_hist_005336,12.39,12,35.9,12,0,0,2,45.98,HEAVY_DELAY,MEDIUM
j_hist_005337,20.41,21,34.0,17,0,0,0,52.06,ON_TIME,HIGH
j_hist_005338,31.93,36,31.0,5,0,0,0,89.68,ON_TIME,LOW
j_hist_005339,1.21,3,40.2,20,0,0,2,5.0,ON_TIME,LOW
j_hist_005340,28.56,36,25.8,17,0,1,1,134.36,HEAVY_DELAY,HIGH
j_hist_005341,33.24,36,36.6,11,0,0,0,80.11,ON_TIME,MEDIUM
j_hist_005342,4.11,5,24.6,19,1,1,0,17.57,SLIGHT_DELAY,HIGH
j_hist_005343,6.49,7,37.5,10,1,2,1,27.23,MODERATE_DELAY,HIGH
j_hist_005344,33.67,43,21.3,8,0,2,0,164.59,HEAVY_DELAY,HIGH
j_hist_005345,19.28,27,22.1,15,0,0,0,74.93,SLIGHT_DELAY,MEDIUM
j_hist_005346,1.48,3,33.0,6,1,0,0,5.0,ON_TIME,LOW
j_hist_005347,9.76,13,20.0,21,1,0,0,41.5,SLIGHT_DELAY,LOW
j_hist_005348,16.3,17,20.4,19,0,0,0,58.88,ON_TIME,HIGH
j_hist_005349,24.56,30,22.5,22,0,0,1,108.06,HEAVY_DELAY,LOW
j_hist_005350,25.93,22,33.0,16,0,2,0,83.55,HEAVY_DELAY,MEDIUM
j_hist_005351,34.84,40,38.9,7,0,2,1,134.86,HEAVY_DELAY,LOW
j_hist_005352,10.78,14,32.9,21,0,0,0,30.77,ON_TIME,LOW
j_hist_005353,19.3,28,37.2,18,0,1,0,58.43,SLIGHT_DELAY,HIGH
j_hist_005354,19.13,21,29.2,10,1,0,0,53.18,ON_TIME,HIGH
j_hist_005355,14.79,20,15.9,8,0,0,0,72.16,ON_TIME,HIGH
j_hist_005356,6.75,9,16.8,12,0,1,0,38.57,MODERATE_DELAY,MEDIUM
j_hist_005357,34.23,48,29.5,7,1,0,0,105.37,ON_TIME,LOW
j_hist_005358,30.01,33,23.2,12,0,1,1,148.22,HEAVY_DELAY,MEDIUM
j_hist_005359,17.94,19,20.2,17,0,2,0,87.62,HEAVY_DELAY,HIGH
j_hist_005360,21.51,30,27.1,19,1,0,0,71.13,ON_TIME,HIGH
j_hist_005361,8.73,9,32.7,11,0,2,0,24.85,SLIGHT_DELAY,MEDIUM
j_hist_005362,19.49,19,24.8,7,0,0,2,91.28,HEAVY_DELAY,LOW
j_hist_005363,24.63,22,36.5,14,0,0,1,74.25,HEAVY_DELAY,MEDIUM
j_hist_005364,18.52,26,34.7,20,0,0,1,65.03,MODERATE_DELAY,LOW
j_hist_005365,34.67,29,34.6,18,0,1,0,94.11,MODERATE_DELAY,HIGH
j_hist_005366,21.79,30,41.6,12,0,1,1,78.41,HEAVY_DELAY,MEDIUM
j_hist_005367,13.61,16,22.3,15,0,1,0,57.36,MODERATE_DELAY,MEDIUM
j_hist_005368,27.25,23,32.1,6,1,0,1,82.11,MODERATE_DELAY,LOW
j_hist_005369,6.8,9,38.0,9,1,0,1,21.46,SLIGHT_DELAY,HIGH
j_hist_005370,14.07,14,30.2,15,0,0,1,46.16,MODERATE_DELAY,MEDIUM
j_hist_005371,12.8,17,36.1,11,0,0,0,37.23,SLIGHT_DELAY,MEDIUM
j_hist_005372,15.68,20,25.6,12,0,0,0,49.48,ON_TIME,MEDIUM
j_hist_005373,27.58,32,30.5,21,0,0,0,77.92,ON_TIME,LOW
j_hist_005374,17.46,16,15.6,16,1,0,1,100.11,HEAVY_DELAY,MEDIUM
j_hist_005375,28.0,35,41.6,22,1,0,0,67.56,ON_TIME,LOW
j_hist_005376,20.6,28,36.4,11,0,0,2,80.82,HEAVY_DELAY,MEDIUM
j_hist_005377,12.63,17,38.3,13,0,0,2,47.26,MODERATE_DELAY,MEDIUM
j_hist_005378,28.54,39,33.4,18,0,1,1,114.5,HEAVY_DELAY,HIGH
j_hist_005379,9.1,10,19.2,22,1,1,0,40.56,SLIGHT_DELAY,LOW
j_hist_005380,8.63,13,14.9,19,0,1,0,50.61,SLIGHT_DELAY,HIGH
j_hist_005381,18.15,20,38.2,8,0,1,0,51.02,MODERATE_DELAY,HIGH
j_hist_005382,9.87,9,25.1,17,1,0,0,29.44,ON_TIME,HIGH
j_hist_005383,1.31,3,21.4,9,1,0,2,9.33,SLIGHT_DELAY,HIGH
j_hist_005384,23.04,33,29.7,16,0,0,1,88.06,HEAVY_DELAY,MEDIUM
j_hist_005385,18.38,23,25.8,21,0,0,0,60.69,ON_TIME,LOW
j_hist_005386,16.15,17,32.2,14,0,1,0,49.68,SLIGHT_DELAY,MEDIUM
j_hist_005387,33.88,34,27.5,16,0,1,0,113.7,MODERATE_DELAY,MEDIUM
j_hist_005388,20.42,24,33.5,10,0,0,0,53.28,ON_TIME,HIGH
j_hist_005389,30.36,42,37.9,16,0,0,0,78.75,ON_TIME,MEDIUM
j_hist_005390,5.74,7,19.5,17,0,0,1,27.48,SLIGHT_DELAY,HIGH
j_hist_005391,20.35,28,23.2,21,0,0,1,92.08,HEAVY_DELAY,LOW
j_hist_005392,30.51,31,26.2,14,1,1,0,108.2,HEAVY_DELAY,MEDIUM
j_hist_005393,20.83,28,40.9,9,0,1,0,59.99,MODERATE_DELAY,HIGH
j_hist_005394,25.41,36,24.2,9,0,0,1,113.65,HEAVY_DELAY,HIGH
j_hist_005395,13.65,16,24.7,12,1,2,0,57.18,MODERATE_DELAY,MEDIUM
j_hist_005396,4.14,6,32.3,21,1,0,0,12.15,ON_TIME,LOW
j_hist_005397,16.57,23,25.7,7,0,0,1,68.84,MODERATE_DELAY,LOW
j_hist_005398,14.41,18,40.6,20,0,1,1,50.08,HEAVY_DELAY,LOW
j_hist_005399,30.48,38,39.0,10,0,2,2,147.84,HEAVY_DELAY,HIGH
j_hist_005400,9.3,12,28.4,14,0,2,1,45.87,HEAVY_DELAY,MEDIUM
j_hist_005401,33.87,32,32.1,20,1,0,2,128.73,HEAVY_DELAY,LOW
j_hist_005402,33.58,45,15.6,17,0,0,2,180.0,HEAVY_DELAY,HIGH
j_hist_005403,9.42,10,33.5,7,0,0,0,21.32,ON_TIME,LOW
j_hist_005404,12.83,19,33.8,12,1,1,0,42.63,SLIGHT_DELAY,MEDIUM
j_hist_005405,31.45,31,24.1,12,1,1,0,116.29,MODERATE_DELAY,MEDIUM
j_hist_005406,33.87,44,20.2,11,0,1,1,180.0,HEAVY_DELAY,MEDIUM
j_hist_005407,16.08,17,39.6,15,1,0,2,53.44,HEAVY_DELAY,MEDIUM
j_hist_005408,11.91,13,25.9,7,0,1,1,52.75,HEAVY_DELAY,LOW
j_hist_005409,18.89,20,32.3,11,0,2,0,64.91,MODERATE_DELAY,MEDIUM
j_hist_005410,24.38,32,14.9,15,1,0,1,152.11,HEAVY_DELAY,MEDIUM
j_hist_005411,10.3,13,25.6,21,0,0,2,52.2,HEAVY_DELAY,LOW
j_hist_005412,26.04,36,36.9,22,0,0,0,68.07,ON_TIME,LOW
j_hist_005413,2.76,4,24.9,13,0,0,0,9.59,ON_TIME,MEDIUM
j_hist_005414,2.68,5,30.9,17,1,1,0,11.95,SLIGHT_DELAY,HIGH
j_hist_005415,14.13,19,19.9,19,1,0,1,72.65,HEAVY_DELAY,HIGH
j_hist_005416,13.02,13,25.7,19,0,0,2,61.66,HEAVY_DELAY,HIGH
j_hist_005417,11.73,14,40.0,11,0,0,1,34.81,SLIGHT_DELAY,MEDIUM
j_hist_005418,17.69,21,29.9,7,0,0,1,63.97,MODERATE_DELAY,LOW
j_hist_005419,11.9,14,39.3,12,0,0,1,35.49,SLIGHT_DELAY,MEDIUM
j_hist_005420,7.54,9,39.3,17,0,0,1,23.82,SLIGHT_DELAY,HIGH
j_hist_005421,11.52,15,40.4,20,0,1,1,39.29,MODERATE_DELAY,LOW
j_hist_005422,34.15,33,39.1,7,0,0,0,78.17,ON_TIME,LOW
j_hist_005423,14.98,20,14.1,5,0,2,2,152.18,HEAVY_DELAY,LOW
j_hist_005424,16.12,23,40.2,7,0,0,0,42.26,ON_TIME,LOW
j_hist_005425,20.6,25,17.8,20,0,0,1,110.97,HEAVY_DELAY,LOW
j_hist_005426,34.43,42,15.1,5,1,0,1,180.0,MODERATE_DELAY,LOW
j_hist_005427,9.21,9,15.6,22,0,0,2,64.35,HEAVY_DELAY,LOW
j_hist_005428,24.16,33,23.8,18,0,0,0,86.39,ON_TIME,HIGH
j_hist_005429,25.34,26,31.4,11,1,0,2,105.17,HEAVY_DELAY,MEDIUM
j_hist_005430,21.65,27,25.3,7,0,0,0,69.67,ON_TIME,LOW
j_hist_005431,4.01,7,14.7,20,0,0,0,23.66,SLIGHT_DELAY,LOW
j_hist_005432,24.01,29,27.3,10,0,0,1,95.75,HEAVY_DELAY,HIGH
j_hist_005433,3.18,5,26.4,22,0,0,0,10.45,ON_TIME,LOW
j_hist_005434,21.27,24,35.2,17,0,0,0,55.69,ON_TIME,HIGH
j_hist_005435,26.15,23,21.8,6,0,2,1,147.37,HEAVY_DELAY,LOW
j_hist_005436,8.17,12,20.1,16,1,0,2,50.04,HEAVY_DELAY,MEDIUM
j_hist_005437,29.62,26,21.2,8,0,0,1,129.15,HEAVY_DELAY,HIGH
j_hist_005438,2.03,4,22.5,13,0,0,2,11.4,SLIGHT_DELAY,MEDIUM
j_hist_005439,29.69,26,30.8,9,0,1,0,92.47,HEAVY_DELAY,HIGH
j_hist_005440,16.65,23,27.2,14,0,0,1,69.35,HEAVY_DELAY,MEDIUM
j_hist_005441,8.4,9,23.4,10,0,0,2,40.97,MODERATE_DELAY,HIGH
j_hist_005442,5.55,8,24.5,5,0,1,1,29.35,MODERATE_DELAY,LOW
j_hist_005443,33.41,40,24.4,9,0,1,1,160.98,HEAVY_DELAY,HIGH
j_hist_005444,3.47,5,41.2,10,0,0,0,6.55,ON_TIME,HIGH
j_hist_005445,7.77,9,20.5,15,1,0,2,48.52,HEAVY_DELAY,MEDIUM
j_hist_005446,12.83,15,36.9,19,0,1,2,54.08,HEAVY_DELAY,HIGH
j_hist_005447,22.09,23,33.8,6,0,0,1,69.96,MODERATE_DELAY,LOW
j_hist_005448,19.52,22,14.2,19,0,0,0,98.96,ON_TIME,HIGH
j_hist_005449,5.27,7,41.8,11,1,1,1,17.71,SLIGHT_DELAY,MEDIUM
j_hist_005450,10.85,14,35.2,21,1,2,0,37.61,MODERATE_DELAY,LOW
j_hist_005451,9.12,10,33.1,16,1,0,1,31.63,MODERATE_DELAY,MEDIUM
j_hist_005452,8.26,13,25.3,16,1,0,0,28.92,ON_TIME,MEDIUM
j_hist_005453,14.98,18,29.5,9,1,0,1,55.85,MODERATE_DELAY,HIGH
j_hist_005454,24.94,24,21.1,11,1,0,1,111.42,HEAVY_DELAY,MEDIUM
j_hist_005455,8.39,11,15.0,6,0,0,0,40.03,ON_TIME,LOW
j_hist_005456,13.47,19,37.4,17,0,1,0,41.99,SLIGHT_DELAY,HIGH
j_hist_005457,14.29,13,39.1,13,1,0,1,39.44,MODERATE_DELAY,MEDIUM
j_hist_005458,34.2,43,18.5,19,1,0,2,180.0,HEAVY_DELAY,HIGH
j_hist_005459,33.46,39,36.0,19,1,0,0,83.19,ON_TIME,HIGH
j_hist_005460,28.2,27,34.8,5,0,0,2,104.61,HEAVY_DELAY,LOW
j_hist_005461,9.22,13,19.0,7,1,0,1,52.31,MODERATE_DELAY,LOW
j_hist_005462,3.31,5,25.8,5,1,0,2,17.43,SLIGHT_DELAY,LOW
j_hist_005463,11.77,13,25.8,17,0,0,1,41.78,SLIGHT_DELAY,HIGH
j_hist_005464,10.07,15,35.3,19,0,0,2,43.22,MODERATE_DELAY,HIGH
j_hist_005465,18.2,23,37.5,17,1,1,1,64.37,HEAVY_DELAY,HIGH
j_hist_005466,27.44,38,16.7,22,0,0,2,180.0,HEAVY_DELAY,LOW
j_hist_005467,30.18,37,29.8,21,0,1,1,130.21,HEAVY_DELAY,LOW
j_hist_005468,29.73,38,35.3,5,0,0,1,97.65,HEAVY_DELAY,LOW
j_hist_005469,13.23,19,36.0,19,0,0,2,55.16,HEAVY_DELAY,HIGH
j_hist_005470,24.37,22,18.1,8,1,0,0,97.03,ON_TIME,HIGH
j_hist_005471,11.64,16,28.7,6,0,0,0,36.72,ON_TIME,LOW
j_hist_005472,3.07,5,38.0,12,0,0,2,10.4,ON_TIME,MEDIUM
j_hist_005473,24.85,22,22.9,20,0,0,0,81.96,ON_TIME,LOW
j_hist_005474,1.33,3,25.9,12,1,0,2,9.88,SLIGHT_DELAY,MEDIUM
j_hist_005475,14.91,14,36.5,14,1,0,1,41.8,SLIGHT_DELAY,MEDIUM
j_hist_005476,12.2,17,16.5,20,0,1,1,84.0,HEAVY_DELAY,LOW
j_hist_005477,24.57,29,38.1,9,1,0,1,74.22,MODERATE_DELAY,HIGH
j_hist_005478,27.05,39,22.7,10,0,1,0,117.27,HEAVY_DELAY,HIGH
j_hist_005479,11.34,12,14.0,14,0,1,0,64.91,MODERATE_DELAY,MEDIUM
j_hist_005480,28.6,35,20.6,9,0,0,1,135.53,HEAVY_DELAY,HIGH
j_hist_005481,10.99,12,16.5,17,1,0,0,49.94,ON_TIME,HIGH
j_hist_005482,16.18,20,16.6,19,0,0,1,92.54,HEAVY_DELAY,HIGH
j_hist_005483,25.72,33,33.4,12,1,2,0,90.02,HEAVY_DELAY,MEDIUM
j_hist_005484,24.56,32,20.0,15,0,0,2,148.07,HEAVY_DELAY,MEDIUM
j_hist_005485,34.57,46,40.2,5,0,0,0,84.2,ON_TIME,LOW
j_hist_005486,8.66,13,28.5,8,0,0,0,27.33,ON_TIME,HIGH
j_hist_005487,23.52,21,26.9,17,1,1,2,118.03,HEAVY_DELAY,HIGH
j_hist_005488,21.73,23,26.2,11,0,0,1,82.71,HEAVY_DELAY,MEDIUM
j_hist_005489,32.11,40,33.4,11,0,0,0,88.99,ON_TIME,MEDIUM
j_hist_005490,6.32,8,26.7,10,1,1,0,24.13,SLIGHT_DELAY,HIGH
j_hist_005491,26.56,26,17.6,12,0,2,0,143.04,HEAVY_DELAY,MEDIUM
j_hist_005492,20.32,24,38.6,16,1,2,2,93.19,HEAVY_DELAY,MEDIUM
j_hist_005493,10.34,12,26.0,22,0,0,1,42.94,MODERATE_DELAY,LOW
j_hist_005494,17.13,19,16.1,19,0,1,0,90.07,MODERATE_DELAY,HIGH
j_hist_005495,12.35,17,28.8,20,0,2,1,61.76,HEAVY_DELAY,LOW
j_hist_005496,20.7,23,32.1,5,0,0,0,56.08,ON_TIME,LOW
j_hist_005497,31.23,27,21.7,14,0,0,1,134.69,HEAVY_DELAY,MEDIUM
j_hist_005498,20.36,18,36.4,19,0,0,1,59.32,MODERATE_DELAY,HIGH
j_hist_005499,22.48,31,32.8,17,0,0,1,80.91,HEAVY_DELAY,HIGH
j_hist_005500,18.64,27,32.2,17,0,2,2,104.77,HEAVY_DELAY,HIGH
j_hist_005501,2.74,5,25.8,13,0,2,2,17.21,MODERATE_DELAY,MEDIUM
j_hist_005502,8.92,11,40.9,20,1,2,0,27.37,SLIGHT_DELAY,LOW
j_hist_005503,17.73,26,21.7,18,0,0,0,69.47,ON_TIME,HIGH
j_hist_005504,11.55,15,30.2,13,0,1,1,50.89,HEAVY_DELAY,MEDIUM
j_hist_005505,7.18,11,22.7,22,0,1,0,33.66,SLIGHT_DELAY,LOW
j_hist_005506,18.14,24,34.9,8,0,0,0,52.57,SLIGHT_DELAY,HIGH
j_hist_005507,11.98,14,15.3,16,0,1,2,98.57,HEAVY_DELAY,MEDIUM
j_hist_005508,9.78,12,15.3,9,0,2,2,93.04,HEAVY_DELAY,HIGH
j_hist_005509,16.78,17,36.7,15,0,2,2,78.65,HEAVY_DELAY,MEDIUM
j_hist_005510,5.53,7,26.2,9,0,0,1,21.6,SLIGHT_DELAY,HIGH
j_hist_005511,32.54,43,23.6,11,0,0,1,145.67,HEAVY_DELAY,MEDIUM
j_hist_005512,30.5,42,31.0,8,0,2,0,118.99,HEAVY_DELAY,HIGH
j_hist_005513,25.06,32,33.7,12,1,0,2,102.79,HEAVY_DELAY,MEDIUM
j_hist_005514,4.61,6,19.6,10,0,0,0,17.24,ON_TIME,HIGH
j_hist_005515,27.38,25,19.2,10,0,0,0,102.58,ON_TIME,HIGH
j_hist_005516,28.47,25,40.8,8,0,0,0,59.56,ON_TIME,HIGH
j_hist_005517,27.1,29,30.5,18,0,0,1,94.31,HEAVY_DELAY,HIGH
j_hist_005518,4.87,7,24.9,7,1,1,2,28.39,MODERATE_DELAY,LOW
j_hist_005519,22.89,28,36.4,14,1,0,0,59.0,ON_TIME,MEDIUM
j_hist_005520,29.37,25,28.7,10,1,0,0,79.63,ON_TIME,HIGH
j_hist_005521,20.63,30,20.8,22,0,2,0,106.41,HEAVY_DELAY,LOW
j_hist_005522,22.98,25,19.8,14,1,1,1,127.67,HEAVY_DELAY,MEDIUM
j_hist_005523,16.58,23,25.1,13,0,1,1,81.51,HEAVY_DELAY,MEDIUM
j_hist_005524,18.98,23,38.1,20,0,0,0,45.49,ON_TIME,LOW
j_hist_005525,2.17,3,15.7,8,0,1,0,11.36,ON_TIME,HIGH
j_hist_005526,22.72,31,20.1,15,0,0,0,92.09,ON_TIME,MEDIUM
j_hist_005527,3.77,6,39.0,16,0,0,2,15.88,SLIGHT_DELAY,MEDIUM
j_hist_005528,15.79,19,17.4,14,0,1,0,79.08,MODERATE_DELAY,MEDIUM
j_hist_005529,10.95,14,31.6,11,0,0,0,30.99,ON_TIME,MEDIUM
j_hist_005530,19.54,18,20.0,11,0,0,1,88.95,HEAVY_DELAY,MEDIUM
j_hist_005531,5.54,8,31.0,22,0,1,1,21.87,SLIGHT_DELAY,LOW
j_hist_005532,24.52,35,24.7,7,1,0,1,107.63,HEAVY_DELAY,LOW
j_hist_005533,28.03,25,16.8,16,0,0,1,147.93,HEAVY_DELAY,MEDIUM
j_hist_005534,6.55,8,30.3,18,1,0,0,19.35,ON_TIME,HIGH
j_hist_005535,4.55,8,33.1,6,1,0,0,15.6,ON_TIME,LOW
j_hist_005536,5.95,7,33.0,13,0,0,1,18.48,SLIGHT_DELAY,MEDIUM
j_hist_005537,30.82,38,31.8,14,0,0,0,81.94,ON_TIME,MEDIUM
j_hist_005538,18.96,23,28.0,10,0,0,1,73.17,HEAVY_DELAY,HIGH
j_hist_005539,16.89,21,28.5,21,0,0,1,66.06,MODERATE_DELAY,LOW
j_hist_005540,4.63,6,31.8,19,1,0,2,19.61,SLIGHT_DELAY,HIGH
j_hist_005541,23.08,24,33.3,5,0,1,1,85.48,HEAVY_DELAY,LOW
j_hist_005542,30.51,27,32.3,17,1,0,0,76.25,ON_TIME,HIGH
j_hist_005543,29.16,38,30.4,14,0,0,0,86.82,ON_TIME,MEDIUM
j_hist_005544,22.29,29,18.4,16,1,0,0,92.69,ON_TIME,MEDIUM
j_hist_005545,3.56,6,19.9,20,0,0,1,20.95,SLIGHT_DELAY,LOW
j_hist_005546,4.82,7,21.3,6,1,1,0,21.86,SLIGHT_DELAY,LOW
j_hist_005547,2.68,4,39.8,7,1,1,1,9.75,SLIGHT_DELAY,LOW
j_hist_005548,9.75,9,35.3,12,0,0,1,28.27,SLIGHT_DELAY,MEDIUM
j_hist_005549,5.61,9,29.5,19,0,0,1,24.11,SLIGHT_DELAY,HIGH
j_hist_005550,9.84,12,21.1,22,0,0,1,45.97,MODERATE_DELAY,LOW
j_hist_005551,14.09,15,17.1,5,1,0,0,62.89,SLIGHT_DELAY,LOW
j_hist_005552,33.06,30,39.2,6,0,0,0,74.4,ON_TIME,LOW
j_hist_005553,21.75,20,39.0,9,0,0,2,74.69,HEAVY_DELAY,HIGH
j_hist_005554,29.39,31,17.1,22,0,0,2,180.0,HEAVY_DELAY,LOW
j_hist_005555,25.15,34,36.3,20,0,0,0,67.82,ON_TIME,LOW
j_hist_005556,4.83,8,26.5,14,0,1,2,29.5,MODERATE_DELAY,MEDIUM
j_hist_005557,26.02,36,23.1,7,0,0,1,117.92,HEAVY_DELAY,LOW
j_hist_005558,10.35,15,34.7,14,0,0,2,42.17,MODERATE_DELAY,MEDIUM
j_hist_005559,22.73,32,31.2,17,0,0,0,71.04,SLIGHT_DELAY,HIGH
j_hist_005560,12.59,16,35.8,14,0,0,0,32.28,ON_TIME,MEDIUM
j_hist_005561,34.92,34,16.1,15,0,0,0,156.82,ON_TIME,MEDIUM
j_hist_005562,9.96,14,22.9,11,0,0,1,47.38,MODERATE_DELAY,MEDIUM
j_hist_005563,10.49,11,22.9,6,0,1,1,50.24,MODERATE_DELAY,LOW
j_hist_005564,32.64,33,23.2,22,1,2,0,139.76,HEAVY_DELAY,LOW
j_hist_005565,1.84,3,28.1,15,0,0,0,6.81,ON_TIME,MEDIUM
j_hist_005566,24.69,29,21.9,21,0,0,0,88.65,ON_TIME,LOW
j_hist_005567,25.66,27,26.4,7,0,0,2,116.55,HEAVY_DELAY,LOW
j_hist_005568,29.44,28,24.3,16,0,0,0,92.89,ON_TIME,MEDIUM
j_hist_005569,34.13,38,34.6,6,0,0,2,132.09,HEAVY_DELAY,LOW
j_hist_005570,34.17,47,30.9,5,1,0,0,99.36,ON_TIME,LOW
j_hist_005571,3.22,5,32.3,13,0,1,0,10.91,ON_TIME,MEDIUM
j_hist_005572,28.94,40,19.9,12,0,0,1,144.82,HEAVY_DELAY,MEDIUM
j_hist_005573,22.97,23,23.1,13,1,0,0,78.98,SLIGHT_DELAY,MEDIUM
j_hist_005574,23.01,22,14.6,11,0,0,1,138.67,HEAVY_DELAY,MEDIUM
j_hist_005575,5.36,8,17.0,8,0,1,2,44.71,HEAVY_DELAY,HIGH
j_hist_005576,23.11,26,21.4,20,0,0,0,85.7,ON_TIME,LOW
j_hist_005577,34.4,43,15.8,10,0,0,0,162.77,ON_TIME,HIGH
j_hist_005578,32.0,42,30.9,22,1,0,2,141.55,HEAVY_DELAY,LOW
j_hist_005579,15.93,21,41.9,6,0,2,0,50.98,MODERATE_DELAY,LOW
j_hist_005580,2.36,5,16.8,15,0,1,1,19.01,SLIGHT_DELAY,MEDIUM
j_hist_005581,13.32,15,37.0,9,0,0,1,40.93,MODERATE_DELAY,HIGH
j_hist_005582,29.1,28,17.3,21,0,0,0,122.15,ON_TIME,LOW
j_hist_005583,24.85,30,32.8,9,1,0,0,66.46,ON_TIME,HIGH
j_hist_005584,16.62,16,32.0,7,0,1,0,48.35,SLIGHT_DELAY,LOW
j_hist_005585,2.87,4,39.3,12,1,1,1,11.57,SLIGHT_DELAY,MEDIUM
j_hist_005586,15.51,16,17.2,15,0,0,0,66.9,ON_TIME,MEDIUM
j_hist_005587,16.95,19,22.8,7,1,1,0,66.22,MODERATE_DELAY,LOW
j_hist_005588,32.57,30,16.5,7,0,2,0,180.0,HEAVY_DELAY,LOW
j_hist_005589,22.8,20,25.4,5,0,0,1,84.13,HEAVY_DELAY,LOW
j_hist_005590,11.6,15,39.5,17,1,0,2,41.11,MODERATE_DELAY,HIGH
j_hist_005591,18.86,23,35.9,14,0,0,0,49.13,ON_TIME,MEDIUM
j_hist_005592,3.25,5,34.2,10,1,0,0,8.44,ON_TIME,HIGH
j_hist_005593,34.07,42,28.9,15,0,0,0,102.55,ON_TIME,MEDIUM
j_hist_005594,13.24,13,38.7,12,0,0,0,29.6,ON_TIME,MEDIUM
j_hist_005595,17.25,18,26.6,15,1,0,1,64.47,MODERATE_DELAY,MEDIUM
j_hist_005596,13.08,13,18.2,10,1,0,0,54.76,ON_TIME,HIGH
j_hist_005597,24.21,33,37.5,16,1,2,1,104.32,HEAVY_DELAY,MEDIUM
j_hist_005598,23.52,31,21.8,22,1,0,1,108.98,HEAVY_DELAY,LOW
j_hist_005599,25.32,25,15.5,7,0,2,1,180.0,HEAVY_DELAY,LOW
j_hist_005600,10.12,12,17.5,17,0,2,0,55.19,MODERATE_DELAY,HIGH
j_hist_005601,11.73,18,31.1,8,1,0,0,34.62,ON_TIME,HIGH
j_hist_005602,5.26,8,31.0,13,0,0,0,14.74,ON_TIME,MEDIUM
j_hist_005603,23.29,31,21.3,20,1,0,1,110.26,HEAVY_DELAY,LOW
j_hist_005604,2.35,4,34.4,16,0,0,1,7.55,ON_TIME,MEDIUM
j_hist_005605,21.32,21,35.7,11,0,0,2,77.07,HEAVY_DELAY,MEDIUM
j_hist_005606,30.57,40,39.8,16,0,0,0,74.8,ON_TIME,MEDIUM
j_hist_005607,31.29,39,30.4,12,0,1,1,130.06,HEAVY_DELAY,MEDIUM
j_hist_005608,16.27,21,35.8,19,0,0,2,64.38,HEAVY_DELAY,HIGH
j_hist_005609,16.62,20,35.1,6,0,1,1,63.64,HEAVY_DELAY,LOW
j_hist_005610,3.62,6,21.2,15,1,0,0,15.23,ON_TIME,MEDIUM
j_hist_005611,23.81,31,22.7,9,0,0,1,109.6,HEAVY_DELAY,HIGH
j_hist_005612,28.92,29,27.4,10,0,0,1,106.21,HEAVY_DELAY,HIGH
j_hist_005613,9.32,11,14.5,18,1,0,0,46.43,ON_TIME,HIGH
j_hist_005614,15.32,22,22.3,11,1,0,1,74.34,HEAVY_DELAY,MEDIUM
j_hist_005615,29.52,31,27.3,16,0,0,0,89.47,ON_TIME,MEDIUM
j_hist_005616,30.82,36,17.0,21,1,0,1,171.06,HEAVY_DELAY,LOW
j_hist_005617,9.27,13,17.5,8,0,0,0,44.64,SLIGHT_DELAY,HIGH
j_hist_005618,19.72,29,27.0,14,1,0,0,64.23,ON_TIME,MEDIUM
j_hist_005619,7.54,10,34.5,5,1,1,0,21.23,ON_TIME,LOW
j_hist_005620,4.46,6,37.3,8,0,0,0,12.18,ON_TIME,HIGH
j_hist_005621,31.98,43,29.3,17,1,1,0,112.54,MODERATE_DELAY,HIGH
j_hist_005622,28.9,39,27.3,10,1,0,1,114.61,HEAVY_DELAY,HIGH
j_hist_005623,26.84,35,24.8,19,0,0,2,137.35,HEAVY_DELAY,HIGH
j_hist_005624,2.66,4,19.4,18,0,0,1,13.73,SLIGHT_DELAY,HIGH
j_hist_005625,29.69,31,18.1,7,0,0,2,180.0,HEAVY_DELAY,LOW
j_hist_005626,15.89,20,36.2,10,0,2,1,68.22,HEAVY_DELAY,HIGH
j_hist_005627,12.64,18,27.0,6,1,0,0,42.76,ON_TIME,LOW
j_hist_005628,19.58,28,36.1,13,0,0,0,54.52,ON_TIME,MEDIUM
j_hist_005629,4.11,5,33.7,17,0,0,0,7.23,ON_TIME,HIGH
j_hist_005630,26.73,30,19.4,22,1,0,0,106.15,ON_TIME,LOW
j_hist_005631,20.8,24,28.3,16,1,0,0,60.62,ON_TIME,MEDIUM
j_hist_005632,7.34,12,26.4,8,1,0,1,32.01,SLIGHT_DELAY,HIGH
j_hist_005633,7.4,10,25.9,11,0,0,0,25.19,ON_TIME,MEDIUM
j_hist_005634,7.26,9,29.2,16,0,0,2,34.01,MODERATE_DELAY,MEDIUM
j_hist_005635,2.94,4,41.5,15,0,0,0,6.74,ON_TIME,MEDIUM
j_hist_005636,20.99,25,36.8,11,0,0,1,66.38,MODERATE_DELAY,MEDIUM
j_hist_005637,29.57,27,39.3,14,0,0,1,81.28,HEAVY_DELAY,MEDIUM
j_hist_005638,1.59,4,14.8,13,1,2,0,12.29,SLIGHT_DELAY,MEDIUM
j_hist_005639,2.67,5,17.9,6,0,0,1,15.6,SLIGHT_DELAY,LOW
j_hist_005640,20.47,24,16.4,9,0,0,1,117.37,HEAVY_DELAY,HIGH
j_hist_005641,28.86,32,21.4,14,0,1,2,180.0,HEAVY_DELAY,MEDIUM
j_hist_005642,12.11,18,26.4,18,1,2,2,77.83,HEAVY_DELAY,HIGH
j_hist_005643,12.89,14,32.0,20,0,0,2,53.65,HEAVY_DELAY,LOW
j_hist_005644,21.28,22,28.0,6,0,0,0,63.53,ON_TIME,LOW
j_hist_005645,10.32,16,39.3,13,0,1,0,32.49,SLIGHT_DELAY,MEDIUM
j_hist_005646,1.9,4,40.3,18,0,0,0,10.54,SLIGHT_DELAY,HIGH
j_hist_005647,26.0,35,18.6,19,1,0,0,109.83,ON_TIME,HIGH
j_hist_005648,22.27,22,37.9,12,0,0,0,50.86,ON_TIME,MEDIUM
j_hist_005649,20.75,20,27.5,19,0,0,0,63.92,SLIGHT_DELAY,HIGH
j_hist_005650,26.22,23,26.7,12,1,1,1,106.87,HEAVY_DELAY,MEDIUM
j_hist_005651,23.96,24,36.0,8,0,0,0,55.59,ON_TIME,HIGH
j_hist_005652,8.0,12,16.6,10,0,1,2,66.58,HEAVY_DELAY,HIGH
j_hist_005653,12.98,14,38.7,15,0,0,0,31.02,ON_TIME,MEDIUM
j_hist_005654,5.29,8,32.8,16,0,0,0,13.75,ON_TIME,MEDIUM
j_hist_005655,5.42,7,38.5,13,1,0,0,14.92,ON_TIME,MEDIUM
j_hist_005656,23.99,26,41.8,22,0,2,0,69.58,HEAVY_DELAY,LOW
j_hist_005657,30.19,43,28.5,21,0,1,1,134.88,HEAVY_DELAY,LOW
j_hist_005658,33.73,33,16.6,7,0,1,2,180.0,HEAVY_DELAY,LOW
j_hist_005659,22.36,24,18.7,17,1,0,0,91.38,ON_TIME,HIGH
j_hist_005660,7.26,9,23.1,10,1,0,1,30.11,SLIGHT_DELAY,HIGH
j_hist_005661,4.59,5,16.9,18,1,1,1,26.62,SLIGHT_DELAY,HIGH
j_hist_005662,28.64,33,36.8,5,0,1,0,78.29,SLIGHT_DELAY,LOW
j_hist_005663,20.68,23,22.3,8,1,1,0,83.63,MODERATE_DELAY,HIGH
j_hist_005664,22.02,28,41.3,22,0,0,0,52.22,ON_TIME,LOW
j_hist_005665,27.57,37,33.7,15,0,1,0,87.48,MODERATE_DELAY,MEDIUM
j_hist_005666,24.91,30,18.9,15,1,0,2,154.21,HEAVY_DELAY,MEDIUM
j_hist_005667,29.37,26,27.3,12,1,0,2,125.21,HEAVY_DELAY,MEDIUM
j_hist_005668,2.91,5,27.1,8,1,2,1,14.56,SLIGHT_DELAY,HIGH
j_hist_005669,26.42,24,27.8,6,1,0,1,93.59,HEAVY_DELAY,LOW
j_hist_005670,29.93,37,29.0,5,1,1,1,129.31,HEAVY_DELAY,LOW
j_hist_005671,10.73,14,14.9,14,0,0,0,52.07,ON_TIME,MEDIUM
j_hist_005672,22.78,22,33.2,21,0,0,1,70.24,MODERATE_DELAY,LOW
j_hist_005673,11.68,17,27.6,11,0,0,0,39.63,ON_TIME,MEDIUM
j_hist_005674,33.57,47,36.1,11,0,0,0,88.51,ON_TIME,MEDIUM
j_hist_005675,2.14,4,36.8,17,1,1,0,5.98,ON_TIME,HIGH
j_hist_005676,20.71,22,20.5,5,1,0,0,75.93,ON_TIME,LOW
j_hist_005677,6.66,9,15.4,5,0,1,1,46.91,MODERATE_DELAY,LOW
j_hist_005678,25.22,36,33.7,17,1,0,0,72.73,ON_TIME,HIGH
j_hist_005679,6.98,8,41.4,5,0,2,1,26.65,MODERATE_DELAY,LOW
j_hist_005680,9.0,13,26.5,10,1,0,1,37.62,MODERATE_DELAY,HIGH
j_hist_005681,17.81,16,21.3,14,1,0,0,65.27,SLIGHT_DELAY,MEDIUM
j_hist_005682,32.1,27,18.4,5,0,2,1,180.0,HEAVY_DELAY,LOW
j_hist_005683,8.2,12,22.0,9,0,2,0,38.32,MODERATE_DELAY,HIGH
j_hist_005684,5.9,9,23.2,6,0,0,2,33.79,MODERATE_DELAY,LOW
j_hist_005685,26.81,36,25.9,7,1,2,0,115.8,HEAVY_DELAY,LOW
j_hist_005686,18.02,26,32.4,7,0,0,0,52.76,ON_TIME,LOW
j_hist_005687,32.0,29,21.6,22,0,2,1,178.92,HEAVY_DELAY,LOW
j_hist_005688,5.98,7,15.4,12,0,0,2,43.26,MODERATE_DELAY,MEDIUM
j_hist_005689,22.96,32,24.5,13,0,0,0,82.46,SLIGHT_DELAY,MEDIUM
j_hist_005690,8.92,10,38.0,6,1,1,2,39.51,HEAVY_DELAY,LOW
j_hist_005691,6.33,9,28.0,6,1,1,1,32.4,MODERATE_DELAY,LOW
j_hist_005692,24.24,29,41.0,20,0,0,1,72.57,HEAVY_DELAY,LOW
j_hist_005693,21.19,20,28.1,11,0,0,0,62.43,SLIGHT_DELAY,MEDIUM
j_hist_005694,26.66,27,21.7,8,0,1,1,135.85,HEAVY_DELAY,HIGH
j_hist_005695,11.52,14,19.4,9,0,0,1,57.07,MODERATE_DELAY,HIGH
j_hist_005696,16.23,23,33.4,5,0,1,2,82.77,HEAVY_DELAY,LOW
j_hist_005697,14.79,20,29.0,14,0,0,0,44.88,ON_TIME,MEDIUM
j_hist_005698,34.46,42,30.9,17,0,1,2,169.27,HEAVY_DELAY,HIGH
j_hist_005699,10.94,14,35.1,19,0,2,1,48.26,HEAVY_DELAY,HIGH
j_hist_005700,11.02,12,34.3,5,0,0,2,42.59,MODERATE_DELAY,LOW
j_hist_005701,13.05,13,15.2,22,0,1,0,68.76,MODERATE_DELAY,LOW
j_hist_005702,20.2,23,36.5,18,0,1,0,59.93,MODERATE_DELAY,HIGH
j_hist_005703,9.58,9,28.9,22,1,0,0,25.92,ON_TIME,LOW
j_hist_005704,32.12,31,25.0,16,0,0,2,152.44,HEAVY_DELAY,MEDIUM
j_hist_005705,10.03,12,29.1,16,1,1,0,34.26,SLIGHT_DELAY,MEDIUM
j_hist_005706,31.46,35,31.1,9,1,0,2,130.27,HEAVY_DELAY,HIGH
j_hist_005707,4.52,5,18.2,11,0,0,0,17.96,ON_TIME,MEDIUM
j_hist_005708,23.32,28,25.7,17,0,2,0,98.99,HEAVY_DELAY,HIGH
j_hist_005709,31.84,37,23.4,13,0,0,1,136.0,HEAVY_DELAY,MEDIUM
j_hist_005710,6.74,7,23.8,10,0,1,0,30.33,MODERATE_DELAY,HIGH
j_hist_005711,33.92,48,16.6,11,0,0,0,160.46,ON_TIME,MEDIUM
j_hist_005712,16.4,16,18.5,22,0,0,0,66.91,ON_TIME,LOW
j_hist_005713,33.15,45,18.5,19,1,0,0,139.37,ON_TIME,HIGH
j_hist_005714,24.01,21,24.5,12,0,0,0,75.98,ON_TIME,MEDIUM
j_hist_005715,11.25,16,39.0,20,0,0,0,29.92,ON_TIME,LOW
j_hist_005716,7.4,8,19.8,21,1,2,2,54.64,HEAVY_DELAY,LOW
j_hist_005717,11.33,16,25.7,7,1,1,1,58.46,HEAVY_DELAY,LOW
j_hist_005718,4.16,6,22.7,17,0,2,1,23.36,MODERATE_DELAY,HIGH
j_hist_005719,5.89,9,36.0,13,0,0,0,15.34,ON_TIME,MEDIUM
j_hist_005720,4.56,6,15.4,19,0,0,2,33.37,MODERATE_DELAY,HIGH
j_hist_005721,15.38,14,19.5,20,0,0,1,74.46,HEAVY_DELAY,LOW
j_hist_005722,28.05,37,19.9,20,1,0,0,111.59,ON_TIME,LOW
j_hist_005723,5.81,6,41.8,8,0,0,0,11.18,ON_TIME,HIGH
j_hist_005724,5.43,9,30.0,6,0,1,0,19.36,ON_TIME,LOW
j_hist_005725,22.88,21,17.9,10,0,1,0,105.42,MODERATE_DELAY,HIGH
j_hist_005726,7.7,10,21.6,17,0,0,1,36.42,MODERATE_DELAY,HIGH
j_hist_005727,4.32,7,18.7,19,0,0,2,27.72,MODERATE_DELAY,HIGH
j_hist_005728,6.67,8,17.5,14,1,0,2,42.5,MODERATE_DELAY,MEDIUM
j_hist_005729,32.41,32,36.3,14,0,2,0,100.55,HEAVY_DELAY,MEDIUM
j_hist_005730,28.93,38,27.9,8,0,1,1,128.48,HEAVY_DELAY,HIGH
j_hist_005731,13.04,18,31.7,18,0,0,0,39.67,ON_TIME,HIGH
j_hist_005732,23.3,33,23.3,12,1,2,2,165.1,HEAVY_DELAY,MEDIUM
j_hist_005733,19.27,21,29.5,10,1,0,2,81.36,HEAVY_DELAY,HIGH
j_hist_005734,24.02,28,21.2,16,1,1,0,102.72,MODERATE_DELAY,MEDIUM
j_hist_005735,24.21,26,22.6,12,1,0,1,105.21,HEAVY_DELAY,MEDIUM
j_hist_005736,22.38,23,32.3,10,1,2,1,95.2,HEAVY_DELAY,HIGH
j_hist_005737,10.05,14,18.2,19,0,0,1,53.64,MODERATE_DELAY,HIGH
j_hist_005738,2.33,4,31.3,18,0,1,0,8.97,ON_TIME,HIGH
j_hist_005739,16.49,19,37.9,7,0,0,1,47.87,MODERATE_DELAY,LOW
j_hist_005740,31.29,34,17.4,22,0,0,1,167.18,HEAVY_DELAY,LOW
j_hist_005741,20.36,26,39.1,14,1,0,0,50.48,ON_TIME,MEDIUM
j_hist_005742,29.3,41,16.2,18,0,0,0,140.34,ON_TIME,HIGH
j_hist_005743,34.72,43,23.8,18,0,0,2,180.0,HEAVY_DELAY,HIGH
j_hist_005744,6.56,9,31.1,11,0,1,0,23.17,SLIGHT_DELAY,MEDIUM
j_hist_005745,24.52,33,29.7,11,0,0,2,109.57,HEAVY_DELAY,MEDIUM
j_hist_005746,23.93,30,16.7,15,0,1,1,158.48,HEAVY_DELAY,MEDIUM
j_hist_005747,34.32,30,36.4,22,0,1,0,91.55,MODERATE_DELAY,LOW
j_hist_005748,34.51,31,41.2,14,0,0,1,89.62,HEAVY_DELAY,MEDIUM
j_hist_005749,24.35,22,19.1,19,1,0,2,137.71,HEAVY_DELAY,HIGH
j_hist_005750,9.28,11,39.1,16,0,0,1,28.12,SLIGHT_DELAY,MEDIUM
j_hist_005751,28.15,38,29.6,21,0,0,0,84.81,ON_TIME,LOW
j_hist_005752,4.64,6,40.2,21,1,0,0,13.68,SLIGHT_DELAY,LOW
j_hist_005753,27.54,30,18.9,5,0,1,0,127.18,HEAVY_DELAY,LOW
j_hist_005754,31.95,44,36.2,10,1,0,0,85.74,ON_TIME,HIGH
j_hist_005755,14.02,20,15.7,19,1,0,1,84.61,HEAVY_DELAY,HIGH
j_hist_005756,22.44,28,38.7,18,1,1,0,62.92,MODERATE_DELAY,HIGH
j_hist_005757,15.62,17,32.9,14,1,0,2,60.9,HEAVY_DELAY,MEDIUM
j_hist_005758,15.88,15,24.4,14,0,0,2,74.48,HEAVY_DELAY,MEDIUM
j_hist_005759,11.55,11,19.3,11,0,1,1,61.46,HEAVY_DELAY,MEDIUM
j_hist_005760,26.91,25,36.9,11,0,1,1,89.24,HEAVY_DELAY,MEDIUM
j_hist_005761,32.83,34,30.9,18,0,1,1,130.79,HEAVY_DELAY,HIGH
j_hist_005762,32.99,39,24.1,19,0,0,0,111.12,ON_TIME,HIGH
j_hist_005763,6.94,7,26.4,13,0,0,1,25.48,SLIGHT_DELAY,MEDIUM
j_hist_005764,30.74,29,37.1,19,1,1,0,81.81,MODERATE_DELAY,HIGH
j_hist_005765,26.07,25,23.5,13,0,0,1,106.26,HEAVY_DELAY,MEDIUM
j_hist_005766,9.6,13,16.5,11,0,0,1,56.22,MODERATE_DELAY,MEDIUM
j_hist_005767,3.29,5,39.5,15,0,1,0,11.4,SLIGHT_DELAY,MEDIUM
j_hist_005768,10.11,13,24.8,9,1,0,1,41.65,MODERATE_DELAY,HIGH
j_hist_005769,32.02,32,23.8,13,1,1,0,119.78,MODERATE_DELAY,MEDIUM
j_hist_005770,22.53,25,19.7,10,0,0,2,129.27,HEAVY_DELAY,HIGH
j_hist_005771,25.52,23,39.1,11,1,0,1,72.03,HEAVY_DELAY,MEDIUM
j_hist_005772,9.74,11,20.1,18,0,0,0,40.0,SLIGHT_DELAY,HIGH
j_hist_005773,25.46,36,31.8,15,0,1,1,107.69,HEAVY_DELAY,MEDIUM
j_hist_005774,1.96,4,38.7,11,0,0,1,8.51,SLIGHT_DELAY,MEDIUM
j_hist_005775,13.76,18,15.0,10,0,2,1,111.86,HEAVY_DELAY,HIGH
j_hist_005776,22.31,32,37.2,8,1,0,2,88.98,HEAVY_DELAY,HIGH
j_hist_005777,5.97,9,25.5,18,0,0,0,20.11,ON_TIME,HIGH
j_hist_005778,28.98,25,32.4,7,0,1,1,104.27,HEAVY_DELAY,LOW
j_hist_005779,8.99,14,24.4,21,1,2,0,43.49,MODERATE_DELAY,LOW
j_hist_005780,23.18,21,33.5,19,1,0,0,56.48,ON_TIME,HIGH
j_hist_005781,14.78,19,21.1,5,0,0,0,59.21,SLIGHT_DELAY,LOW
j_hist_005782,21.27,22,14.6,15,0,0,0,102.58,ON_TIME,MEDIUM
j_hist_005783,4.65,6,40.5,17,0,0,1,13.78,SLIGHT_DELAY,HIGH
j_hist_005784,1.58,3,14.5,7,0,0,2,13.85,SLIGHT_DELAY,LOW
j_hist_005785,31.93,35,37.1,17,1,0,0,75.81,ON_TIME,HIGH
j_hist_005786,10.17,11,18.7,22,0,0,1,49.9,MODERATE_DELAY,LOW
j_hist_005787,28.87,30,25.0,13,1,0,0,91.3,ON_TIME,MEDIUM
j_hist_005788,34.98,37,37.0,6,0,0,1,105.91,HEAVY_DELAY,LOW
j_hist_005789,8.19,13,19.8,12,0,0,2,54.67,HEAVY_DELAY,MEDIUM
j_hist_005790,10.02,14,38.2,6,1,0,0,26.36,ON_TIME,LOW
j_hist_005791,23.54,27,27.9,5,0,0,0,70.41,ON_TIME,LOW
j_hist_005792,33.83,33,24.3,7,0,0,0,108.99,ON_TIME,LOW
j_hist_005793,32.14,43,32.5,21,1,1,1,132.26,HEAVY_DELAY,LOW
j_hist_005794,18.1,18,23.6,11,0,2,0,77.14,HEAVY_DELAY,MEDIUM
j_hist_005795,28.03,27,23.7,14,0,0,2,137.59,HEAVY_DELAY,MEDIUM
j_hist_005796,5.62,7,34.5,13,0,1,0,17.63,SLIGHT_DELAY,MEDIUM
j_hist_005797,34.23,47,22.7,22,0,0,0,125.11,ON_TIME,LOW
j_hist_005798,33.79,31,19.6,19,1,1,0,145.12,HEAVY_DELAY,HIGH
j_hist_005799,6.57,7,36.6,21,1,2,1,26.99,MODERATE_DELAY,LOW
j_hist_005800,11.18,14,36.6,21,0,0,0,30.22,ON_TIME,LOW
j_hist_005801,4.41,6,27.9,13,1,0,0,12.48,ON_TIME,MEDIUM
j_hist_005802,10.24,13,28.7,10,0,1,1,45.89,MODERATE_DELAY,HIGH
j_hist_005803,28.74,32,33.5,12,1,0,0,76.3,ON_TIME,MEDIUM
j_hist_005804,13.86,16,28.3,10,1,2,2,79.9,HEAVY_DELAY,HIGH
j_hist_005805,4.01,5,25.7,21,0,0,2,21.88,MODERATE_DELAY,LOW
j_hist_005806,12.64,13,41.9,10,1,2,0,38.2,MODERATE_DELAY,HIGH
j_hist_005807,34.37,46,18.1,17,0,0,0,147.71,ON_TIME,HIGH
j_hist_005808,22.41,31,30.6,6,0,2,0,86.56,HEAVY_DELAY,LOW
j_hist_005809,15.15,16,38.8,16,0,1,2,60.64,HEAVY_DELAY,MEDIUM
j_hist_005810,6.66,7,33.2,11,1,1,1,24.88,MODERATE_DELAY,MEDIUM
j_hist_005811,34.53,30,38.7,10,1,0,1,92.83,HEAVY_DELAY,HIGH
j_hist_005812,28.91,35,23.4,21,0,0,1,124.3,HEAVY_DELAY,LOW
j_hist_005813,10.57,14,21.6,12,0,0,0,40.02,ON_TIME,MEDIUM
j_hist_005814,3.38,5,37.8,10,0,0,2,15.26,SLIGHT_DELAY,HIGH
j_hist_005815,2.93,5,25.0,13,0,2,2,19.73,MODERATE_DELAY,MEDIUM
j_hist_005816,5.09,8,33.9,20,0,0,2,20.75,SLIGHT_DELAY,LOW
j_hist_005817,20.75,30,18.1,22,0,0,0,91.23,ON_TIME,LOW
j_hist_005818,32.58,29,35.2,11,0,0,0,76.21,ON_TIME,MEDIUM
j_hist_005819,17.89,18,29.4,12,0,0,1,63.29,MODERATE_DELAY,MEDIUM
j_hist_005820,29.66,26,21.5,5,0,0,0,101.99,ON_TIME,LOW
j_hist_005821,16.16,23,27.8,17,0,0,0,50.73,ON_TIME,HIGH
j_hist_005822,25.09,34,33.5,5,1,0,1,88.1,HEAVY_DELAY,LOW
j_hist_005823,25.88,31,14.3,15,0,0,1,166.46,HEAVY_DELAY,MEDIUM
j_hist_005824,6.91,7,31.8,6,0,0,0,16.69,ON_TIME,LOW
j_hist_005825,13.28,14,29.2,7,0,0,0,38.14,ON_TIME,LOW
j_hist_005826,22.67,24,20.2,17,0,1,1,121.89,HEAVY_DELAY,HIGH
j_hist_005827,3.4,5,35.1,11,1,0,0,9.03,ON_TIME,MEDIUM
j_hist_005828,13.29,14,22.5,6,0,0,2,68.19,HEAVY_DELAY,LOW
j_hist_005829,19.18,18,21.8,6,0,0,0,64.43,ON_TIME,LOW
j_hist_005830,34.87,45,27.2,7,1,1,0,129.01,HEAVY_DELAY,LOW
j_hist_005831,17.13,18,32.9,17,1,0,1,57.27,MODERATE_DELAY,HIGH
j_hist_005832,28.75,32,40.0,16,1,1,0,74.51,MODERATE_DELAY,MEDIUM
j_hist_005833,15.69,15,18.0,5,0,0,1,78.88,HEAVY_DELAY,LOW
j_hist_005834,28.08,37,25.1,22,0,0,0,94.46,ON_TIME,LOW
j_hist_005835,21.24,26,15.9,9,0,0,0,101.78,ON_TIME,HIGH
j_hist_005836,31.14,43,35.2,14,0,1,1,120.11,HEAVY_DELAY,MEDIUM
j_hist_005837,14.97,18,26.5,10,0,0,0,48.0,ON_TIME,HIGH
j_hist_005838,21.55,31,33.8,22,1,0,1,75.37,MODERATE_DELAY,LOW
j_hist_005839,22.42,31,23.0,19,0,0,0,83.12,ON_TIME,HIGH
j_hist_005840,15.19,19,37.6,18,1,0,1,48.59,MODERATE_DELAY,HIGH
j_hist_005841,5.91,10,29.0,20,1,1,1,27.04,MODERATE_DELAY,LOW
j_hist_005842,4.18,6,40.4,8,1,2,2,20.23,MODERATE_DELAY,HIGH
j_hist_005843,1.57,3,16.2,12,0,0,1,10.03,ON_TIME,MEDIUM
j_hist_005844,30.7,27,28.4,5,0,0,1,104.25,HEAVY_DELAY,LOW
j_hist_005845,9.04,12,35.5,17,1,0,1,31.9,MODERATE_DELAY,HIGH
j_hist_005846,8.19,12,30.8,13,0,2,0,31.0,SLIGHT_DELAY,MEDIUM
j_hist_005847,26.03,34,14.6,5,0,0,1,165.07,HEAVY_DELAY,LOW
j_hist_005848,11.88,12,41.2,19,0,0,1,32.09,SLIGHT_DELAY,HIGH
j_hist_005849,18.21,21,22.4,19,1,0,0,63.26,ON_TIME,HIGH
j_hist_005850,6.53,7,21.0,18,0,0,1,29.16,SLIGHT_DELAY,HIGH
j_hist_005851,33.63,42,27.6,9,0,0,1,131.76,HEAVY_DELAY,HIGH
j_hist_005852,29.95,28,29.2,21,1,2,0,105.93,HEAVY_DELAY,LOW
j_hist_005853,30.37,42,35.5,10,1,1,0,94.54,MODERATE_DELAY,HIGH
j_hist_005854,14.83,15,25.0,13,0,2,0,63.32,HEAVY_DELAY,MEDIUM
j_hist_005855,26.92,28,26.3,21,0,0,1,101.78,HEAVY_DELAY,LOW
j_hist_005856,5.89,9,29.0,11,0,0,2,28.51,MODERATE_DELAY,MEDIUM
j_hist_005857,1.29,3,25.0,12,0,0,1,7.69,SLIGHT_DELAY,MEDIUM
j_hist_005858,1.68,3,39.6,19,1,0,1,6.13,ON_TIME,HIGH
j_hist_005859,20.94,24,37.8,10,1,0,0,48.35,ON_TIME,HIGH
j_hist_005860,16.48,16,26.7,5,1,0,1,61.8,MODERATE_DELAY,LOW
j_hist_005861,18.61,27,14.0,13,0,0,2,148.79,HEAVY_DELAY,MEDIUM
j_hist_005862,1.25,3,39.2,11,1,0,0,5.0,ON_TIME,MEDIUM
j_hist_005863,15.37,16,17.5,8,1,0,1,80.71,HEAVY_DELAY,HIGH
j_hist_005864,25.41,30,20.8,5,1,2,0,123.87,HEAVY_DELAY,LOW
j_hist_005865,16.05,15,18.3,13,1,0,0,67.14,SLIGHT_DELAY,MEDIUM
j_hist_005866,25.9,35,19.0,6,1,0,0,107.5,ON_TIME,LOW
j_hist_005867,8.92,14,36.5,20,0,0,0,24.93,ON_TIME,LOW
j_hist_005868,28.65,39,30.2,6,1,0,0,86.55,ON_TIME,LOW
j_hist_005869,21.01,23,40.8,7,0,2,1,76.31,HEAVY_DELAY,LOW
j_hist_005870,8.17,10,20.5,18,0,0,1,38.87,MODERATE_DELAY,HIGH
j_hist_005871,9.05,9,27.6,17,1,0,0,26.44,ON_TIME,HIGH
j_hist_005872,22.35,28,41.4,21,0,0,0,53.74,ON_TIME,LOW
j_hist_005873,29.22,34,37.1,14,0,0,0,72.06,ON_TIME,MEDIUM
j_hist_005874,15.13,18,34.4,7,1,0,1,48.08,MODERATE_DELAY,LOW
j_hist_005875,9.78,15,19.3,8,1,0,0,42.59,ON_TIME,HIGH
j_hist_005876,30.48,29,35.5,9,1,0,2,111.21,HEAVY_DELAY,HIGH
j_hist_005877,23.76,21,23.7,15,1,2,0,97.35,HEAVY_DELAY,MEDIUM
j_hist_005878,16.23,15,28.9,10,1,0,1,58.0,MODERATE_DELAY,HIGH
j_hist_005879,17.59,18,31.1,5,1,0,0,47.36,ON_TIME,LOW
j_hist_005880,7.94,8,31.1,11,0,0,0,19.92,ON_TIME,MEDIUM
j_hist_005881,22.31,26,34.3,14,0,0,0,58.43,ON_TIME,MEDIUM
j_hist_005882,13.2,15,32.5,16,0,2,2,67.55,HEAVY_DELAY,MEDIUM
j_hist_005883,34.85,33,15.9,16,0,0,0,157.07,ON_TIME,MEDIUM
j_hist_005884,17.33,23,26.8,5,1,0,1,70.5,MODERATE_DELAY,LOW
j_hist_005885,17.52,18,32.6,13,0,0,1,55.6,MODERATE_DELAY,MEDIUM
j_hist_005886,20.24,26,22.3,21,1,0,0,72.16,ON_TIME,LOW
j_hist_005887,32.17,34,22.8,16,0,0,2,162.14,HEAVY_DELAY,MEDIUM
j_hist_005888,28.23,33,17.5,6,0,1,2,180.0,HEAVY_DELAY,LOW
j_hist_005889,16.34,24,25.7,13,0,0,0,55.23,ON_TIME,MEDIUM
j_hist_005890,25.44,22,41.6,16,1,0,0,52.73,ON_TIME,MEDIUM
j_hist_005891,20.93,25,22.0,8,0,0,1,93.79,HEAVY_DELAY,HIGH
j_hist_005892,17.74,25,28.9,16,0,0,1,71.06,HEAVY_DELAY,MEDIUM
j_hist_005893,7.54,10,34.8,22,1,0,2,29.67,MODERATE_DELAY,LOW
j_hist_005894,16.77,18,14.4,7,0,0,2,127.15,HEAVY_DELAY,LOW
j_hist_005895,9.36,11,39.2,5,0,1,0,25.21,SLIGHT_DELAY,LOW
j_hist_005896,32.1,40,24.8,22,0,0,0,106.53,ON_TIME,LOW
j_hist_005897,12.4,18,38.3,12,0,1,1,46.65,MODERATE_DELAY,MEDIUM
j_hist_005898,33.38,29,15.1,8,1,0,2,180.0,HEAVY_DELAY,HIGH
j_hist_005899,19.12,18,18.1,20,0,0,0,80.29,SLIGHT_DELAY,LOW
j_hist_005900,22.47,24,23.0,21,1,0,2,112.22,HEAVY_DELAY,LOW
j_hist_005901,19.46,20,23.7,13,0,0,0,66.14,ON_TIME,MEDIUM
j_hist_005902,5.4,7,37.7,12,1,1,0,16.57,SLIGHT_DELAY,MEDIUM
j_hist_005903,13.78,14,14.3,11,0,0,0,67.95,ON_TIME,MEDIUM
j_hist_005904,4.37,6,32.0,16,0,1,1,16.35,SLIGHT_DELAY,MEDIUM
j_hist_005905,22.18,21,17.7,5,0,0,0,93.09,SLIGHT_DELAY,LOW
j_hist_005906,16.19,24,37.1,21,0,0,0,42.14,ON_TIME,LOW
j_hist_005907,27.45,26,35.8,10,1,0,0,65.99,ON_TIME,HIGH
j_hist_005908,8.5,9,28.0,9,0,0,2,36.02,MODERATE_DELAY,HIGH
j_hist_005909,6.6,8,20.0,11,0,0,0,27.5,ON_TIME,MEDIUM
j_hist_005910,14.82,22,31.8,16,0,0,1,54.38,MODERATE_DELAY,MEDIUM
j_hist_005911,32.5,42,18.4,9,1,0,0,138.28,ON_TIME,HIGH
j_hist_005912,25.15,34,19.3,6,1,1,0,118.6,MODERATE_DELAY,LOW
j_hist_005913,15.24,15,31.5,8,1,1,1,56.51,HEAVY_DELAY,HIGH
j_hist_005914,18.59,26,41.8,21,0,2,2,87.85,HEAVY_DELAY,LOW
j_hist_005915,3.86,6,38.9,12,0,0,0,11.88,ON_TIME,MEDIUM
j_hist_005916,34.48,35,30.6,9,0,0,0,94.59,ON_TIME,HIGH
j_hist_005917,23.66,29,29.1,21,1,0,2,104.8,HEAVY_DELAY,LOW
j_hist_005918,10.7,15,42.0,8,1,0,1,32.6,SLIGHT_DELAY,HIGH
j_hist_005919,20.92,28,29.3,22,0,0,0,61.8,ON_TIME,LOW
j_hist_005920,4.72,8,25.8,22,0,0,2,24.15,MODERATE_DELAY,LOW
j_hist_005921,33.84,47,39.5,22,0,0,0,86.79,ON_TIME,LOW
j_hist_005922,6.94,8,20.6,20,1,0,0,24.58,ON_TIME,LOW
j_hist_005923,23.03,26,16.7,15,1,0,1,127.56,HEAVY_DELAY,MEDIUM
j_hist_005924,9.35,9,31.8,12,0,0,0,25.42,ON_TIME,MEDIUM
j_hist_005925,25.4,35,16.7,16,1,0,0,117.84,ON_TIME,MEDIUM
j_hist_005926,27.41,26,24.4,22,1,0,0,84.72,ON_TIME,LOW
j_hist_005927,23.9,33,25.9,22,0,0,1,100.2,HEAVY_DELAY,LOW
j_hist_005928,21.89,23,29.3,12,0,1,1,91.64,HEAVY_DELAY,MEDIUM
j_hist_005929,31.34,33,41.8,20,0,0,0,71.95,SLIGHT_DELAY,LOW
j_hist_005930,3.67,5,20.2,21,0,1,0,16.41,ON_TIME,LOW
j_hist_005931,12.25,14,24.5,6,0,1,0,45.82,SLIGHT_DELAY,LOW
j_hist_005932,9.44,14,17.7,19,0,1,0,50.07,MODERATE_DELAY,HIGH
j_hist_005933,34.59,30,31.0,11,0,1,1,127.91,HEAVY_DELAY,MEDIUM
j_hist_005934,14.24,16,34.4,5,0,0,1,43.82,SLIGHT_DELAY,LOW
j_hist_005935,25.91,23,27.5,6,0,0,0,74.51,ON_TIME,LOW
j_hist_005936,24.28,26,20.9,8,0,2,0,114.8,HEAVY_DELAY,HIGH
j_hist_005937,8.21,9,31.4,20,0,0,2,33.01,MODERATE_DELAY,LOW
j_hist_005938,9.13,10,29.1,16,0,0,1,32.92,SLIGHT_DELAY,MEDIUM
j_hist_005939,10.56,16,18.8,21,0,1,0,51.67,SLIGHT_DELAY,LOW
j_hist_005940,14.98,17,25.4,8,0,2,0,63.72,HEAVY_DELAY,HIGH
j_hist_005941,8.97,10,26.2,20,0,1,0,33.31,SLIGHT_DELAY,LOW
j_hist_005942,1.67,3,41.5,11,1,0,1,6.9,SLIGHT_DELAY,MEDIUM
j_hist_005943,30.9,29,37.8,12,0,1,0,83.38,MODERATE_DELAY,MEDIUM
j_hist_005944,33.83,34,34.6,13,0,0,2,126.23,HEAVY_DELAY,MEDIUM
j_hist_005945,12.61,16,38.9,18,1,0,1,38.19,SLIGHT_DELAY,HIGH
j_hist_005946,12.51,13,34.6,13,0,2,0,39.43,MODERATE_DELAY,MEDIUM
j_hist_005947,1.24,3,39.3,19,0,2,0,5.0,ON_TIME,HIGH
j_hist_005948,24.13,28,15.5,8,0,0,1,140.6,HEAVY_DELAY,HIGH
j_hist_005949,29.06,38,26.8,7,0,0,0,92.06,ON_TIME,LOW
j_hist_005950,5.98,10,34.9,14,0,0,1,23.02,SLIGHT_DELAY,MEDIUM
j_hist_005951,6.43,7,30.3,8,0,0,1,22.22,SLIGHT_DELAY,HIGH
j_hist_005952,27.86,29,18.9,22,1,1,1,159.44,HEAVY_DELAY,LOW
j_hist_005953,21.95,23,23.5,15,0,0,0,71.12,ON_TIME,MEDIUM
j_hist_005954,2.53,4,22.9,22,1,1,1,13.07,SLIGHT_DELAY,LOW
j_hist_005955,22.17,30,21.3,17,1,0,0,89.17,SLIGHT_DELAY,HIGH
j_hist_005956,11.5,16,23.6,8,1,2,2,82.45,HEAVY_DELAY,HIGH
j_hist_005957,13.54,16,28.4,7,0,0,1,54.28,MODERATE_DELAY,LOW
j_hist_005958,27.17,32,37.9,20,0,0,1,86.54,HEAVY_DELAY,LOW
j_hist_005959,28.57,25,34.8,18,1,2,0,88.34,HEAVY_DELAY,HIGH
j_hist_005960,14.61,18,37.4,14,0,0,2,55.81,HEAVY_DELAY,MEDIUM
j_hist_005961,33.2,44,38.7,10,0,2,1,137.34,HEAVY_DELAY,HIGH
j_hist_005962,14.82,18,25.7,12,0,0,0,47.32,ON_TIME,MEDIUM
j_hist_005963,27.24,28,23.7,20,0,0,1,114.9,HEAVY_DELAY,LOW
j_hist_005964,17.45,22,15.6,14,0,0,1,106.1,HEAVY_DELAY,MEDIUM
j_hist_005965,31.52,34,40.1,11,0,0,1,92.76,HEAVY_DELAY,MEDIUM
j_hist_005966,31.86,37,15.8,22,0,0,1,180.0,HEAVY_DELAY,LOW
j_hist_005967,3.97,6,34.8,17,0,0,0,10.25,ON_TIME,HIGH
j_hist_005968,32.84,35,24.6,12,1,2,1,173.27,HEAVY_DELAY,MEDIUM
j_hist_005969,29.07,37,40.6,18,0,1,0,79.56,MODERATE_DELAY,HIGH
j_hist_005970,27.9,39,25.7,13,0,1,1,135.48,HEAVY_DELAY,MEDIUM
j_hist_005971,7.83,8,36.9,16,0,2,0,22.38,SLIGHT_DELAY,MEDIUM
j_hist_005972,28.37,40,21.9,10,1,0,1,132.71,HEAVY_DELAY,HIGH
j_hist_005973,29.9,35,22.4,16,0,0,2,162.07,HEAVY_DELAY,MEDIUM
j_hist_005974,10.83,15,30.7,16,0,1,1,50.34,HEAVY_DELAY,MEDIUM
j_hist_005975,33.38,45,41.9,11,0,0,0,82.91,ON_TIME,MEDIUM
j_hist_005976,2.7,4,28.5,19,0,0,2,12.09,SLIGHT_DELAY,HIGH
j_hist_005977,6.1,9,40.2,20,0,0,2,23.6,MODERATE_DELAY,LOW
j_hist_005978,19.28,19,36.0,8,1,0,0,47.13,ON_TIME,HIGH
j_hist_005979,20.58,20,36.3,10,0,0,0,50.14,ON_TIME,HIGH
j_hist_005980,22.94,29,26.2,20,0,0,1,92.83,HEAVY_DELAY,LOW
j_hist_005981,1.58,4,24.8,19,0,0,0,8.05,ON_TIME,HIGH
j_hist_005982,33.65,46,19.4,6,0,0,1,173.68,HEAVY_DELAY,LOW
j_hist_005983,2.52,4,41.0,7,1,1,0,6.34,ON_TIME,LOW
j_hist_005984,5.86,8,40.9,19,1,0,0,15.3,ON_TIME,HIGH
j_hist_005985,1.48,3,34.9,12,0,0,0,6.53,ON_TIME,MEDIUM
j_hist_005986,20.27,30,22.3,16,1,2,0,100.74,HEAVY_DELAY,MEDIUM
j_hist_005987,32.7,34,20.9,6,0,0,0,118.23,ON_TIME,LOW
j_hist_005988,23.64,31,41.7,19,0,0,1,71.79,MODERATE_DELAY,HIGH
j_hist_005989,28.97,34,15.9,12,0,0,0,134.12,ON_TIME,MEDIUM
j_hist_005990,1.45,3,37.6,15,0,0,0,5.0,ON_TIME,MEDIUM
j_hist_005991,19.43,22,24.0,21,0,0,1,79.94,MODERATE_DELAY,LOW
j_hist_005992,16.63,24,25.7,5,1,0,0,55.57,ON_TIME,LOW
j_hist_005993,17.96,22,37.3,19,0,0,0,45.85,ON_TIME,HIGH
j_hist_005994,3.46,6,16.5,6,0,1,0,21.73,SLIGHT_DELAY,LOW
j_hist_005995,24.27,21,23.9,14,1,0,0,78.08,ON_TIME,MEDIUM
j_hist_005996,18.11,22,40.7,10,0,0,0,43.85,ON_TIME,HIGH
j_hist_005997,27.02,35,33.6,7,1,1,0,87.01,MODERATE_DELAY,LOW
j_hist_005998,17.5,23,35.1,17,0,1,0,56.15,MODERATE_DELAY,HIGH
j_hist_005999,6.08,10,35.2,19,0,0,2,28.69,MODERATE_DELAY,HIGH
j_hist_006000,23.04,20,15.7,10,1,2,0,133.89,HEAVY_DELAY,HIGH
j_hist_006001,6.86,7,19.7,13,1,1,1,36.77,MODERATE_DELAY,MEDIUM
j_hist_006002,30.66,35,27.8,14,0,0,0,95.49,SLIGHT_DELAY,MEDIUM
j_hist_006003,21.85,19,24.3,13,0,1,2,118.51,HEAVY_DELAY,MEDIUM
j_hist_006004,6.34,10,25.5,22,0,0,0,23.93,ON_TIME,LOW
j_hist_006005,33.72,33,35.9,13,0,0,0,79.37,ON_TIME,MEDIUM
j_hist_006006,18.62,22,14.4,22,1,2,1,155.14,HEAVY_DELAY,LOW
j_hist_006007,3.48,4,32.5,13,0,1,0,9.71,ON_TIME,MEDIUM
j_hist_006008,22.31,26,14.0,9,0,0,0,114.24,ON_TIME,HIGH
j_hist_006009,9.61,11,15.8,17,1,2,1,71.43,HEAVY_DELAY,HIGH
j_hist_006010,28.33,25,25.4,16,1,1,2,147.53,HEAVY_DELAY,MEDIUM
j_hist_006011,28.81,30,37.5,13,0,0,0,68.65,ON_TIME,MEDIUM
j_hist_006012,34.28,37,18.1,5,0,1,1,180.0,HEAVY_DELAY,LOW
j_hist_006013,18.06,27,29.5,15,0,2,1,92.6,HEAVY_DELAY,MEDIUM
j_hist_006014,16.47,17,33.0,9,1,0,1,51.72,MODERATE_DELAY,HIGH
j_hist_006015,26.62,31,20.4,11,0,0,2,153.13,HEAVY_DELAY,MEDIUM
j_hist_006016,5.5,9,28.3,17,0,0,0,21.34,SLIGHT_DELAY,HIGH
j_hist_006017,19.6,26,39.5,10,0,0,1,60.45,MODERATE_DELAY,HIGH
j_hist_006018,19.57,29,28.3,17,0,0,0,61.94,ON_TIME,HIGH
j_hist_006019,4.04,7,18.4,10,0,0,0,18.13,ON_TIME,HIGH
j_hist_006020,15.21,18,31.6,19,0,0,0,42.01,ON_TIME,HIGH
j_hist_006021,30.01,38,30.6,12,0,1,1,123.82,HEAVY_DELAY,MEDIUM
j_hist_006022,30.11,28,14.8,15,0,1,0,162.73,HEAVY_DELAY,MEDIUM
j_hist_006023,4.37,6,16.5,14,1,0,1,27.27,SLIGHT_DELAY,MEDIUM
j_hist_006024,4.08,7,18.4,13,0,1,2,29.3,MODERATE_DELAY,MEDIUM
j_hist_006025,9.93,12,17.8,8,0,0,0,42.45,ON_TIME,HIGH
j_hist_006026,30.74,39,21.3,18,0,2,1,180.0,HEAVY_DELAY,HIGH
j_hist_006027,5.38,8,26.7,8,0,0,0,19.97,ON_TIME,HIGH
j_hist_006028,25.48,26,24.4,19,0,0,2,121.15,HEAVY_DELAY,HIGH
j_hist_006029,4.44,7,38.9,14,0,0,1,13.84,ON_TIME,MEDIUM
j_hist_006030,22.19,25,31.1,18,0,0,1,74.88,MODERATE_DELAY,HIGH
j_hist_006031,13.11,14,38.5,10,0,0,1,37.47,SLIGHT_DELAY,HIGH
j_hist_006032,27.82,38,28.8,20,0,2,2,167.1,HEAVY_DELAY,LOW
j_hist_006033,8.95,11,16.5,16,1,0,0,41.55,ON_TIME,MEDIUM
j_hist_006034,22.73,30,27.0,8,0,2,0,95.68,HEAVY_DELAY,HIGH
j_hist_006035,9.01,12,37.0,5,0,0,1,33.87,MODERATE_DELAY,LOW
j_hist_006036,25.26,28,19.4,8,1,0,0,95.94,ON_TIME,HIGH
j_hist_006037,30.71,41,16.6,17,1,0,1,178.69,HEAVY_DELAY,HIGH
j_hist_006038,5.31,8,23.2,11,0,0,0,19.13,ON_TIME,MEDIUM
j_hist_006039,30.46,33,24.9,19,0,2,0,128.73,HEAVY_DELAY,HIGH
j_hist_006040,21.18,20,22.6,10,0,1,0,81.61,MODERATE_DELAY,HIGH
j_hist_006041,5.32,9,17.8,18,0,1,2,44.11,HEAVY_DELAY,HIGH
j_hist_006042,15.54,14,21.0,22,0,0,0,57.81,SLIGHT_DELAY,LOW
j_hist_006043,6.47,10,33.1,8,0,0,1,22.86,SLIGHT_DELAY,HIGH
j_hist_006044,24.81,27,24.8,5,0,0,1,98.77,HEAVY_DELAY,LOW
j_hist_006045,26.8,33,31.7,7,0,1,0,85.01,MODERATE_DELAY,LOW
j_hist_006046,4.6,8,29.0,17,1,0,2,21.0,SLIGHT_DELAY,HIGH
j_hist_006047,18.21,18,29.4,22,0,0,1,62.36,MODERATE_DELAY,LOW
j_hist_006048,28.7,34,21.0,8,0,1,2,180.0,HEAVY_DELAY,HIGH
j_hist_006049,32.83,43,28.6,8,1,0,1,126.58,HEAVY_DELAY,HIGH
j_hist_006050,18.46,25,14.7,15,0,1,0,107.72,MODERATE_DELAY,MEDIUM
j_hist_006051,33.31,39,26.1,18,1,0,1,131.44,HEAVY_DELAY,HIGH
j_hist_006052,19.21,24,30.0,11,1,0,1,70.72,MODERATE_DELAY,MEDIUM
j_hist_006053,14.4,20,19.1,7,0,0,2,90.05,HEAVY_DELAY,LOW
j_hist_006054,29.84,40,21.2,11,0,1,1,166.38,HEAVY_DELAY,MEDIUM
j_hist_006055,17.76,24,20.1,12,0,0,1,90.36,HEAVY_DELAY,MEDIUM
j_hist_006056,17.04,19,16.0,16,1,0,2,116.51,HEAVY_DELAY,MEDIUM
j_hist_006057,17.67,26,23.7,11,1,0,1,78.25,MODERATE_DELAY,MEDIUM
j_hist_006058,29.79,33,41.4,20,0,2,2,132.01,HEAVY_DELAY,LOW
j_hist_006059,29.29,25,23.9,21,0,1,0,105.65,MODERATE_DELAY,LOW
j_hist_006060,14.72,16,26.9,8,0,0,0,47.93,SLIGHT_DELAY,HIGH
j_hist_006061,12.33,12,32.3,21,0,0,2,47.8,HEAVY_DELAY,LOW
j_hist_006062,17.73,17,32.2,22,1,0,1,56.87,MODERATE_DELAY,LOW
j_hist_006063,20.47,21,40.6,8,1,1,0,49.91,SLIGHT_DELAY,HIGH
j_hist_006064,9.1,9,38.0,21,0,1,2,37.42,HEAVY_DELAY,LOW
j_hist_006065,27.99,35,36.2,19,0,0,1,90.4,HEAVY_DELAY,HIGH
j_hist_006066,17.54,16,40.6,21,0,1,0,44.93,MODERATE_DELAY,LOW
j_hist_006067,12.36,13,20.5,17,0,1,0,55.08,MODERATE_DELAY,HIGH
j_hist_006068,4.63,5,31.3,7,1,0,2,17.57,SLIGHT_DELAY,LOW
j_hist_006069,9.12,9,38.8,16,1,0,2,32.64,MODERATE_DELAY,MEDIUM
j_hist_006070,33.28,33,31.5,21,0,1,0,102.42,MODERATE_DELAY,LOW
j_hist_006071,11.37,15,41.4,11,0,1,0,31.21,SLIGHT_DELAY,MEDIUM
j_hist_006072,6.74,11,16.8,11,1,0,0,30.73,ON_TIME,MEDIUM
j_hist_006073,16.66,24,26.3,15,0,0,1,68.45,MODERATE_DELAY,MEDIUM
j_hist_006074,11.44,17,41.4,20,0,2,0,37.4,MODERATE_DELAY,LOW
j_hist_006075,2.2,3,24.6,8,0,1,0,8.85,ON_TIME,HIGH
j_hist_006076,11.99,13,34.7,20,0,2,1,51.19,HEAVY_DELAY,LOW
j_hist_006077,19.5,18,14.9,9,0,1,0,107.95,HEAVY_DELAY,HIGH
j_hist_006078,19.76,27,33.5,18,0,0,1,69.17,MODERATE_DELAY,HIGH
j_hist_006079,13.12,13,40.2,11,0,0,0,27.16,ON_TIME,MEDIUM
j_hist_006080,16.21,20,24.7,13,0,1,0,61.22,SLIGHT_DELAY,MEDIUM
j_hist_006081,33.83,34,14.6,17,1,1,0,180.0,HEAVY_DELAY,HIGH
j_hist_006082,13.83,15,14.8,20,0,1,2,115.38,HEAVY_DELAY,LOW
j_hist_006083,9.78,15,39.0,8,0,2,0,36.26,MODERATE_DELAY,HIGH
j_hist_006084,9.28,13,34.2,11,0,0,1,31.68,SLIGHT_DELAY,MEDIUM
j_hist_006085,16.56,23,17.0,7,0,1,0,84.15,MODERATE_DELAY,LOW
j_hist_006086,26.82,32,15.5,19,1,0,0,129.22,ON_TIME,HIGH
j_hist_006087,8.0,12,36.5,18,0,1,1,32.82,MODERATE_DELAY,HIGH
j_hist_006088,25.12,31,36.7,11,0,0,1,78.99,MODERATE_DELAY,MEDIUM
j_hist_006089,1.72,4,17.4,22,0,2,1,14.37,SLIGHT_DELAY,LOW
j_hist_006090,15.24,16,22.4,9,1,0,1,64.65,MODERATE_DELAY,HIGH
j_hist_006091,27.38,33,35.8,12,0,0,1,90.96,HEAVY_DELAY,MEDIUM
j_hist_006092,12.52,17,28.7,22,1,0,1,46.07,MODERATE_DELAY,LOW
j_hist_006093,20.17,22,40.8,7,1,1,2,78.15,HEAVY_DELAY,LOW
j_hist_006094,7.97,12,27.5,10,1,0,0,25.71,ON_TIME,HIGH
j_hist_006095,26.23,38,33.0,22,1,1,0,88.4,MODERATE_DELAY,LOW
j_hist_006096,2.78,5,28.3,19,0,0,1,13.65,SLIGHT_DELAY,HIGH
j_hist_006097,29.99,33,40.4,18,0,2,0,91.47,HEAVY_DELAY,HIGH
j_hist_006098,7.74,10,25.2,12,0,0,1,33.24,MODERATE_DELAY,MEDIUM
j_hist_006099,30.73,42,20.4,15,0,0,0,118.98,ON_TIME,MEDIUM
j_hist_006100,12.99,17,23.1,15,0,0,2,68.55,HEAVY_DELAY,MEDIUM
j_hist_006101,25.57,23,37.9,16,1,2,0,75.7,HEAVY_DELAY,MEDIUM
j_hist_006102,11.85,15,27.9,20,1,1,0,43.01,SLIGHT_DELAY,LOW
j_hist_006103,31.8,27,23.9,11,0,0,0,98.81,ON_TIME,MEDIUM
j_hist_006104,5.31,8,29.2,7,0,0,1,20.26,SLIGHT_DELAY,LOW
j_hist_006105,7.07,9,17.7,6,1,0,0,30.2,ON_TIME,LOW
j_hist_006106,17.76,21,14.2,7,1,0,2,138.7,HEAVY_DELAY,LOW
j_hist_006107,3.79,6,21.9,12,0,0,0,15.03,ON_TIME,MEDIUM
j_hist_006108,7.66,8,30.9,12,0,0,0,19.24,ON_TIME,MEDIUM
j_hist_006109,33.09,31,33.9,8,0,0,0,80.45,ON_TIME,HIGH
j_hist_006110,34.2,37,37.1,17,0,1,0,95.27,MODERATE_DELAY,HIGH
j_hist_006111,13.79,14,39.9,21,0,1,0,33.71,SLIGHT_DELAY,LOW
j_hist_006112,32.39,34,25.5,22,1,0,0,100.0,ON_TIME,LOW
j_hist_006113,19.52,29,34.7,9,0,0,0,55.79,ON_TIME,HIGH
j_hist_006114,10.17,15,16.1,16,1,0,0,49.39,ON_TIME,MEDIUM
j_hist_006115,24.88,35,15.6,6,1,0,0,124.0,SLIGHT_DELAY,LOW
j_hist_006116,23.4,33,17.5,14,0,1,0,119.27,MODERATE_DELAY,MEDIUM
j_hist_006117,34.63,36,26.6,11,0,1,2,180.0,HEAVY_DELAY,MEDIUM
j_hist_006118,10.01,11,19.9,19,0,0,0,40.67,SLIGHT_DELAY,HIGH
j_hist_006119,23.85,24,22.0,11,0,0,2,125.98,HEAVY_DELAY,MEDIUM
j_hist_006120,2.77,5,32.1,19,0,0,0,11.36,SLIGHT_DELAY,HIGH
j_hist_006121,4.86,7,24.0,20,0,0,0,15.02,ON_TIME,LOW
j_hist_006122,1.13,3,29.6,5,1,0,0,5.54,ON_TIME,LOW
j_hist_006123,34.98,37,25.5,19,0,0,2,162.97,HEAVY_DELAY,HIGH
j_hist_006124,28.28,33,18.7,7,0,0,2,176.65,HEAVY_DELAY,LOW
j_hist_006125,27.75,32,16.1,14,0,0,0,129.05,ON_TIME,MEDIUM
j_hist_006126,18.33,26,20.6,20,1,0,0,74.04,ON_TIME,LOW
j_hist_006127,11.2,13,15.6,6,0,0,1,64.97,MODERATE_DELAY,LOW
j_hist_006128,6.14,10,31.3,21,1,0,2,29.42,MODERATE_DELAY,LOW
j_hist_006129,10.68,13,36.3,5,0,1,1,40.1,MODERATE_DELAY,LOW
j_hist_006130,13.78,19,23.5,8,1,0,2,73.15,HEAVY_DELAY,HIGH
j_hist_006131,26.71,38,24.8,15,0,0,2,139.66,HEAVY_DELAY,MEDIUM
j_hist_006132,19.35,28,36.9,21,0,0,1,61.78,MODERATE_DELAY,LOW
j_hist_006133,3.63,5,20.2,6,1,2,0,21.74,MODERATE_DELAY,LOW
j_hist_006134,1.61,3,17.3,5,1,0,0,8.71,ON_TIME,LOW
j_hist_006135,4.48,6,28.0,10,1,0,1,16.88,SLIGHT_DELAY,HIGH
j_hist_006136,14.96,17,32.1,15,0,2,0,54.11,MODERATE_DELAY,MEDIUM
j_hist_006137,32.73,40,30.8,8,0,1,0,105.2,MODERATE_DELAY,HIGH
j_hist_006138,22.67,32,34.0,15,0,0,0,65.57,ON_TIME,MEDIUM
j_hist_006139,28.26,26,15.6,9,1,0,0,128.07,ON_TIME,HIGH
j_hist_006140,16.86,20,26.0,14,0,1,1,74.8,HEAVY_DELAY,MEDIUM
j_hist_006141,13.3,14,20.7,9,1,0,0,49.09,ON_TIME,HIGH
j_hist_006142,4.69,8,35.3,7,0,0,2,22.35,MODERATE_DELAY,LOW
j_hist_006143,30.78,44,38.4,10,0,1,0,94.36,MODERATE_DELAY,HIGH
j_hist_006144,27.63,32,21.9,17,0,0,2,149.7,HEAVY_DELAY,HIGH
j_hist_006145,6.72,7,16.7,20,0,1,1,42.38,MODERATE_DELAY,LOW
j_hist_006146,18.42,25,21.1,11,0,0,0,69.37,ON_TIME,MEDIUM
j_hist_006147,17.57,23,16.9,22,1,0,1,99.39,HEAVY_DELAY,LOW
j_hist_006148,22.25,24,23.0,7,0,1,0,88.1,MODERATE_DELAY,LOW
j_hist_006149,33.17,46,29.1,10,0,1,0,120.48,HEAVY_DELAY,HIGH
j_hist_006150,20.71,30,41.3,14,1,0,0,50.68,ON_TIME,MEDIUM
j_hist_006151,19.37,23,25.2,20,0,0,1,78.47,HEAVY_DELAY,LOW
j_hist_006152,2.71,5,20.2,17,0,0,2,18.39,SLIGHT_DELAY,HIGH
j_hist_006153,3.14,5,18.7,13,1,0,2,17.65,SLIGHT_DELAY,MEDIUM
j_hist_006154,7.37,10,18.8,20,1,0,1,38.03,MODERATE_DELAY,LOW
j_hist_006155,2.1,4,19.4,15,1,0,1,14.35,SLIGHT_DELAY,MEDIUM
j_hist_006156,26.27,27,35.3,13,1,0,1,79.08,MODERATE_DELAY,MEDIUM
j_hist_006157,25.59,23,15.7,14,0,0,0,115.84,ON_TIME,MEDIUM
j_hist_006158,5.63,7,41.9,15,0,0,0,13.43,ON_TIME,MEDIUM
j_hist_006159,29.43,29,28.6,19,1,0,1,104.41,HEAVY_DELAY,HIGH
j_hist_006160,6.26,9,29.2,17,1,0,2,30.13,MODERATE_DELAY,HIGH
j_hist_006161,11.24,15,24.0,21,0,0,2,58.17,HEAVY_DELAY,LOW
j_hist_006162,9.47,13,33.3,8,1,0,2,39.86,MODERATE_DELAY,HIGH
j_hist_006163,13.66,16,27.2,15,1,0,0,42.04,ON_TIME,MEDIUM
j_hist_006164,9.66,12,23.2,5,0,1,0,40.24,SLIGHT_DELAY,LOW
j_hist_006165,17.62,24,21.4,5,1,0,2,101.86,HEAVY_DELAY,LOW
j_hist_006166,14.85,18,39.9,7,0,0,1,44.96,MODERATE_DELAY,LOW
j_hist_006167,34.54,50,22.1,19,0,0,0,129.95,ON_TIME,HIGH
j_hist_006168,2.9,5,26.2,5,0,0,1,11.69,ON_TIME,LOW
j_hist_006169,5.83,8,23.8,20,1,0,0,18.82,ON_TIME,LOW
j_hist_006170,2.8,4,16.4,21,0,0,1,15.43,SLIGHT_DELAY,LOW
j_hist_006171,22.28,28,19.2,13,1,0,2,136.39,HEAVY_DELAY,MEDIUM
j_hist_006172,2.85,5,19.3,9,1,0,2,20.93,MODERATE_DELAY,HIGH
j_hist_006173,29.44,42,33.4,10,0,0,1,105.65,HEAVY_DELAY,HIGH
j_hist_006174,18.41,27,25.4,19,1,2,0,81.8,HEAVY_DELAY,HIGH
j_hist_006175,18.92,20,35.9,13,1,1,0,53.61,SLIGHT_DELAY,MEDIUM
j_hist_006176,20.09,25,33.9,7,0,0,0,53.45,ON_TIME,LOW
j_hist_006177,6.81,9,19.4,17,0,0,1,35.86,MODERATE_DELAY,HIGH
j_hist_006178,7.72,10,29.8,17,0,0,0,21.18,ON_TIME,HIGH
j_hist_006179,11.84,12,34.8,7,0,0,0,30.73,ON_TIME,LOW
j_hist_006180,21.18,29,31.7,18,1,1,0,72.01,MODERATE_DELAY,HIGH
j_hist_006181,8.14,12,30.8,6,1,0,0,23.78,ON_TIME,LOW
j_hist_006182,4.96,7,34.7,14,0,0,2,19.6,SLIGHT_DELAY,MEDIUM
j_hist_006183,33.98,34,15.6,13,1,0,0,155.63,ON_TIME,MEDIUM
j_hist_006184,1.75,3,34.5,17,0,0,2,8.7,SLIGHT_DELAY,HIGH
j_hist_006185,28.29,36,21.6,15,0,1,0,119.86,MODERATE_DELAY,MEDIUM
j_hist_006186,27.79,29,30.0,6,1,0,2,113.81,HEAVY_DELAY,LOW
j_hist_006187,11.11,16,20.8,20,0,0,1,54.76,MODERATE_DELAY,LOW
j_hist_006188,5.61,8,37.5,9,0,0,1,19.83,SLIGHT_DELAY,HIGH
j_hist_006189,5.95,9,27.5,5,1,0,0,17.19,ON_TIME,LOW
j_hist_006190,24.71,30,32.0,12,0,0,1,82.28,MODERATE_DELAY,MEDIUM
j_hist_006191,22.86,20,36.2,20,1,2,0,69.74,HEAVY_DELAY,LOW
j_hist_006192,27.61,39,39.1,18,0,0,0,71.85,ON_TIME,HIGH
j_hist_006193,32.87,40,34.5,6,0,0,0,87.12,ON_TIME,LOW
j_hist_006194,24.53,36,18.2,22,0,1,0,123.81,HEAVY_DELAY,LOW
j_hist_006195,6.3,9,37.9,11,0,0,1,20.89,SLIGHT_DELAY,MEDIUM
j_hist_006196,9.28,13,31.3,16,1,1,1,40.62,MODERATE_DELAY,MEDIUM
j_hist_006197,29.63,26,31.1,19,0,0,0,79.27,SLIGHT_DELAY,HIGH
j_hist_006198,8.12,11,39.8,6,0,0,0,21.22,ON_TIME,LOW
j_hist_006199,3.47,6,21.0,21,1,0,1,16.81,SLIGHT_DELAY,LOW
j_hist_006200,24.91,33,20.7,15,0,0,0,96.49,ON_TIME,MEDIUM
j_hist_006201,14.69,20,28.4,6,1,0,2,69.1,HEAVY_DELAY,LOW
j_hist_006202,32.28,32,35.0,9,1,0,2,119.48,HEAVY_DELAY,HIGH
j_hist_006203,23.11,34,26.5,21,0,0,1,97.77,HEAVY_DELAY,LOW
j_hist_006204,4.07,7,31.7,20,1,0,0,13.29,ON_TIME,LOW
j_hist_006205,33.23,30,26.7,17,1,0,1,123.92,HEAVY_DELAY,HIGH
j_hist_006206,9.79,15,31.1,17,1,0,0,31.05,ON_TIME,HIGH
j_hist_006207,12.47,14,37.0,17,0,0,0,28.87,ON_TIME,HIGH
j_hist_006208,14.68,19,19.1,9,1,0,0,60.43,ON_TIME,HIGH
j_hist_006209,2.74,4,33.5,9,0,1,1,13.18,SLIGHT_DELAY,HIGH
j_hist_006210,17.88,26,36.0,11,0,2,1,79.26,HEAVY_DELAY,MEDIUM
j_hist_006211,5.19,6,26.5,15,0,0,0,15.41,ON_TIME,MEDIUM
j_hist_006212,14.63,18,23.1,5,0,0,1,64.28,MODERATE_DELAY,LOW
j_hist_006213,12.92,15,14.4,11,1,0,0,64.9,ON_TIME,MEDIUM
j_hist_006214,27.28,29,36.3,7,0,2,0,86.38,HEAVY_DELAY,LOW
j_hist_006215,28.31,35,23.2,17,1,1,1,142.24,HEAVY_DELAY,HIGH
j_hist_006216,6.22,7,24.0,7,0,1,2,37.74,HEAVY_DELAY,LOW
j_hist_006217,13.46,18,23.4,10,0,1,1,69.48,HEAVY_DELAY,HIGH
j_hist_006218,13.69,21,28.0,19,1,1,2,76.41,HEAVY_DELAY,HIGH
j_hist_006219,6.15,9,33.7,8,0,0,0,15.77,ON_TIME,HIGH
j_hist_006220,28.15,39,35.6,9,0,0,0,76.29,ON_TIME,HIGH
j_hist_006221,25.05,27,25.0,7,0,0,1,101.02,HEAVY_DELAY,LOW
j_hist_006222,7.47,9,32.6,20,0,0,0,20.9,ON_TIME,LOW
j_hist_006223,13.47,16,34.2,21,0,2,1,58.44,HEAVY_DELAY,LOW
j_hist_006224,4.6,5,22.3,13,1,0,2,25.29,MODERATE_DELAY,MEDIUM
j_hist_006225,22.36,32,16.7,13,0,0,1,130.06,HEAVY_DELAY,MEDIUM
j_hist_006226,5.13,6,39.1,18,1,0,0,14.49,SLIGHT_DELAY,HIGH
j_hist_006227,34.52,48,33.0,15,0,0,0,98.4,ON_TIME,MEDIUM
j_hist_006228,27.54,25,32.1,14,0,0,0,69.02,ON_TIME,MEDIUM
j_hist_006229,14.27,20,15.6,9,1,0,1,83.04,MODERATE_DELAY,HIGH
j_hist_006230,20.67,20,36.9,8,0,1,2,85.13,HEAVY_DELAY,HIGH
j_hist_006231,31.99,28,29.8,15,1,0,1,104.62,HEAVY_DELAY,MEDIUM
j_hist_006232,19.84,26,37.7,10,1,0,0,53.05,SLIGHT_DELAY,HIGH
j_hist_006233,6.93,8,41.3,6,0,0,0,11.73,ON_TIME,LOW
j_hist_006234,13.88,19,40.8,7,0,2,2,67.81,HEAVY_DELAY,LOW
j_hist_006235,29.67,35,38.0,22,0,1,0,82.53,MODERATE_DELAY,LOW
j_hist_006236,22.9,21,14.3,22,0,0,0,112.52,ON_TIME,LOW
j_hist_006237,23.12,33,38.8,11,0,0,1,74.54,MODERATE_DELAY,MEDIUM
j_hist_006238,30.47,34,16.1,17,1,2,1,180.0,HEAVY_DELAY,HIGH
j_hist_006239,31.4,40,37.8,17,0,0,0,77.99,ON_TIME,HIGH
j_hist_006240,32.27,37,21.8,10,0,0,1,145.74,HEAVY_DELAY,HIGH
j_hist_006241,4.22,6,31.1,7,1,1,1,18.52,SLIGHT_DELAY,LOW
j_hist_006242,19.5,21,15.1,14,0,0,1,115.78,HEAVY_DELAY,MEDIUM
j_hist_006243,26.18,26,35.6,9,0,2,2,125.4,HEAVY_DELAY,HIGH
j_hist_006244,26.74,32,17.1,15,0,0,0,115.77,ON_TIME,MEDIUM
j_hist_006245,21.63,25,25.5,8,0,0,1,87.6,HEAVY_DELAY,HIGH
j_hist_006246,6.67,8,36.9,14,0,2,1,28.46,MODERATE_DELAY,MEDIUM
j_hist_006247,28.11,35,33.5,8,0,0,1,94.36,HEAVY_DELAY,HIGH
j_hist_006248,25.48,32,14.2,17,1,0,1,166.27,HEAVY_DELAY,HIGH
j_hist_006249,3.93,5,25.3,12,0,1,1,18.46,SLIGHT_DELAY,MEDIUM
j_hist_006250,16.77,18,15.2,10,1,0,0,78.66,ON_TIME,HIGH
j_hist_006251,6.92,9,32.9,15,0,0,0,19.34,ON_TIME,MEDIUM
j_hist_006252,12.47,12,41.1,6,0,0,2,39.23,MODERATE_DELAY,LOW
j_hist_006253,1.61,3,32.3,22,0,0,0,5.0,ON_TIME,LOW
j_hist_006254,14.61,14,20.3,22,0,2,1,84.3,HEAVY_DELAY,LOW
j_hist_006255,19.7,29,23.9,16,0,0,1,90.24,HEAVY_DELAY,MEDIUM
j_hist_006256,22.07,29,41.3,21,0,1,0,63.09,MODERATE_DELAY,LOW
j_hist_006257,23.56,22,20.3,21,0,0,1,111.21,HEAVY_DELAY,LOW
j_hist_006258,29.43,25,29.7,8,1,0,0,77.88,ON_TIME,HIGH
j_hist_006259,8.33,12,25.2,21,1,0,0,29.68,ON_TIME,LOW
j_hist_006260,5.1,7,35.5,20,0,2,2,26.84,MODERATE_DELAY,LOW
j_hist_006261,29.95,40,38.3,13,1,0,0,77.47,ON_TIME,MEDIUM
j_hist_006262,6.32,10,23.5,15,0,1,0,29.82,SLIGHT_DELAY,MEDIUM
j_hist_006263,34.14,41,32.5,16,0,0,1,118.59,HEAVY_DELAY,MEDIUM
j_hist_006264,29.65,29,29.4,15,0,0,0,82.92,ON_TIME,MEDIUM
j_hist_006265,18.03,24,21.8,17,0,0,0,64.91,ON_TIME,HIGH
j_hist_006266,34.37,49,21.6,12,0,0,0,132.74,ON_TIME,MEDIUM
j_hist_006267,4.31,6,29.1,18,1,0,0,11.3,ON_TIME,HIGH
j_hist_006268,11.3,15,18.3,22,0,0,1,60.96,MODERATE_DELAY,LOW
j_hist_006269,22.7,24,36.7,18,0,0,0,55.55,ON_TIME,HIGH
j_hist_006270,12.9,15,15.9,20,0,0,0,58.33,ON_TIME,LOW
j_hist_006271,32.56,42,16.6,19,0,2,1,180.0,HEAVY_DELAY,HIGH
j_hist_006272,3.23,6,23.6,11,1,1,0,16.33,SLIGHT_DELAY,MEDIUM
j_hist_006273,19.68,25,17.3,12,0,0,1,110.42,HEAVY_DELAY,MEDIUM
j_hist_006274,21.09,28,27.3,10,0,0,0,70.37,SLIGHT_DELAY,HIGH
j_hist_006275,23.19,22,25.2,17,1,0,2,105.58,HEAVY_DELAY,HIGH
j_hist_006276,9.69,10,34.2,21,0,0,1,31.6,MODERATE_DELAY,LOW
j_hist_006277,13.4,16,40.7,12,0,0,2,48.88,HEAVY_DELAY,MEDIUM
j_hist_006278,29.69,28,35.1,15,1,0,0,73.52,ON_TIME,MEDIUM
j_hist_006279,7.63,11,19.0,21,0,2,0,43.89,MODERATE_DELAY,LOW
j_hist_006280,29.11,30,40.2,13,1,0,0,67.04,ON_TIME,MEDIUM
j_hist_006281,20.13,27,25.0,6,0,1,2,120.6,HEAVY_DELAY,LOW
j_hist_006282,26.91,36,27.3,14,0,0,1,107.99,HEAVY_DELAY,MEDIUM
j_hist_006283,25.26,29,25.8,18,0,0,0,79.29,ON_TIME,HIGH
j_hist_006284,8.06,9,21.9,6,1,0,0,26.45,ON_TIME,LOW
j_hist_006285,20.34,26,39.1,9,0,2,0,63.69,MODERATE_DELAY,HIGH
j_hist_006286,30.5,44,23.3,21,1,0,0,112.25,ON_TIME,LOW
j_hist_006287,15.69,20,30.2,12,0,0,1,55.38,MODERATE_DELAY,MEDIUM
j_hist_006288,33.86,29,20.7,22,1,0,0,119.8,ON_TIME,LOW
j_hist_006289,16.38,15,36.3,12,1,0,0,37.84,ON_TIME,MEDIUM
j_hist_006290,5.85,7,35.7,16,0,0,0,14.17,ON_TIME,MEDIUM
j_hist_006291,14.24,15,22.3,18,0,2,1,81.56,HEAVY_DELAY,HIGH
j_hist_006292,33.36,44,33.1,7,1,1,0,107.0,MODERATE_DELAY,LOW
j_hist_006293,11.87,17,33.7,18,0,0,0,33.22,ON_TIME,HIGH
j_hist_006294,30.52,31,29.8,8,0,0,0,84.67,ON_TIME,HIGH
j_hist_006295,30.96,32,30.8,5,0,0,1,105.16,HEAVY_DELAY,LOW
j_hist_006296,12.91,14,30.1,13,0,0,0,36.48,ON_TIME,MEDIUM
j_hist_006297,3.83,7,16.3,18,0,0,2,30.77,MODERATE_DELAY,HIGH
j_hist_006298,25.63,30,32.8,14,0,0,0,69.1,ON_TIME,MEDIUM
j_hist_006299,11.59,15,27.2,22,0,0,0,37.82,ON_TIME,LOW
j_hist_006300,27.62,30,26.3,14,0,0,0,84.73,ON_TIME,MEDIUM
j_hist_006301,16.05,20,38.1,11,1,0,1,48.99,MODERATE_DELAY,MEDIUM
j_hist_006302,17.5,20,14.7,12,0,1,1,124.77,HEAVY_DELAY,MEDIUM
j_hist_006303,27.45,29,21.0,18,0,0,0,99.82,ON_TIME,HIGH
j_hist_006304,14.0,18,17.4,8,0,0,1,76.17,MODERATE_DELAY,HIGH
j_hist_006305,16.07,20,15.0,15,0,0,1,100.02,HEAVY_DELAY,MEDIUM
j_hist_006306,13.79,15,21.7,14,1,0,0,46.72,ON_TIME,MEDIUM
j_hist_006307,13.49,14,41.7,21,0,0,1,37.95,MODERATE_DELAY,LOW
j_hist_006308,18.88,21,21.6,9,1,0,0,67.72,ON_TIME,HIGH
j_hist_006309,28.5,31,32.6,14,0,1,2,129.82,HEAVY_DELAY,MEDIUM
j_hist_006310,13.3,17,17.3,14,0,0,1,76.08,HEAVY_DELAY,MEDIUM
j_hist_006311,18.82,27,30.9,11,1,1,0,67.06,MODERATE_DELAY,MEDIUM
j_hist_006312,23.8,21,41.6,21,0,0,1,63.49,MODERATE_DELAY,LOW
j_hist_006313,10.16,11,22.2,16,0,0,0,34.78,ON_TIME,MEDIUM
j_hist_006314,10.44,11,37.7,9,0,0,0,22.25,ON_TIME,HIGH
j_hist_006315,32.74,38,41.9,9,0,0,0,78.08,SLIGHT_DELAY,HIGH
j_hist_006316,25.6,29,30.5,8,0,2,1,115.2,HEAVY_DELAY,HIGH
j_hist_006317,20.62,27,22.7,11,0,1,0,87.86,MODERATE_DELAY,MEDIUM
j_hist_006318,23.02,23,32.9,6,0,0,0,59.71,ON_TIME,LOW
j_hist_006319,2.0,4,37.7,5,1,0,1,7.49,ON_TIME,LOW
j_hist_006320,22.02,31,18.8,14,1,0,1,116.81,HEAVY_DELAY,MEDIUM
j_hist_006321,18.32,26,26.7,5,1,1,0,71.24,MODERATE_DELAY,LOW
j_hist_006322,19.56,28,22.9,17,0,0,1,92.67,HEAVY_DELAY,HIGH
j_hist_006323,13.22,18,21.9,21,0,2,0,66.2,HEAVY_DELAY,LOW
j_hist_006324,3.77,7,38.1,13,0,1,1,16.65,SLIGHT_DELAY,MEDIUM
j_hist_006325,7.57,9,25.8,8,1,0,1,33.62,MODERATE_DELAY,HIGH
j_hist_006326,33.33,32,23.5,13,0,0,1,137.42,HEAVY_DELAY,MEDIUM
j_hist_006327,14.9,13,30.9,11,0,0,2,57.52,HEAVY_DELAY,MEDIUM
j_hist_006328,16.87,22,20.1,6,0,0,1,84.73,HEAVY_DELAY,LOW
j_hist_006329,2.79,5,20.4,22,0,0,0,12.15,ON_TIME,LOW
j_hist_006330,2.28,4,28.6,19,1,0,1,10.44,SLIGHT_DELAY,HIGH
j_hist_006331,25.38,32,25.5,14,1,0,2,127.29,HEAVY_DELAY,MEDIUM
j_hist_006332,19.3,26,22.3,21,1,0,0,72.26,ON_TIME,LOW
j_hist_006333,18.3,26,15.5,11,0,0,1,113.23,HEAVY_DELAY,MEDIUM
j_hist_006334,9.27,13,28.6,15,0,1,0,32.78,SLIGHT_DELAY,MEDIUM
j_hist_006335,26.32,38,36.9,11,0,0,0,74.68,SLIGHT_DELAY,MEDIUM
j_hist_006336,6.72,8,37.8,15,0,1,1,24.49,MODERATE_DELAY,MEDIUM
j_hist_006337,7.46,9,20.6,19,1,1,0,32.69,SLIGHT_DELAY,HIGH
j_hist_006338,16.66,20,30.8,14,0,0,0,48.66,ON_TIME,MEDIUM
j_hist_006339,10.73,13,38.0,20,1,1,0,32.47,SLIGHT_DELAY,LOW
j_hist_006340,9.41,9,25.4,12,1,0,1,36.46,MODERATE_DELAY,MEDIUM
j_hist_006341,22.94,30,40.1,5,0,0,1,69.75,MODERATE_DELAY,LOW
j_hist_006342,23.13,30,39.3,6,0,0,1,71.65,MODERATE_DELAY,LOW
j_hist_006343,29.03,38,19.8,14,0,0,1,143.62,HEAVY_DELAY,MEDIUM
j_hist_006344,15.2,17,21.3,14,0,0,1,69.3,MODERATE_DELAY,MEDIUM
j_hist_006345,3.48,5,19.1,14,0,1,0,16.97,SLIGHT_DELAY,MEDIUM
j_hist_006346,10.3,12,19.5,13,0,2,0,52.66,MODERATE_DELAY,MEDIUM
j_hist_006347,34.32,29,39.4,22,0,0,0,75.63,ON_TIME,LOW
j_hist_006348,21.27,26,40.1,6,0,0,0,49.51,ON_TIME,LOW
j_hist_006349,25.13,23,15.5,9,1,0,2,173.0,HEAVY_DELAY,HIGH
j_hist_006350,1.25,3,30.6,15,0,0,1,5.0,ON_TIME,MEDIUM
j_hist_006351,18.62,25,29.8,10,0,0,2,86.04,HEAVY_DELAY,HIGH
j_hist_006352,2.28,3,24.9,12,0,2,1,9.52,ON_TIME,MEDIUM
j_hist_006353,20.35,29,31.7,12,0,0,0,60.57,ON_TIME,MEDIUM
j_hist_006354,32.31,37,40.5,14,1,0,0,77.04,ON_TIME,MEDIUM
j_hist_006355,33.93,49,18.8,15,1,0,2,180.0,HEAVY_DELAY,MEDIUM
j_hist_006356,19.38,18,17.4,18,0,1,0,90.87,MODERATE_DELAY,HIGH
j_hist_006357,16.58,21,14.9,15,0,0,1,103.66,HEAVY_DELAY,MEDIUM
j_hist_006358,33.13,35,24.2,7,0,1,1,156.1,HEAVY_DELAY,LOW
j_hist_006359,23.9,33,23.5,5,0,0,1,104.9,HEAVY_DELAY,LOW
j_hist_006360,3.21,5,26.1,7,1,2,1,16.84,SLIGHT_DELAY,LOW
j_hist_006361,16.83,18,28.1,13,1,0,0,48.52,ON_TIME,MEDIUM
j_hist_006362,9.17,14,35.2,5,1,0,2,37.16,MODERATE_DELAY,LOW
j_hist_006363,16.97,19,25.0,16,1,0,0,55.45,ON_TIME,MEDIUM
j_hist_006364,16.49,15,23.3,16,0,2,1,90.76,HEAVY_DELAY,MEDIUM
j_hist_006365,20.79,23,37.2,10,0,0,1,63.5,MODERATE_DELAY,HIGH
j_hist_006366,13.13,17,37.8,12,0,0,2,49.35,HEAVY_DELAY,MEDIUM
j_hist_006367,6.59,8,20.5,7,0,0,0,24.51,ON_TIME,LOW
j_hist_006368,18.13,21,22.8,15,0,0,0,60.08,ON_TIME,MEDIUM
j_hist_006369,29.23,26,37.1,15,0,0,0,64.27,ON_TIME,MEDIUM
j_hist_006370,23.58,29,16.2,9,0,0,2,164.32,HEAVY_DELAY,HIGH
j_hist_006371,12.5,17,23.1,11,0,0,0,44.65,ON_TIME,MEDIUM
j_hist_006372,32.81,36,26.6,11,0,1,0,113.87,MODERATE_DELAY,MEDIUM
j_hist_006373,32.02,35,19.2,14,1,0,1,157.89,HEAVY_DELAY,MEDIUM
j_hist_006374,8.12,8,19.0,12,1,0,1,39.06,MODERATE_DELAY,MEDIUM
j_hist_006375,2.34,4,25.9,18,0,0,0,9.4,ON_TIME,HIGH
j_hist_006376,26.2,25,35.1,5,0,0,0,62.4,ON_TIME,LOW
j_hist_006377,29.14,33,37.5,17,1,1,0,85.13,MODERATE_DELAY,HIGH
j_hist_006378,33.91,39,41.4,10,0,0,0,76.35,ON_TIME,HIGH
j_hist_006379,31.25,44,16.1,10,0,0,1,180.0,HEAVY_DELAY,HIGH
j_hist_006380,21.42,20,20.1,9,0,0,0,76.45,ON_TIME,HIGH
j_hist_006381,19.02,24,35.2,7,1,1,0,57.08,SLIGHT_DELAY,LOW
j_hist_006382,1.95,4,29.1,16,1,2,0,8.94,ON_TIME,MEDIUM
j_hist_006383,9.39,12,23.2,19,1,0,0,34.45,ON_TIME,HIGH
j_hist_006384,16.63,24,19.8,7,0,0,0,68.26,ON_TIME,LOW
j_hist_006385,22.37,22,21.9,20,0,1,1,112.81,HEAVY_DELAY,LOW
j_hist_006386,19.95,18,26.0,22,0,0,1,75.54,HEAVY_DELAY,LOW
j_hist_006387,26.25,33,19.0,13,0,0,0,106.91,ON_TIME,MEDIUM
j_hist_006388,10.51,12,41.0,12,0,1,1,33.18,MODERATE_DELAY,MEDIUM
j_hist_006389,20.21,18,17.0,15,0,0,0,84.89,ON_TIME,MEDIUM
j_hist_006390,4.0,5,41.6,7,0,0,0,11.11,ON_TIME,LOW
j_hist_006391,15.06,16,37.6,9,1,0,0,38.32,SLIGHT_DELAY,HIGH
j_hist_006392,26.51,33,25.8,14,0,0,1,104.81,HEAVY_DELAY,MEDIUM
j_hist_006393,24.58,24,34.7,9,1,1,1,84.44,HEAVY_DELAY,HIGH
j_hist_006394,34.68,38,32.8,12,0,0,0,89.65,ON_TIME,MEDIUM
j_hist_006395,10.45,13,20.0,10,0,0,0,42.95,ON_TIME,HIGH
j_hist_006396,17.94,21,23.5,20,0,1,1,90.25,HEAVY_DELAY,LOW
j_hist_006397,12.2,18,28.4,16,1,0,0,39.08,ON_TIME,MEDIUM
j_hist_006398,15.98,15,31.9,21,0,1,1,59.4,HEAVY_DELAY,LOW
j_hist_006399,30.14,43,29.2,12,0,2,0,123.41,HEAVY_DELAY,MEDIUM
j_hist_006400,24.26,29,27.2,8,0,0,0,75.81,ON_TIME,HIGH
j_hist_006401,31.0,41,26.4,21,0,0,1,129.2,HEAVY_DELAY,LOW
j_hist_006402,7.92,10,28.0,7,0,1,0,27.58,SLIGHT_DELAY,LOW
j_hist_006403,30.69,34,26.2,22,0,0,1,120.78,HEAVY_DELAY,LOW
j_hist_006404,3.03,6,29.2,20,0,0,1,13.49,SLIGHT_DELAY,LOW
j_hist_006405,31.21,43,38.9,6,1,2,0,106.26,HEAVY_DELAY,LOW
j_hist_006406,12.19,13,31.7,17,0,0,2,50.13,HEAVY_DELAY,HIGH
j_hist_006407,11.7,12,34.2,5,0,0,0,29.41,ON_TIME,LOW
j_hist_006408,18.41,22,30.7,7,0,2,1,84.45,HEAVY_DELAY,LOW
j_hist_006409,32.98,46,32.0,5,1,0,1,120.06,HEAVY_DELAY,LOW
j_hist_006410,2.62,4,30.2,6,1,0,1,8.49,ON_TIME,LOW
j_hist_006411,12.98,17,14.8,7,0,2,0,86.47,HEAVY_DELAY,LOW
j_hist_006412,30.12,38,42.0,5,0,0,2,106.56,HEAVY_DELAY,LOW
j_hist_006413,14.47,20,14.9,13,0,0,0,73.33,ON_TIME,MEDIUM
j_hist_006414,7.77,10,25.1,12,1,0,1,30.34,SLIGHT_DELAY,MEDIUM
j_hist_006415,15.44,18,16.9,9,1,1,2,118.17,HEAVY_DELAY,HIGH
j_hist_006416,14.11,21,16.7,5,1,0,0,65.65,ON_TIME,LOW
j_hist_006417,32.12,39,36.2,19,0,0,1,107.03,HEAVY_DELAY,HIGH
j_hist_006418,26.91,35,25.9,21,0,0,2,133.77,HEAVY_DELAY,LOW
j_hist_006419,18.17,20,36.4,19,0,0,0,41.73,ON_TIME,HIGH
j_hist_006420,34.6,43,21.6,12,0,0,0,130.02,ON_TIME,MEDIUM
j_hist_006421,16.82,18,21.2,7,0,0,0,61.47,ON_TIME,LOW
j_hist_006422,2.98,4,21.0,13,0,2,2,20.07,MODERATE_DELAY,MEDIUM
j_hist_006423,9.92,14,31.3,18,0,0,0,27.72,ON_TIME,HIGH
j_hist_006424,15.83,19,36.8,10,1,1,0,44.47,SLIGHT_DELAY,HIGH
j_hist_006425,6.33,9,26.7,8,1,0,1,28.46,MODERATE_DELAY,HIGH
j_hist_006426,33.22,33,24.6,16,0,0,0,103.75,ON_TIME,MEDIUM
j_hist_006427,27.07,33,41.3,7,1,1,2,110.67,HEAVY_DELAY,LOW
j_hist_006428,10.12,12,17.3,7,0,0,1,53.87,MODERATE_DELAY,LOW
j_hist_006429,21.09,26,27.6,21,0,0,2,96.98,HEAVY_DELAY,LOW
j_hist_006430,25.53,26,25.4,10,0,0,0,80.34,ON_TIME,HIGH
j_hist_006431,33.0,42,16.7,19,1,2,0,180.0,HEAVY_DELAY,HIGH
j_hist_006432,30.98,41,21.5,15,0,0,0,115.44,ON_TIME,MEDIUM
j_hist_006433,18.52,19,14.8,22,0,0,0,86.23,ON_TIME,LOW
j_hist_006434,27.34,28,38.6,7,0,0,0,61.62,ON_TIME,LOW
j_hist_006435,20.11,26,31.0,21,0,1,2,100.19,HEAVY_DELAY,LOW
j_hist_006436,19.79,26,36.8,15,1,1,0,60.37,MODERATE_DELAY,MEDIUM
j_hist_006437,4.9,7,28.6,10,1,0,1,20.15,SLIGHT_DELAY,HIGH
j_hist_006438,5.29,8,30.8,9,1,0,1,22.55,SLIGHT_DELAY,HIGH
j_hist_006439,19.0,21,33.6,14,1,1,0,58.1,MODERATE_DELAY,MEDIUM
j_hist_006440,10.14,12,39.4,6,0,1,0,26.98,SLIGHT_DELAY,LOW
j_hist_006441,1.72,3,16.6,19,0,0,0,8.89,ON_TIME,HIGH
j_hist_006442,25.58,24,23.3,15,1,0,1,101.92,HEAVY_DELAY,MEDIUM
j_hist_006443,2.1,4,33.9,18,0,1,2,12.62,SLIGHT_DELAY,HIGH
j_hist_006444,21.24,20,40.8,18,0,0,1,58.76,MODERATE_DELAY,HIGH
j_hist_006445,19.33,28,41.5,7,1,0,2,71.77,HEAVY_DELAY,LOW
j_hist_006446,33.94,45,31.9,20,0,0,0,100.35,SLIGHT_DELAY,LOW
j_hist_006447,17.46,24,19.4,18,0,2,1,118.13,HEAVY_DELAY,HIGH
j_hist_006448,3.16,6,17.3,14,0,0,1,21.3,SLIGHT_DELAY,MEDIUM
j_hist_006449,19.76,22,40.5,12,1,0,0,47.32,ON_TIME,MEDIUM
j_hist_006450,29.6,40,26.1,16,1,0,1,121.42,HEAVY_DELAY,MEDIUM
j_hist_006451,34.89,33,19.5,9,0,0,0,131.64,ON_TIME,HIGH
j_hist_006452,15.63,14,40.1,17,1,0,2,49.47,HEAVY_DELAY,HIGH
j_hist_006453,11.89,17,16.9,16,0,0,0,51.31,ON_TIME,MEDIUM
j_hist_006454,31.83,28,34.4,7,0,0,1,96.52,HEAVY_DELAY,LOW
j_hist_006455,7.5,12,31.5,21,0,0,1,31.11,MODERATE_DELAY,LOW
j_hist_006456,21.92,28,16.5,9,0,0,1,126.04,HEAVY_DELAY,HIGH
j_hist_006457,14.79,20,23.5,10,0,0,1,70.5,HEAVY_DELAY,HIGH
j_hist_006458,2.4,4,18.2,17,0,2,1,16.84,SLIGHT_DELAY,HIGH
j_hist_006459,12.81,17,30.9,10,0,2,0,46.96,MODERATE_DELAY,HIGH
j_hist_006460,10.02,10,27.4,17,0,0,0,30.05,ON_TIME,HIGH
j_hist_006461,24.33,33,14.1,19,0,1,1,180.0,HEAVY_DELAY,HIGH
j_hist_006462,33.26,31,41.3,6,0,2,1,117.58,HEAVY_DELAY,LOW
j_hist_006463,10.11,14,23.8,15,0,1,0,42.02,SLIGHT_DELAY,MEDIUM
j_hist_006464,28.59,28,21.2,20,0,0,2,154.62,HEAVY_DELAY,LOW
j_hist_006465,2.88,4,20.2,22,0,1,0,10.96,ON_TIME,LOW
j_hist_006466,19.3,23,18.4,6,0,0,0,79.98,ON_TIME,LOW
j_hist_006467,3.4,5,42.0,14,0,0,0,8.06,ON_TIME,MEDIUM
j_hist_006468,32.76,42,22.3,17,0,0,0,121.12,ON_TIME,HIGH
j_hist_006469,27.06,27,25.4,12,0,0,0,83.05,ON_TIME,MEDIUM
j_hist_006470,23.37,25,38.4,11,1,0,1,67.61,MODERATE_DELAY,MEDIUM
j_hist_006471,29.01,35,32.0,20,0,0,0,80.62,ON_TIME,LOW
j_hist_006472,23.02,24,24.3,21,0,1,0,86.34,MODERATE_DELAY,LOW
j_hist_006473,33.94,36,39.2,13,0,0,1,99.52,HEAVY_DELAY,MEDIUM
j_hist_006474,25.27,34,35.0,12,1,0,2,101.88,HEAVY_DELAY,MEDIUM
j_hist_006475,32.44,31,20.4,9,1,0,2,179.26,HEAVY_DELAY,HIGH
j_hist_006476,18.58,17,32.0,9,0,0,1,57.64,MODERATE_DELAY,HIGH
j_hist_006477,4.98,6,39.8,17,0,2,0,14.55,SLIGHT_DELAY,HIGH
j_hist_006478,18.96,21,27.9,20,0,0,0,56.37,ON_TIME,LOW
j_hist_006479,5.31,7,34.5,15,0,0,2,23.28,MODERATE_DELAY,MEDIUM
j_hist_006480,21.14,23,41.2,19,0,0,2,70.17,HEAVY_DELAY,HIGH
j_hist_006481,17.4,24,33.3,21,1,0,1,62.92,MODERATE_DELAY,LOW
j_hist_006482,22.17,20,16.9,19,1,0,2,140.73,HEAVY_DELAY,HIGH
j_hist_006483,1.34,3,20.8,16,0,0,1,8.39,SLIGHT_DELAY,MEDIUM
j_hist_006484,7.62,9,30.7,8,0,0,0,20.63,ON_TIME,HIGH
j_hist_006485,17.71,23,21.7,8,0,1,0,75.91,MODERATE_DELAY,HIGH
j_hist_006486,33.32,47,40.8,20,0,1,0,97.4,MODERATE_DELAY,LOW
j_hist_006487,14.04,17,25.3,19,1,0,0,48.71,SLIGHT_DELAY,HIGH
j_hist_006488,15.43,23,26.8,12,0,2,0,65.17,MODERATE_DELAY,MEDIUM
j_hist_006489,25.3,26,33.6,12,0,1,0,73.35,MODERATE_DELAY,MEDIUM
j_hist_006490,21.53,19,28.7,15,0,0,0,58.48,ON_TIME,MEDIUM
j_hist_006491,11.16,12,24.7,21,0,2,1,59.01,HEAVY_DELAY,LOW
j_hist_006492,14.97,17,16.1,7,0,1,0,76.36,MODERATE_DELAY,LOW
j_hist_006493,8.4,10,30.7,11,1,1,0,25.46,ON_TIME,MEDIUM
j_hist_006494,33.84,31,38.3,16,0,0,0,79.15,SLIGHT_DELAY,MEDIUM
j_hist_006495,5.44,7,33.2,5,0,0,0,14.8,ON_TIME,LOW
j_hist_006496,13.64,15,24.7,15,1,2,0,57.07,MODERATE_DELAY,MEDIUM
j_hist_006497,1.88,3,17.6,9,1,0,2,16.83,MODERATE_DELAY,HIGH
j_hist_006498,8.54,10,36.9,10,0,0,2,31.37,MODERATE_DELAY,HIGH
j_hist_006499,27.54,38,40.4,18,0,0,0,68.74,ON_TIME,HIGH
j_hist_006500,7.84,9,24.9,21,0,0,0,25.82,ON_TIME,LOW
j_hist_006501,3.72,6,34.4,7,0,0,1,14.99,SLIGHT_DELAY,LOW
j_hist_006502,17.13,21,25.5,8,0,0,0,53.64,ON_TIME,HIGH
j_hist_006503,1.34,3,28.1,5,1,0,2,10.54,SLIGHT_DELAY,LOW
j_hist_006504,3.88,5,37.4,8,0,0,0,11.35,ON_TIME,HIGH
j_hist_006505,28.46,31,16.3,18,0,0,0,128.73,ON_TIME,HIGH
j_hist_006506,27.23,33,28.8,11,0,0,2,121.18,HEAVY_DELAY,MEDIUM
j_hist_006507,32.11,34,20.0,11,0,0,0,121.62,ON_TIME,MEDIUM
j_hist_006508,30.05,29,23.5,5,1,0,0,99.52,ON_TIME,LOW
j_hist_006509,24.23,23,32.0,6,0,0,0,61.78,ON_TIME,LOW
j_hist_006510,2.78,5,14.8,7,0,0,0,16.55,ON_TIME,LOW
j_hist_006511,27.62,31,30.6,22,0,0,1,96.93,HEAVY_DELAY,LOW
j_hist_006512,29.75,36,21.9,15,0,1,1,153.48,HEAVY_DELAY,MEDIUM
j_hist_006513,28.17,32,32.7,16,0,1,0,85.49,MODERATE_DELAY,MEDIUM
j_hist_006514,18.29,26,18.0,18,0,0,0,79.69,ON_TIME,HIGH
j_hist_006515,8.92,12,34.6,13,0,0,0,24.12,ON_TIME,MEDIUM
j_hist_006516,29.74,34,32.1,14,0,1,0,93.08,MODERATE_DELAY,MEDIUM
j_hist_006517,25.72,36,41.2,17,0,0,1,79.69,HEAVY_DELAY,HIGH
j_hist_006518,34.35,44,39.5,7,0,0,1,105.41,HEAVY_DELAY,LOW
j_hist_006519,6.29,7,21.9,13,1,0,0,22.23,ON_TIME,MEDIUM
j_hist_006520,8.67,9,14.8,6,0,0,2,62.69,HEAVY_DELAY,LOW
j_hist_006521,8.2,12,32.4,12,0,0,0,22.22,ON_TIME,MEDIUM
j_hist_006522,27.95,38,30.9,11,0,0,2,124.33,HEAVY_DELAY,MEDIUM
j_hist_006523,7.35,10,14.8,13,0,0,0,38.23,ON_TIME,MEDIUM
j_hist_006524,3.27,5,17.4,17,0,0,2,22.89,MODERATE_DELAY,HIGH
j_hist_006525,34.95,43,30.4,11,1,0,1,125.96,HEAVY_DELAY,MEDIUM
j_hist_006526,1.84,3,39.5,11,0,0,0,5.52,ON_TIME,MEDIUM
j_hist_006527,29.4,37,39.4,5,1,0,0,73.09,ON_TIME,LOW
j_hist_006528,13.42,13,18.2,6,1,0,1,68.09,MODERATE_DELAY,LOW
j_hist_006529,29.61,42,24.8,21,1,0,1,129.78,HEAVY_DELAY,LOW
j_hist_006530,19.86,26,15.2,14,0,0,1,123.0,HEAVY_DELAY,MEDIUM
j_hist_006531,31.66,39,27.1,19,0,0,0,97.16,ON_TIME,HIGH
j_hist_006532,32.49,34,35.1,20,0,1,0,92.5,MODERATE_DELAY,LOW
j_hist_006533,1.31,3,36.1,17,0,0,0,5.0,ON_TIME,HIGH
j_hist_006534,3.56,5,28.0,12,1,2,0,12.45,ON_TIME,MEDIUM
j_hist_006535,9.51,13,16.7,13,0,0,1,52.07,MODERATE_DELAY,MEDIUM
j_hist_006536,23.76,30,24.7,5,0,0,0,82.42,SLIGHT_DELAY,LOW
j_hist_006537,31.2,34,40.1,8,1,0,1,89.76,HEAVY_DELAY,HIGH
j_hist_006538,16.64,21,20.4,22,0,0,1,83.05,HEAVY_DELAY,LOW
j_hist_006539,21.64,29,23.0,5,1,0,0,80.24,ON_TIME,LOW
j_hist_006540,7.41,8,34.9,7,0,1,0,20.48,ON_TIME,LOW
j_hist_006541,28.37,32,34.5,14,0,0,1,92.57,HEAVY_DELAY,MEDIUM
j_hist_006542,33.89,44,39.5,6,1,0,1,107.26,HEAVY_DELAY,LOW
j_hist_006543,10.13,13,24.9,22,0,0,0,34.02,ON_TIME,LOW
j_hist_006544,17.82,23,28.4,6,0,0,2,83.35,HEAVY_DELAY,LOW
j_hist_006545,3.93,6,27.1,17,0,0,2,20.35,MODERATE_DELAY,HIGH
j_hist_006546,20.01,29,40.0,13,0,0,0,54.1,SLIGHT_DELAY,MEDIUM
j_hist_006547,18.09,17,35.5,6,0,0,0,42.89,ON_TIME,LOW
j_hist_006548,5.91,8,37.3,6,0,1,0,18.78,SLIGHT_DELAY,LOW
j_hist_006549,16.03,15,17.7,9,0,0,2,97.67,HEAVY_DELAY,HIGH
j_hist_006550,12.36,13,36.2,18,0,0,0,28.75,ON_TIME,HIGH
j_hist_006551,18.74,21,26.1,7,1,0,2,86.28,HEAVY_DELAY,LOW
j_hist_006552,20.91,20,14.7,18,0,0,0,102.08,ON_TIME,HIGH
j_hist_006553,1.29,3,15.7,5,0,0,1,10.25,SLIGHT_DELAY,LOW
j_hist_006554,26.87,38,33.0,13,0,1,1,112.09,HEAVY_DELAY,MEDIUM
j_hist_006555,25.24,27,24.4,20,1,0,1,104.11,HEAVY_DELAY,LOW
j_hist_006556,13.45,17,38.3,21,0,0,0,33.84,ON_TIME,LOW
j_hist_006557,2.8,5,34.6,12,1,0,2,12.97,SLIGHT_DELAY,MEDIUM
j_hist_006558,26.67,36,14.6,19,0,1,0,157.97,HEAVY_DELAY,HIGH
j_hist_006559,33.48,41,33.2,12,1,0,1,114.44,HEAVY_DELAY,MEDIUM
j_hist_006560,9.17,9,19.4,11,1,0,1,42.73,MODERATE_DELAY,MEDIUM
j_hist_006561,12.0,17,25.8,13,1,0,1,51.5,MODERATE_DELAY,MEDIUM
j_hist_006562,7.25,11,31.5,6,0,0,1,28.85,SLIGHT_DELAY,LOW
j_hist_006563,20.62,24,38.4,14,0,0,2,74.43,HEAVY_DELAY,MEDIUM
j_hist_006564,6.26,10,26.8,9,0,0,0,21.33,ON_TIME,HIGH
j_hist_006565,13.11,19,36.6,20,0,0,0,38.0,SLIGHT_DELAY,LOW
j_hist_006566,24.7,29,35.9,5,0,0,2,94.03,HEAVY_DELAY,LOW
j_hist_006567,20.04,25,25.6,10,0,0,2,97.65,HEAVY_DELAY,HIGH
j_hist_006568,14.14,21,28.0,14,0,0,2,71.38,HEAVY_DELAY,MEDIUM
j_hist_006569,15.29,16,33.6,14,0,1,1,56.26,HEAVY_DELAY,MEDIUM
j_hist_006570,20.11,22,14.9,17,0,0,1,123.18,HEAVY_DELAY,HIGH
j_hist_006571,1.2,3,38.9,7,0,1,0,5.0,ON_TIME,LOW
j_hist_006572,3.67,6,35.6,17,0,1,0,12.3,ON_TIME,HIGH
j_hist_006573,30.96,40,21.0,8,0,0,0,117.95,ON_TIME,HIGH
j_hist_006574,3.65,5,41.5,12,0,0,1,12.42,SLIGHT_DELAY,MEDIUM
j_hist_006575,25.03,36,19.0,16,1,0,2,160.17,HEAVY_DELAY,MEDIUM
j_hist_006576,32.28,41,39.6,21,1,1,0,89.89,MODERATE_DELAY,LOW
j_hist_006577,10.2,15,23.1,5,0,1,0,45.01,MODERATE_DELAY,LOW
j_hist_006578,13.6,13,35.4,6,0,0,1,41.94,MODERATE_DELAY,LOW
j_hist_006579,20.34,24,26.8,13,1,0,1,81.27,HEAVY_DELAY,MEDIUM
j_hist_006580,30.98,39,34.6,5,1,1,0,96.58,MODERATE_DELAY,LOW
j_hist_006581,33.02,39,18.4,21,0,0,0,138.84,ON_TIME,LOW
j_hist_006582,26.15,33,21.5,9,0,2,2,180.0,HEAVY_DELAY,HIGH
j_hist_006583,3.95,7,16.8,19,0,0,0,19.83,ON_TIME,HIGH
j_hist_006584,23.75,26,38.2,16,0,1,0,67.9,MODERATE_DELAY,MEDIUM
j_hist_006585,14.95,21,22.3,8,1,0,2,83.61,HEAVY_DELAY,HIGH
j_hist_006586,17.0,17,33.4,19,0,0,1,54.52,MODERATE_DELAY,HIGH
j_hist_006587,2.67,4,37.0,7,1,0,2,11.28,SLIGHT_DELAY,LOW
j_hist_006588,7.5,8,39.2,18,0,2,2,36.1,HEAVY_DELAY,HIGH
j_hist_006589,27.88,30,17.0,8,0,0,2,180.0,HEAVY_DELAY,HIGH
j_hist_006590,16.43,18,39.0,10,0,0,0,36.06,ON_TIME,HIGH
j_hist_006591,11.26,16,19.5,21,0,1,0,53.04,SLIGHT_DELAY,LOW
j_hist_006592,14.06,18,34.6,22,0,1,0,42.2,SLIGHT_DELAY,LOW
j_hist_006593,30.05,33,34.4,12,0,0,1,96.42,HEAVY_DELAY,MEDIUM
j_hist_006594,26.47,33,14.2,16,0,0,0,135.98,ON_TIME,MEDIUM
j_hist_006595,10.26,10,20.2,21,0,0,0,38.69,ON_TIME,LOW
j_hist_006596,5.0,6,27.8,5,0,1,1,25.1,MODERATE_DELAY,LOW
j_hist_006597,9.57,13,25.8,15,1,0,0,31.24,ON_TIME,MEDIUM
j_hist_006598,32.31,40,39.7,14,0,0,0,76.06,ON_TIME,MEDIUM
j_hist_006599,20.77,28,24.1,20,0,0,1,91.03,HEAVY_DELAY,LOW
j_hist_006600,19.14,21,40.2,9,0,0,0,43.89,ON_TIME,HIGH
j_hist_006601,21.28,28,26.9,21,0,0,1,84.45,HEAVY_DELAY,LOW
j_hist_006602,13.44,18,41.0,13,1,0,1,41.32,MODERATE_DELAY,MEDIUM
j_hist_006603,28.44,41,34.6,12,0,0,0,77.91,ON_TIME,MEDIUM
j_hist_006604,18.79,19,37.2,14,0,1,0,50.24,SLIGHT_DELAY,MEDIUM
j_hist_006605,4.97,7,16.9,12,0,0,0,21.33,ON_TIME,MEDIUM
j_hist_006606,5.39,8,30.4,7,0,0,1,19.05,SLIGHT_DELAY,LOW
j_hist_006607,19.25,28,18.0,16,0,0,0,85.3,ON_TIME,MEDIUM
j_hist_006608,32.84,32,22.3,8,1,2,0,145.36,HEAVY_DELAY,HIGH
j_hist_006609,11.48,14,31.5,22,0,2,0,43.55,MODERATE_DELAY,LOW
j_hist_006610,30.56,32,34.3,13,0,0,0,78.15,ON_TIME,MEDIUM
j_hist_006611,26.98,32,15.1,8,0,1,2,180.0,HEAVY_DELAY,HIGH
j_hist_006612,9.43,10,28.9,6,0,0,0,29.38,SLIGHT_DELAY,LOW
j_hist_006613,2.24,3,29.8,11,1,1,2,11.06,SLIGHT_DELAY,MEDIUM
j_hist_006614,4.46,7,16.2,22,1,0,1,29.21,MODERATE_DELAY,LOW
j_hist_006615,25.77,27,28.0,6,0,0,0,75.52,ON_TIME,LOW
j_hist_006616,7.79,9,34.0,6,0,0,1,26.3,SLIGHT_DELAY,LOW
j_hist_006617,13.62,15,15.5,14,0,1,0,76.01,MODERATE_DELAY,MEDIUM
j_hist_006618,18.06,16,35.3,7,1,1,0,50.98,MODERATE_DELAY,LOW
j_hist_006619,25.67,37,30.1,6,0,0,0,78.64,ON_TIME,LOW
j_hist_006620,4.85,7,37.3,7,0,2,0,17.75,SLIGHT_DELAY,LOW
j_hist_006621,14.82,21,20.1,13,1,0,1,74.37,MODERATE_DELAY,MEDIUM
j_hist_006622,17.49,20,37.3,15,1,0,2,65.43,HEAVY_DELAY,MEDIUM
j_hist_006623,19.39,28,16.6,15,0,1,2,157.84,HEAVY_DELAY,MEDIUM
j_hist_006624,28.82,33,25.3,7,1,0,0,91.87,ON_TIME,LOW
j_hist_006625,6.84,9,19.6,9,0,0,1,34.27,SLIGHT_DELAY,HIGH
j_hist_006626,28.47,33,38.5,16,0,2,1,115.05,HEAVY_DELAY,MEDIUM
j_hist_006627,24.56,32,33.7,19,1,0,0,67.99,ON_TIME,HIGH
j_hist_006628,19.9,24,14.7,21,0,1,2,171.85,HEAVY_DELAY,LOW
j_hist_006629,24.78,25,14.3,20,1,1,0,141.62,HEAVY_DELAY,LOW
j_hist_006630,15.01,15,22.2,21,1,0,1,63.32,MODERATE_DELAY,LOW
j_hist_006631,5.71,8,18.0,19,1,1,1,32.83,MODERATE_DELAY,HIGH
j_hist_006632,23.64,27,31.6,17,1,0,0,65.76,ON_TIME,HIGH
j_hist_006633,18.84,18,32.6,6,0,0,0,45.91,ON_TIME,LOW
j_hist_006634,22.74,25,40.4,21,0,0,1,65.41,MODERATE_DELAY,LOW
j_hist_006635,12.49,15,40.7,5,0,0,1,37.86,MODERATE_DELAY,LOW
j_hist_006636,31.83,43,32.4,14,1,1,0,104.33,MODERATE_DELAY,MEDIUM
j_hist_006637,20.97,19,14.2,8,0,0,0,101.83,ON_TIME,HIGH
j_hist_006638,3.9,5,24.1,14,1,0,2,20.72,MODERATE_DELAY,MEDIUM
j_hist_006639,16.29,23,28.4,16,1,1,0,58.77,MODERATE_DELAY,MEDIUM
j_hist_006640,26.72,33,28.0,7,0,0,0,83.46,ON_TIME,LOW
j_hist_006641,28.0,29,30.9,5,0,0,0,76.04,ON_TIME,LOW
j_hist_006642,17.82,25,40.9,5,0,1,0,51.81,SLIGHT_DELAY,LOW
j_hist_006643,31.42,36,38.8,8,0,0,1,96.25,HEAVY_DELAY,HIGH
j_hist_006644,10.1,13,17.0,17,1,1,1,64.7,HEAVY_DELAY,HIGH
j_hist_006645,14.96,22,21.4,18,0,0,1,71.15,MODERATE_DELAY,HIGH
j_hist_006646,31.55,45,37.3,18,1,0,1,103.44,HEAVY_DELAY,HIGH
j_hist_006647,31.47,33,37.1,7,0,0,0,76.05,ON_TIME,LOW
j_hist_006648,24.31,23,21.7,15,0,1,2,145.97,HEAVY_DELAY,MEDIUM
j_hist_006649,30.21,32,34.5,13,0,0,1,96.06,HEAVY_DELAY,MEDIUM
j_hist_006650,4.02,5,32.8,10,1,1,2,20.3,MODERATE_DELAY,HIGH
j_hist_006651,30.41,26,27.3,8,0,0,0,86.26,ON_TIME,HIGH
j_hist_006652,11.9,14,19.6,9,1,0,2,73.78,HEAVY_DELAY,HIGH
j_hist_006653,7.06,11,38.9,13,0,0,0,20.14,ON_TIME,MEDIUM
j_hist_006654,9.14,14,33.0,5,0,1,0,30.87,SLIGHT_DELAY,LOW
j_hist_006655,15.21,18,18.7,19,0,1,0,69.25,MODERATE_DELAY,HIGH
j_hist_006656,9.54,12,33.7,15,0,2,0,32.67,SLIGHT_DELAY,MEDIUM
j_hist_006657,11.9,11,34.8,5,0,0,1,37.86,MODERATE_DELAY,LOW
j_hist_006658,5.59,7,38.8,21,0,0,0,16.01,SLIGHT_DELAY,LOW
j_hist_006659,11.07,11,20.2,19,0,1,0,48.96,MODERATE_DELAY,HIGH
j_hist_006660,20.46,27,41.7,18,0,0,1,60.92,MODERATE_DELAY,HIGH
j_hist_006661,16.02,16,18.3,13,0,1,1,92.93,HEAVY_DELAY,MEDIUM
j_hist_006662,12.79,18,30.8,8,0,2,0,50.65,MODERATE_DELAY,HIGH
j_hist_006663,26.38,33,32.4,13,1,0,0,75.66,SLIGHT_DELAY,MEDIUM
j_hist_006664,31.38,31,25.7,9,0,0,0,96.79,ON_TIME,HIGH
j_hist_006665,26.73,25,27.3,7,0,1,2,133.0,HEAVY_DELAY,LOW
j_hist_006666,12.29,16,38.9,22,1,1,1,42.92,MODERATE_DELAY,LOW
j_hist_006667,26.31,37,32.1,13,0,0,0,77.89,ON_TIME,MEDIUM
j_hist_006668,6.17,9,27.9,8,0,1,0,20.04,ON_TIME,HIGH
j_hist_006669,5.43,7,17.6,11,0,2,0,30.98,MODERATE_DELAY,MEDIUM
j_hist_006670,12.75,16,14.2,5,1,0,1,84.15,HEAVY_DELAY,LOW
j_hist_006671,28.46,30,17.5,20,0,0,2,180.0,HEAVY_DELAY,LOW
j_hist_006672,9.38,15,40.8,10,0,0,0,25.83,ON_TIME,HIGH
j_hist_006673,3.15,5,35.4,10,0,0,0,7.45,ON_TIME,HIGH
j_hist_006674,5.48,8,41.1,18,0,0,0,12.0,ON_TIME,HIGH
j_hist_006675,30.2,33,15.0,9,1,0,1,180.0,HEAVY_DELAY,HIGH
j_hist_006676,22.55,28,33.0,15,1,0,1,76.12,MODERATE_DELAY,MEDIUM
j_hist_006677,9.61,11,15.2,5,0,0,0,45.74,ON_TIME,LOW
j_hist_006678,19.88,18,35.9,14,0,2,2,92.15,HEAVY_DELAY,MEDIUM
j_hist_006679,18.94,21,24.7,5,0,1,0,71.77,MODERATE_DELAY,LOW
j_hist_006680,23.28,33,16.7,8,1,0,1,135.13,HEAVY_DELAY,HIGH
j_hist_006681,8.93,12,29.9,12,0,0,2,40.02,MODERATE_DELAY,MEDIUM
j_hist_006682,30.39,27,21.8,5,1,2,1,167.87,HEAVY_DELAY,LOW
j_hist_006683,11.52,17,32.5,12,0,0,0,34.75,ON_TIME,MEDIUM
j_hist_006684,24.6,25,32.4,18,1,0,0,68.1,SLIGHT_DELAY,HIGH
j_hist_006685,1.55,3,33.7,21,0,0,2,6.53,ON_TIME,LOW
j_hist_006686,13.67,15,41.8,13,0,0,1,37.44,SLIGHT_DELAY,MEDIUM
j_hist_006687,12.96,16,24.8,10,0,1,0,50.04,SLIGHT_DELAY,HIGH
j_hist_006688,19.48,23,27.0,5,1,0,0,58.95,ON_TIME,LOW
j_hist_006689,3.47,5,36.5,13,0,1,0,11.69,SLIGHT_DELAY,MEDIUM
j_hist_006690,27.86,36,30.2,5,0,0,1,106.4,HEAVY_DELAY,LOW
j_hist_006691,8.4,10,15.0,18,1,0,0,44.1,SLIGHT_DELAY,HIGH
j_hist_006692,24.02,32,37.6,15,1,0,0,61.69,ON_TIME,MEDIUM
j_hist_006693,28.31,27,15.4,12,1,1,0,148.37,HEAVY_DELAY,MEDIUM
j_hist_006694,20.1,27,18.8,16,0,2,1,138.79,HEAVY_DELAY,MEDIUM
j_hist_006695,26.19,33,16.9,10,1,0,0,119.14,ON_TIME,HIGH
j_hist_006696,23.5,30,16.2,21,0,0,1,137.77,HEAVY_DELAY,LOW
j_hist_006697,13.09,16,14.7,15,1,0,1,81.46,HEAVY_DELAY,MEDIUM
j_hist_006698,28.5,36,15.5,14,1,0,0,137.84,ON_TIME,MEDIUM
j_hist_006699,11.02,11,26.4,12,0,1,0,37.95,SLIGHT_DELAY,MEDIUM
j_hist_006700,20.42,28,21.1,16,0,0,1,99.9,HEAVY_DELAY,MEDIUM
j_hist_006701,26.34,23,17.5,8,0,0,0,107.86,ON_TIME,HIGH
j_hist_006702,13.88,14,32.4,17,1,0,0,36.04,ON_TIME,HIGH
j_hist_006703,11.29,14,20.3,7,0,0,0,45.03,ON_TIME,LOW
j_hist_006704,16.62,22,14.5,8,0,1,0,96.09,MODERATE_DELAY,HIGH
j_hist_006705,28.81,26,25.7,12,1,2,1,142.17,HEAVY_DELAY,MEDIUM
j_hist_006706,32.62,46,22.7,9,0,1,1,174.93,HEAVY_DELAY,HIGH
j_hist_006707,19.53,29,22.9,6,1,0,1,89.85,HEAVY_DELAY,LOW
j_hist_006708,23.49,29,26.5,12,0,0,1,92.4,HEAVY_DELAY,MEDIUM
j_hist_006709,31.71,36,32.7,9,0,1,1,119.78,HEAVY_DELAY,HIGH
j_hist_006710,4.35,7,31.3,20,1,0,2,21.71,MODERATE_DELAY,LOW
j_hist_006711,8.89,10,40.2,19,0,1,2,35.89,HEAVY_DELAY,HIGH
j_hist_006712,25.1,29,28.5,17,0,0,0,73.08,ON_TIME,HIGH
j_hist_006713,29.01,41,27.2,15,1,0,0,96.2,ON_TIME,MEDIUM
j_hist_006714,30.14,43,20.0,20,0,1,0,140.58,HEAVY_DELAY,LOW
j_hist_006715,15.11,22,35.2,22,0,0,2,62.38,HEAVY_DELAY,LOW
j_hist_006716,4.04,5,17.9,19,0,0,1,23.39,SLIGHT_DELAY,HIGH
j_hist_006717,15.88,16,27.8,10,1,0,1,56.62,MODERATE_DELAY,HIGH
j_hist_006718,8.84,10,25.8,12,0,0,0,27.93,ON_TIME,MEDIUM
j_hist_006719,10.9,13,32.4,8,0,0,0,29.47,ON_TIME,HIGH
j_hist_006720,27.26,28,39.7,20,1,0,1,77.4,HEAVY_DELAY,LOW
j_hist_006721,3.57,5,40.5,15,0,0,1,10.26,ON_TIME,MEDIUM
j_hist_006722,29.14,36,18.7,6,0,0,1,152.05,HEAVY_DELAY,LOW
j_hist_006723,15.54,21,21.3,8,0,1,1,85.24,HEAVY_DELAY,HIGH
j_hist_006724,21.27,28,36.7,18,1,2,0,71.87,HEAVY_DELAY,HIGH
j_hist_006725,4.05,7,28.5,15,0,2,0,17.81,SLIGHT_DELAY,MEDIUM
j_hist_006726,12.47,12,26.7,8,0,0,0,36.03,ON_TIME,HIGH
j_hist_006727,4.05,5,33.9,7,1,0,0,11.84,ON_TIME,LOW
j_hist_006728,33.69,44,30.9,9,0,2,0,127.68,HEAVY_DELAY,HIGH
j_hist_006729,28.45,33,41.2,10,0,0,0,67.83,ON_TIME,HIGH
j_hist_006730,16.63,21,30.4,13,0,0,0,51.76,SLIGHT_DELAY,MEDIUM
j_hist_006731,8.6,9,27.0,8,1,0,0,24.55,ON_TIME,HIGH
j_hist_006732,32.74,33,29.2,11,0,0,0,88.86,ON_TIME,MEDIUM
j_hist_006733,12.72,17,36.6,17,0,1,2,57.67,HEAVY_DELAY,HIGH
j_hist_006734,6.47,10,31.2,14,0,1,1,27.49,MODERATE_DELAY,MEDIUM
j_hist_006735,20.15,29,32.1,16,0,2,2,114.47,HEAVY_DELAY,MEDIUM
j_hist_006736,33.09,38,41.2,14,1,0,1,94.92,HEAVY_DELAY,MEDIUM
j_hist_006737,1.13,3,31.3,15,0,0,2,7.11,SLIGHT_DELAY,MEDIUM
j_hist_006738,9.1,13,24.6,15,0,1,1,42.79,MODERATE_DELAY,MEDIUM
j_hist_006739,32.91,38,33.4,10,0,0,1,111.17,HEAVY_DELAY,HIGH
j_hist_006740,6.82,9,32.5,10,0,0,0,21.35,ON_TIME,HIGH
j_hist_006741,4.85,8,14.4,10,0,1,0,28.8,SLIGHT_DELAY,HIGH
j_hist_006742,20.39,27,27.1,16,0,0,2,96.89,HEAVY_DELAY,MEDIUM
j_hist_006743,30.3,42,34.8,18,1,0,0,83.75,ON_TIME,HIGH
j_hist_006744,17.22,18,28.0,22,0,0,0,50.06,ON_TIME,LOW
j_hist_006745,34.82,40,35.8,14,1,1,1,126.88,HEAVY_DELAY,MEDIUM
j_hist_006746,24.09,33,26.6,14,0,1,0,90.88,MODERATE_DELAY,MEDIUM
j_hist_006747,3.52,5,41.5,11,0,1,0,9.08,ON_TIME,MEDIUM
j_hist_006748,34.76,46,22.2,14,0,0,1,160.37,HEAVY_DELAY,MEDIUM
j_hist_006749,14.87,15,16.6,18,0,0,0,63.84,ON_TIME,HIGH
j_hist_006750,10.77,15,26.0,9,1,0,0,36.86,ON_TIME,HIGH
j_hist_006751,19.97,25,29.2,15,1,0,1,73.97,MODERATE_DELAY,MEDIUM
j_hist_006752,11.35,12,23.8,11,1,0,0,35.58,ON_TIME,MEDIUM
j_hist_006753,3.94,6,20.8,22,0,0,2,21.57,SLIGHT_DELAY,LOW
j_hist_006754,1.05,3,32.8,15,0,0,0,5.0,ON_TIME,MEDIUM
j_hist_006755,16.29,21,24.6,7,0,1,2,95.7,HEAVY_DELAY,LOW
j_hist_006756,29.45,33,31.7,11,1,2,1,129.75,HEAVY_DELAY,MEDIUM
j_hist_006757,20.46,29,35.8,8,0,0,1,71.32,HEAVY_DELAY,HIGH
j_hist_006758,34.97,40,35.3,22,1,0,1,114.11,HEAVY_DELAY,LOW
j_hist_006759,10.75,13,24.5,15,0,2,2,72.19,HEAVY_DELAY,MEDIUM
j_hist_006760,10.54,10,29.9,18,1,2,0,39.4,MODERATE_DELAY,HIGH
j_hist_006761,6.43,10,26.6,14,0,0,0,23.43,ON_TIME,MEDIUM
j_hist_006762,6.58,7,38.4,18,1,0,0,16.57,ON_TIME,HIGH
j_hist_006763,10.7,13,38.6,8,0,0,1,34.11,MODERATE_DELAY,HIGH
j_hist_006764,27.96,37,23.6,16,0,2,1,161.48,HEAVY_DELAY,MEDIUM
j_hist_006765,31.8,31,16.6,16,0,2,1,180.0,HEAVY_DELAY,MEDIUM
j_hist_006766,34.15,40,18.7,6,0,1,1,180.0,HEAVY_DELAY,LOW
j_hist_006767,8.9,10,24.3,10,1,2,0,38.68,MODERATE_DELAY,HIGH
j_hist_006768,30.96,40,29.8,9,0,0,0,95.21,SLIGHT_DELAY,HIGH
j_hist_006769,12.16,15,32.4,19,1,0,2,50.78,HEAVY_DELAY,HIGH
j_hist_006770,4.84,8,23.3,14,0,0,1,23.27,SLIGHT_DELAY,MEDIUM
j_hist_006771,30.58,42,32.7,11,0,0,0,89.3,ON_TIME,MEDIUM
j_hist_006772,22.63,28,40.3,12,0,1,0,63.5,MODERATE_DELAY,MEDIUM
j_hist_006773,6.6,10,32.3,19,0,2,0,26.66,SLIGHT_DELAY,HIGH
j_hist_006774,15.61,19,18.4,8,0,0,0,65.26,ON_TIME,HIGH
j_hist_006775,10.77,13,30.2,17,0,0,2,46.8,HEAVY_DELAY,HIGH
j_hist_006776,26.05,32,29.2,9,0,0,0,79.0,ON_TIME,HIGH
j_hist_006777,16.42,24,38.4,15,0,0,1,52.03,MODERATE_DELAY,MEDIUM
j_hist_006778,34.64,38,23.8,20,0,1,1,166.78,HEAVY_DELAY,LOW
j_hist_006779,2.86,4,25.8,22,0,0,1,9.43,ON_TIME,LOW
j_hist_006780,13.07,15,30.8,19,1,0,1,43.4,SLIGHT_DELAY,HIGH
j_hist_006781,17.38,20,28.7,5,0,0,1,60.86,MODERATE_DELAY,LOW
j_hist_006782,18.11,17,34.1,12,0,0,1,56.52,MODERATE_DELAY,MEDIUM
j_hist_006783,11.74,14,15.1,8,1,1,0,63.76,SLIGHT_DELAY,HIGH
j_hist_006784,25.79,30,29.8,13,0,0,2,110.72,HEAVY_DELAY,MEDIUM
j_hist_006785,30.74,37,17.4,11,1,0,0,134.98,ON_TIME,MEDIUM
j_hist_006786,32.92,35,22.8,19,0,0,1,140.43,HEAVY_DELAY,HIGH
j_hist_006787,28.37,35,32.5,7,1,0,0,77.76,ON_TIME,LOW
j_hist_006788,29.92,41,18.4,16,0,0,1,162.09,HEAVY_DELAY,MEDIUM
j_hist_006789,19.72,29,22.6,6,0,0,1,93.13,HEAVY_DELAY,LOW
j_hist_006790,29.08,35,33.7,11,1,0,0,77.43,ON_TIME,MEDIUM
j_hist_006791,11.32,11,32.2,15,0,2,0,38.62,MODERATE_DELAY,MEDIUM
j_hist_006792,14.55,22,16.5,12,0,0,2,102.12,HEAVY_DELAY,MEDIUM
j_hist_006793,11.78,16,30.2,17,0,0,2,52.19,HEAVY_DELAY,HIGH
j_hist_006794,16.89,18,18.1,13,1,1,0,82.06,MODERATE_DELAY,MEDIUM
j_hist_006795,10.71,11,21.1,6,0,1,1,53.71,MODERATE_DELAY,LOW
j_hist_006796,33.69,31,26.9,22,1,0,1,122.11,HEAVY_DELAY,LOW
j_hist_006797,11.64,12,17.1,19,1,1,0,56.82,SLIGHT_DELAY,HIGH
j_hist_006798,4.33,5,41.8,15,0,0,0,9.02,ON_TIME,MEDIUM
j_hist_006799,18.91,27,18.6,19,0,0,2,122.26,HEAVY_DELAY,HIGH
j_hist_006800,2.94,5,35.9,22,0,0,1,11.05,SLIGHT_DELAY,LOW
j_hist_006801,4.76,7,37.2,18,0,0,0,13.72,ON_TIME,HIGH
j_hist_006802,8.46,12,41.8,17,0,0,0,22.11,ON_TIME,HIGH
j_hist_006803,16.79,23,26.0,20,0,0,2,84.78,HEAVY_DELAY,LOW
j_hist_006804,15.73,22,38.5,6,0,1,2,72.83,HEAVY_DELAY,LOW
j_hist_006805,28.19,40,40.8,6,0,0,0,72.9,ON_TIME,LOW
j_hist_006806,26.14,29,18.8,21,0,0,0,104.66,ON_TIME,LOW
j_hist_006807,15.49,23,27.4,22,1,1,0,60.98,MODERATE_DELAY,LOW
j_hist_006808,12.35,17,15.7,14,1,0,0,59.09,ON_TIME,MEDIUM
j_hist_006809,11.76,11,31.4,16,0,0,1,37.75,MODERATE_DELAY,MEDIUM
j_hist_006810,27.32,35,30.3,7,1,1,0,92.56,MODERATE_DELAY,LOW
j_hist_006811,2.77,5,19.7,10,1,0,1,16.46,SLIGHT_DELAY,HIGH
j_hist_006812,1.44,3,36.3,9,0,0,2,7.37,SLIGHT_DELAY,HIGH
j_hist_006813,28.05,30,15.0,12,0,1,2,180.0,HEAVY_DELAY,MEDIUM
j_hist_006814,17.22,21,36.6,22,1,0,1,54.79,MODERATE_DELAY,LOW
j_hist_006815,5.45,6,14.7,20,1,0,1,35.06,MODERATE_DELAY,LOW
j_hist_006816,9.01,11,32.4,18,1,0,0,24.84,ON_TIME,HIGH
j_hist_006817,32.71,29,16.2,10,0,1,0,165.34,HEAVY_DELAY,HIGH
j_hist_006818,30.22,35,21.0,15,0,0,0,109.1,ON_TIME,MEDIUM
j_hist_006819,25.13,34,34.2,10,0,0,1,84.19,MODERATE_DELAY,HIGH
j_hist_006820,17.4,18,21.9,9,0,0,0,63.2,ON_TIME,HIGH
j_hist_006821,18.69,22,28.3,19,0,0,1,66.55,MODERATE_DELAY,HIGH
j_hist_006822,34.16,33,39.6,10,0,1,1,107.18,HEAVY_DELAY,HIGH
j_hist_006823,33.84,31,15.4,20,0,0,0,155.17,ON_TIME,LOW
j_hist_006824,8.32,11,36.7,22,0,2,0,29.72,MODERATE_DELAY,LOW
j_hist_006825,28.58,26,15.8,5,1,0,1,156.51,HEAVY_DELAY,LOW
j_hist_006826,7.71,10,17.6,7,0,0,2,50.71,HEAVY_DELAY,LOW
j_hist_006827,8.26,8,17.3,7,0,0,0,35.74,ON_TIME,LOW
j_hist_006828,23.99,22,41.8,11,0,0,0,50.09,ON_TIME,MEDIUM
j_hist_006829,14.77,18,19.0,18,0,0,0,59.61,ON_TIME,HIGH
j_hist_006830,32.67,39,39.1,22,1,2,0,104.38,HEAVY_DELAY,LOW
j_hist_006831,4.03,5,41.7,19,1,2,1,15.78,SLIGHT_DELAY,HIGH
j_hist_006832,18.39,23,24.7,17,0,0,0,61.69,ON_TIME,HIGH
j_hist_006833,32.23,43,31.7,6,1,0,0,92.09,ON_TIME,LOW
j_hist_006834,31.74,41,35.8,11,0,2,0,108.04,HEAVY_DELAY,MEDIUM
j_hist_006835,6.32,7,25.0,17,0,1,2,35.67,HEAVY_DELAY,HIGH
j_hist_006836,13.47,17,18.5,8,0,0,0,55.88,ON_TIME,HIGH
j_hist_006837,22.05,28,26.1,10,1,1,0,80.91,MODERATE_DELAY,HIGH
j_hist_006838,6.42,7,35.6,22,0,1,0,16.71,ON_TIME,LOW
j_hist_006839,33.91,46,35.9,19,0,0,0,87.89,ON_TIME,HIGH
j_hist_006840,32.1,45,20.5,7,0,2,1,180.0,HEAVY_DELAY,LOW
j_hist_006841,6.68,10,18.9,21,0,0,0,28.67,ON_TIME,LOW
j_hist_006842,5.12,8,39.8,20,0,0,0,15.57,ON_TIME,LOW
j_hist_006843,3.9,6,15.2,17,0,0,2,31.1,MODERATE_DELAY,HIGH
j_hist_006844,31.92,39,34.6,12,0,0,1,105.25,HEAVY_DELAY,MEDIUM
j_hist_006845,7.58,11,15.3,18,1,0,0,37.24,ON_TIME,HIGH
j_hist_006846,15.15,21,37.5,8,0,1,0,45.09,SLIGHT_DELAY,HIGH
j_hist_006847,16.26,21,39.4,11,1,0,1,48.24,MODERATE_DELAY,MEDIUM
j_hist_006848,21.37,23,22.3,14,0,0,0,72.7,ON_TIME,MEDIUM
j_hist_006849,3.44,5,16.1,19,0,0,1,20.08,SLIGHT_DELAY,HIGH
j_hist_006850,8.71,13,27.5,20,0,2,0,37.12,MODERATE_DELAY,LOW
j_hist_006851,32.67,28,22.4,12,1,1,0,124.37,HEAVY_DELAY,MEDIUM
j_hist_006852,31.89,40,25.7,6,0,0,2,155.01,HEAVY_DELAY,LOW
j_hist_006853,27.56,39,32.6,21,1,0,0,79.19,ON_TIME,LOW
j_hist_006854,1.66,4,19.9,10,0,0,0,6.55,ON_TIME,HIGH
j_hist_006855,12.12,18,24.0,20,1,0,1,56.59,MODERATE_DELAY,LOW
j_hist_006856,22.35,29,35.9,6,1,0,0,60.23,ON_TIME,LOW
j_hist_006857,10.36,10,32.0,22,0,0,2,40.07,MODERATE_DELAY,LOW
j_hist_006858,31.93,43,23.1,15,0,1,0,134.05,HEAVY_DELAY,MEDIUM
j_hist_006859,22.55,23,32.6,16,0,1,0,68.17,MODERATE_DELAY,MEDIUM
j_hist_006860,3.44,5,35.4,9,1,0,0,9.84,ON_TIME,HIGH
j_hist_006861,31.91,33,30.6,6,0,0,0,87.44,ON_TIME,LOW
j_hist_006862,33.56,34,20.7,22,1,1,1,174.14,HEAVY_DELAY,LOW
j_hist_006863,3.64,5,14.0,10,1,0,1,24.86,SLIGHT_DELAY,HIGH
j_hist_006864,19.1,21,36.5,5,0,0,0,48.54,ON_TIME,LOW
j_hist_006865,11.31,15,37.0,13,0,0,0,30.42,ON_TIME,MEDIUM
j_hist_006866,14.36,20,33.5,19,1,0,1,51.0,MODERATE_DELAY,HIGH
j_hist_006867,7.11,8,16.1,12,0,2,0,42.7,MODERATE_DELAY,MEDIUM
j_hist_006868,20.65,21,30.4,18,1,0,1,71.51,MODERATE_DELAY,HIGH
j_hist_006869,33.57,42,37.0,8,0,0,1,108.73,HEAVY_DELAY,HIGH
j_hist_006870,18.1,23,24.9,11,1,1,0,70.72,MODERATE_DELAY,MEDIUM
j_hist_006871,3.82,7,19.5,12,0,1,0,21.59,SLIGHT_DELAY,MEDIUM
j_hist_006872,22.08,19,30.5,14,1,0,1,71.44,MODERATE_DELAY,MEDIUM
j_hist_006873,12.57,18,37.1,22,0,0,2,50.33,HEAVY_DELAY,LOW
j_hist_006874,30.1,35,15.4,22,0,0,1,180.0,HEAVY_DELAY,LOW
j_hist_006875,15.78,20,30.7,8,0,2,0,60.37,MODERATE_DELAY,HIGH
j_hist_006876,7.56,8,32.0,17,1,0,2,30.84,MODERATE_DELAY,HIGH
j_hist_006877,7.5,9,30.9,10,0,1,1,32.4,MODERATE_DELAY,HIGH
j_hist_006878,27.14,27,32.2,17,1,1,0,79.39,MODERATE_DELAY,HIGH
j_hist_006879,10.03,11,31.7,20,0,0,1,34.7,MODERATE_DELAY,LOW
j_hist_006880,27.09,31,17.7,14,0,1,0,131.82,HEAVY_DELAY,MEDIUM
j_hist_006881,8.0,12,20.6,13,0,0,0,33.38,ON_TIME,MEDIUM
j_hist_006882,11.94,16,31.3,11,0,1,0,39.29,SLIGHT_DELAY,MEDIUM
j_hist_006883,16.83,21,14.5,21,1,0,2,129.49,HEAVY_DELAY,LOW
j_hist_006884,33.07,39,31.8,11,0,0,0,93.48,ON_TIME,MEDIUM
j_hist_006885,32.68,36,32.6,6,1,1,1,124.16,HEAVY_DELAY,LOW
j_hist_006886,8.03,13,20.7,5,0,2,2,62.64,HEAVY_DELAY,LOW
j_hist_006887,13.18,16,30.7,6,0,0,0,38.27,ON_TIME,LOW
j_hist_006888,6.08,7,29.0,9,0,1,0,22.4,SLIGHT_DELAY,HIGH
j_hist_006889,18.34,19,21.3,22,0,1,0,78.05,MODERATE_DELAY,LOW
j_hist_006890,16.66,21,27.0,10,0,1,0,63.32,MODERATE_DELAY,HIGH
j_hist_006891,31.63,37,39.5,10,0,0,2,112.31,HEAVY_DELAY,HIGH
j_hist_006892,32.62,28,25.9,20,1,1,0,110.41,MODERATE_DELAY,LOW
j_hist_006893,14.04,20,31.6,20,0,0,0,40.55,ON_TIME,LOW
j_hist_006894,17.72,23,15.0,7,1,0,0,87.95,ON_TIME,LOW
j_hist_006895,31.47,39,16.2,7,0,0,0,146.27,ON_TIME,LOW
j_hist_006896,28.43,25,16.3,8,0,2,0,161.94,HEAVY_DELAY,HIGH
j_hist_006897,1.12,3,35.8,10,0,0,0,5.02,ON_TIME,HIGH
j_hist_006898,11.88,18,23.8,7,1,0,0,45.3,ON_TIME,LOW
j_hist_006899,15.34,22,20.4,13,0,0,0,61.14,ON_TIME,MEDIUM
j_hist_006900,8.81,10,34.9,7,0,0,0,24.8,SLIGHT_DELAY,LOW
j_hist_006901,7.79,8,18.8,10,0,0,2,46.3,HEAVY_DELAY,HIGH
j_hist_006902,2.28,4,20.9,13,0,0,0,10.12,ON_TIME,MEDIUM
j_hist_006903,22.87,25,26.1,19,1,1,1,104.97,HEAVY_DELAY,HIGH
j_hist_006904,9.93,14,23.3,13,1,0,0,33.27,ON_TIME,MEDIUM
j_hist_006905,2.78,5,30.4,9,0,2,1,15.11,SLIGHT_DELAY,HIGH
j_hist_006906,8.85,11,23.5,20,0,0,0,28.27,ON_TIME,LOW
j_hist_006907,28.27,25,25.0,7,1,1,2,147.2,HEAVY_DELAY,LOW
j_hist_006908,29.95,42,38.2,13,0,1,1,113.06,HEAVY_DELAY,MEDIUM
j_hist_006909,17.42,16,38.8,21,1,1,2,65.78,HEAVY_DELAY,LOW
j_hist_006910,15.15,22,37.2,7,0,0,1,51.84,MODERATE_DELAY,LOW
j_hist_006911,34.25,43,38.2,11,0,1,1,123.77,HEAVY_DELAY,MEDIUM
j_hist_006912,7.82,12,30.0,11,0,0,1,29.75,SLIGHT_DELAY,MEDIUM
j_hist_006913,8.32,9,32.1,10,1,0,1,25.55,SLIGHT_DELAY,HIGH
j_hist_006914,10.92,11,29.6,12,0,0,1,39.71,MODERATE_DELAY,MEDIUM
j_hist_006915,6.87,9,36.0,8,0,0,0,18.46,ON_TIME,HIGH
j_hist_006916,13.9,16,29.4,19,0,0,0,39.06,ON_TIME,HIGH
j_hist_006917,31.97,33,17.1,10,0,1,1,180.0,HEAVY_DELAY,HIGH
j_hist_006918,21.92,32,36.7,20,0,2,0,76.21,HEAVY_DELAY,LOW
j_hist_006919,15.01,21,35.3,9,0,0,0,41.4,ON_TIME,HIGH
j_hist_006920,32.77,41,37.0,16,1,0,0,85.11,ON_TIME,MEDIUM
j_hist_006921,2.65,4,19.3,18,0,0,1,14.66,SLIGHT_DELAY,HIGH
j_hist_006922,8.15,12,21.6,10,0,1,0,38.21,SLIGHT_DELAY,HIGH
j_hist_006923,20.24,27,22.3,7,1,2,1,121.92,HEAVY_DELAY,LOW
j_hist_006924,21.93,25,28.2,14,1,0,0,67.61,SLIGHT_DELAY,MEDIUM
j_hist_006925,2.34,5,17.7,11,0,2,0,15.1,SLIGHT_DELAY,MEDIUM
j_hist_006926,14.7,15,24.8,17,0,0,1,55.73,MODERATE_DELAY,HIGH
j_hist_006927,23.07,24,19.1,5,1,0,0,88.53,ON_TIME,LOW
j_hist_006928,24.73,22,21.4,5,0,0,0,85.27,ON_TIME,LOW
j_hist_006929,22.7,30,33.8,21,0,0,1,78.03,HEAVY_DELAY,LOW
j_hist_006930,11.9,15,37.9,8,0,0,2,44.04,MODERATE_DELAY,HIGH
j_hist_006931,4.18,6,14.6,18,0,0,0,22.42,ON_TIME,HIGH
j_hist_006932,15.52,15,29.8,10,0,0,0,44.11,ON_TIME,HIGH
j_hist_006933,5.38,6,15.0,18,1,0,1,29.1,SLIGHT_DELAY,HIGH
j_hist_006934,33.22,31,16.4,19,1,0,0,145.99,ON_TIME,HIGH
j_hist_006935,17.16,20,33.7,5,0,0,0,44.72,ON_TIME,LOW
j_hist_006936,11.79,13,34.6,20,0,1,0,32.16,ON_TIME,LOW
j_hist_006937,27.05,27,36.8,8,0,0,0,62.39,ON_TIME,HIGH
j_hist_006938,17.93,25,27.3,6,1,0,0,57.4,ON_TIME,LOW
j_hist_006939,11.54,14,38.1,5,0,0,0,27.79,ON_TIME,LOW
j_hist_006940,28.61,37,18.7,17,0,0,1,148.17,HEAVY_DELAY,HIGH
j_hist_006941,30.48,27,21.0,20,0,0,0,105.4,ON_TIME,LOW
j_hist_006942,23.88,26,17.8,12,0,0,0,102.98,SLIGHT_DELAY,MEDIUM
j_hist_006943,2.6,4,36.3,8,0,0,1,9.2,ON_TIME,HIGH
j_hist_006944,20.25,20,20.4,6,0,1,2,129.5,HEAVY_DELAY,LOW
j_hist_006945,26.95,25,18.4,17,1,2,0,140.38,HEAVY_DELAY,HIGH
j_hist_006946,5.64,9,31.4,9,0,1,0,19.33,ON_TIME,HIGH
j_hist_006947,8.77,13,16.2,17,0,2,0,54.67,MODERATE_DELAY,HIGH
j_hist_006948,31.0,28,15.3,9,1,0,1,178.9,HEAVY_DELAY,HIGH
j_hist_006949,1.68,3,17.0,20,1,2,0,9.01,ON_TIME,LOW
j_hist_006950,26.59,38,14.0,10,0,0,0,140.81,ON_TIME,HIGH
j_hist_006951,17.11,16,33.5,20,0,1,1,64.43,HEAVY_DELAY,LOW
j_hist_006952,16.19,21,29.7,17,0,2,1,82.48,HEAVY_DELAY,HIGH
j_hist_006953,1.24,3,19.9,15,0,1,1,6.28,ON_TIME,MEDIUM
j_hist_006954,28.86,42,20.5,5,1,2,2,180.0,HEAVY_DELAY,LOW
j_hist_006955,13.23,16,36.7,8,0,0,1,42.83,MODERATE_DELAY,HIGH
j_hist_006956,19.39,19,28.1,7,1,0,1,70.02,MODERATE_DELAY,LOW
j_hist_006957,24.03,24,33.6,22,1,0,0,59.64,ON_TIME,LOW
j_hist_006958,24.89,35,26.7,20,0,0,0,80.73,ON_TIME,LOW
j_hist_006959,33.5,47,20.7,17,0,1,1,180.0,HEAVY_DELAY,HIGH
j_hist_006960,19.07,24,41.2,17,1,1,2,81.66,HEAVY_DELAY,HIGH
j_hist_006961,14.59,20,29.8,11,1,0,2,66.43,HEAVY_DELAY,MEDIUM
j_hist_006962,33.43,43,17.7,19,0,0,0,143.68,ON_TIME,HIGH
j_hist_006963,22.83,29,25.4,19,0,0,1,94.36,HEAVY_DELAY,HIGH
j_hist_006964,11.14,16,23.2,9,1,0,0,40.03,ON_TIME,HIGH
j_hist_006965,5.3,8,20.0,21,0,0,1,26.17,SLIGHT_DELAY,LOW
j_hist_006966,29.65,35,40.1,15,0,0,1,87.82,HEAVY_DELAY,MEDIUM
j_hist_006967,13.31,14,38.7,17,0,0,0,32.4,ON_TIME,HIGH
j_hist_006968,23.46,31,19.6,14,1,1,1,138.04,HEAVY_DELAY,MEDIUM
j_hist_006969,17.01,20,23.9,19,0,1,1,83.39,HEAVY_DELAY,HIGH
j_hist_006970,7.76,9,35.3,6,0,0,1,25.47,SLIGHT_DELAY,LOW
j_hist_006971,21.46,29,19.8,15,0,0,0,86.99,ON_TIME,MEDIUM
j_hist_006972,3.06,5,30.6,15,1,1,0,10.25,ON_TIME,MEDIUM
j_hist_006973,15.05,22,33.6,5,0,0,2,67.0,HEAVY_DELAY,LOW
j_hist_006974,19.58,19,32.3,12,1,2,2,96.67,HEAVY_DELAY,MEDIUM
j_hist_006975,15.83,20,33.8,21,0,0,1,54.49,MODERATE_DELAY,LOW
j_hist_006976,26.45,27,33.8,12,1,1,0,77.83,MODERATE_DELAY,MEDIUM
j_hist_006977,29.15,41,41.0,17,1,0,0,76.35,SLIGHT_DELAY,HIGH
j_hist_006978,27.22,25,23.7,9,0,0,0,85.84,ON_TIME,HIGH
j_hist_006979,2.32,4,38.6,10,0,0,0,6.27,ON_TIME,HIGH
j_hist_006980,7.6,11,14.6,18,0,2,0,49.93,MODERATE_DELAY,HIGH
j_hist_006981,19.24,21,22.1,21,0,0,1,87.06,HEAVY_DELAY,LOW
j_hist_006982,32.78,46,15.4,20,1,0,1,180.0,HEAVY_DELAY,LOW
j_hist_006983,29.39,40,32.2,13,0,2,1,136.95,HEAVY_DELAY,MEDIUM
j_hist_006984,29.65,30,16.8,6,0,0,0,130.45,SLIGHT_DELAY,LOW
j_hist_006985,11.31,11,37.7,8,0,1,2,43.75,HEAVY_DELAY,HIGH
j_hist_006986,15.6,17,32.1,13,0,2,1,67.47,HEAVY_DELAY,MEDIUM
j_hist_006987,17.0,18,14.8,8,0,0,0,83.94,ON_TIME,HIGH
j_hist_006988,6.35,10,34.0,9,0,0,0,21.04,SLIGHT_DELAY,HIGH
j_hist_006989,2.06,4,38.1,10,0,0,0,5.28,ON_TIME,HIGH
j_hist_006990,33.19,29,32.5,5,0,1,1,121.06,HEAVY_DELAY,LOW
j_hist_006991,9.18,11,14.9,17,0,0,2,68.22,HEAVY_DELAY,HIGH
j_hist_006992,9.16,12,38.0,22,1,0,0,22.99,ON_TIME,LOW
j_hist_006993,3.83,5,34.5,7,1,0,0,11.84,ON_TIME,LOW
j_hist_006994,32.57,35,24.6,9,1,1,0,120.83,HEAVY_DELAY,HIGH
j_hist_006995,20.71,22,23.2,17,1,0,1,85.48,HEAVY_DELAY,HIGH
j_hist_006996,23.68,28,27.4,14,1,0,0,69.77,ON_TIME,MEDIUM
j_hist_006997,31.99,40,38.3,7,0,1,2,138.7,HEAVY_DELAY,LOW
j_hist_006998,12.75,17,21.1,15,0,1,2,85.11,HEAVY_DELAY,MEDIUM
j_hist_006999,22.13,21,16.8,5,0,0,2,142.29,HEAVY_DELAY,LOW
j_hist_007000,2.32,4,38.2,19,0,0,0,5.29,ON_TIME,HIGH
j_hist_007001,7.35,10,14.7,8,1,0,0,38.65,ON_TIME,HIGH
j_hist_007002,29.26,41,39.5,19,0,1,0,87.54,MODERATE_DELAY,HIGH
j_hist_007003,27.07,30,22.6,11,1,1,0,110.3,HEAVY_DELAY,MEDIUM
j_hist_007004,12.92,19,28.2,19,0,0,2,62.34,HEAVY_DELAY,HIGH
j_hist_007005,13.81,20,17.7,8,1,0,2,93.24,HEAVY_DELAY,HIGH
j_hist_007006,19.14,22,39.3,7,1,0,0,45.72,ON_TIME,LOW
j_hist_007007,1.01,3,35.0,18,0,2,2,5.96,ON_TIME,HIGH
j_hist_007008,9.2,14,39.9,10,0,1,1,35.44,MODERATE_DELAY,HIGH
j_hist_007009,8.08,11,33.1,5,1,0,0,22.48,ON_TIME,LOW
j_hist_007010,9.52,14,19.2,13,1,0,1,49.28,MODERATE_DELAY,MEDIUM
j_hist_007011,28.4,38,22.6,16,1,0,0,106.45,SLIGHT_DELAY,MEDIUM
j_hist_007012,10.51,14,27.6,22,1,0,0,30.78,ON_TIME,LOW
j_hist_007013,7.51,8,31.0,7,0,0,0,20.47,ON_TIME,LOW
j_hist_007014,18.14,19,39.9,7,0,2,0,53.81,MODERATE_DELAY,LOW
j_hist_007015,30.43,44,24.8,18,1,0,1,133.9,HEAVY_DELAY,HIGH
j_hist_007016,9.21,11,33.7,8,0,0,1,29.93,SLIGHT_DELAY,HIGH
j_hist_007017,3.67,5,40.9,17,0,1,0,7.07,ON_TIME,HIGH
j_hist_007018,13.12,18,18.3,17,0,0,1,69.81,MODERATE_DELAY,HIGH
j_hist_007019,26.42,34,38.2,6,0,0,2,99.69,HEAVY_DELAY,LOW
j_hist_007020,19.72,21,25.8,6,0,1,1,90.69,HEAVY_DELAY,LOW
j_hist_007021,28.77,30,34.5,14,0,0,0,73.28,ON_TIME,MEDIUM
j_hist_007022,33.63,38,22.2,15,0,2,0,155.7,HEAVY_DELAY,MEDIUM
j_hist_007023,27.95,24,23.4,19,0,0,2,137.07,HEAVY_DELAY,HIGH
j_hist_007024,21.53,29,14.8,7,1,0,0,110.63,ON_TIME,LOW
j_hist_007025,17.77,19,41.2,18,1,0,1,53.14,MODERATE_DELAY,HIGH
j_hist_007026,2.36,5,36.8,22,0,0,1,9.08,ON_TIME,LOW
j_hist_007027,34.47,46,16.6,5,0,2,0,180.0,HEAVY_DELAY,LOW
j_hist_007028,14.04,18,42.0,7,1,0,0,33.3,ON_TIME,LOW
j_hist_007029,6.18,8,30.9,12,0,0,1,20.94,SLIGHT_DELAY,MEDIUM
j_hist_007030,23.67,28,37.9,21,0,0,0,57.48,ON_TIME,LOW
j_hist_007031,10.67,13,15.9,5,0,2,0,65.31,HEAVY_DELAY,LOW
j_hist_007032,20.92,22,24.9,10,0,1,0,78.26,MODERATE_DELAY,HIGH
j_hist_007033,20.95,29,32.8,21,0,0,0,62.07,ON_TIME,LOW
j_hist_007034,16.15,19,17.0,5,1,0,0,69.49,ON_TIME,LOW
j_hist_007035,29.43,40,27.7,17,0,0,1,116.95,HEAVY_DELAY,HIGH
j_hist_007036,10.01,10,26.4,16,0,0,2,44.77,MODERATE_DELAY,MEDIUM
j_hist_007037,16.25,16,20.0,9,0,0,0,64.31,SLIGHT_DELAY,HIGH
j_hist_007038,19.28,28,22.4,17,1,1,1,104.19,HEAVY_DELAY,HIGH
j_hist_007039,23.56,29,41.1,12,1,0,1,69.27,MODERATE_DELAY,MEDIUM
j_hist_007040,27.66,32,22.1,16,0,0,1,123.73,HEAVY_DELAY,MEDIUM
j_hist_007041,14.42,18,20.0,13,0,0,1,72.01,HEAVY_DELAY,MEDIUM
j_hist_007042,22.97,23,29.0,21,0,0,0,67.21,SLIGHT_DELAY,LOW
j_hist_007043,6.12,9,32.8,18,0,0,0,14.91,ON_TIME,HIGH
j_hist_007044,32.71,29,34.3,11,0,0,2,117.8,HEAVY_DELAY,MEDIUM
j_hist_007045,14.02,18,35.1,8,1,0,1,46.52,MODERATE_DELAY,HIGH
j_hist_007046,25.8,31,15.0,11,0,0,0,126.07,ON_TIME,MEDIUM
j_hist_007047,1.69,4,25.0,21,1,0,1,12.6,SLIGHT_DELAY,LOW
j_hist_007048,7.98,10,35.7,21,1,1,1,29.69,MODERATE_DELAY,LOW
j_hist_007049,17.56,17,39.3,5,0,1,0,48.44,MODERATE_DELAY,LOW
j_hist_007050,30.86,37,30.9,6,0,0,0,86.79,ON_TIME,LOW
j_hist_007051,18.93,18,15.5,22,0,0,0,84.84,ON_TIME,LOW
j_hist_007052,32.62,32,25.1,13,0,0,0,102.89,ON_TIME,MEDIUM
j_hist_007053,17.45,16,16.1,9,0,0,0,76.82,ON_TIME,HIGH
j_hist_007054,17.68,21,35.0,5,0,1,0,50.92,SLIGHT_DELAY,LOW
j_hist_007055,5.07,6,15.8,11,0,1,0,28.63,SLIGHT_DELAY,MEDIUM
j_hist_007056,28.29,32,19.2,6,0,0,0,114.29,ON_TIME,LOW
j_hist_007057,9.4,14,25.7,7,1,0,0,33.07,ON_TIME,LOW
j_hist_007058,31.59,40,27.0,8,1,0,1,125.88,HEAVY_DELAY,HIGH
j_hist_007059,31.97,29,25.4,7,1,0,0,97.69,ON_TIME,LOW
j_hist_007060,33.07,32,27.0,16,1,0,0,98.58,ON_TIME,MEDIUM
j_hist_007061,18.69,24,34.0,19,0,0,0,52.5,ON_TIME,HIGH
j_hist_007062,24.02,34,24.3,8,0,1,1,120.03,HEAVY_DELAY,HIGH
j_hist_007063,27.47,24,29.3,5,1,0,0,73.55,ON_TIME,LOW
j_hist_007064,5.45,9,22.5,20,1,0,0,21.42,ON_TIME,LOW
j_hist_007065,21.43,26,23.9,10,0,0,0,73.15,ON_TIME,HIGH
j_hist_007066,2.17,4,31.2,21,0,0,1,9.51,SLIGHT_DELAY,LOW
j_hist_007067,17.92,26,27.7,9,0,0,1,73.2,MODERATE_DELAY,HIGH
j_hist_007068,6.26,9,34.2,17,1,1,0,20.68,SLIGHT_DELAY,HIGH
j_hist_007069,7.22,11,29.7,16,1,2,2,43.61,HEAVY_DELAY,MEDIUM
j_hist_007070,13.41,15,36.5,5,1,1,1,46.91,MODERATE_DELAY,LOW
j_hist_007071,15.7,19,26.4,16,0,0,0,52.33,SLIGHT_DELAY,MEDIUM
j_hist_007072,22.19,27,27.7,6,0,0,0,67.68,ON_TIME,LOW
j_hist_007073,3.53,5,32.8,22,0,1,0,16.7,SLIGHT_DELAY,LOW
j_hist_007074,18.13,22,20.2,13,0,2,1,111.72,HEAVY_DELAY,MEDIUM
j_hist_007075,7.21,8,24.8,20,1,0,0,22.63,ON_TIME,LOW
j_hist_007076,20.52,20,31.5,19,0,0,0,54.86,ON_TIME,HIGH
j_hist_007077,22.67,25,14.8,14,0,0,2,166.57,HEAVY_DELAY,MEDIUM
j_hist_007078,19.93,26,26.2,6,1,1,1,92.07,HEAVY_DELAY,LOW
j_hist_007079,26.1,37,30.8,8,0,1,2,139.45,HEAVY_DELAY,HIGH
j_hist_007080,12.41,15,41.1,22,1,0,0,28.42,ON_TIME,LOW
j_hist_007081,27.01,34,38.6,22,0,1,0,76.46,MODERATE_DELAY,LOW
j_hist_007082,15.71,15,21.9,18,1,2,0,70.57,HEAVY_DELAY,HIGH
j_hist_007083,17.46,25,28.2,12,1,0,0,54.18,ON_TIME,MEDIUM
j_hist_007084,23.04,28,15.6,9,0,0,2,163.35,HEAVY_DELAY,HIGH
j_hist_007085,1.62,4,20.7,9,0,1,1,10.03,SLIGHT_DELAY,HIGH
j_hist_007086,23.24,31,35.7,12,0,0,0,60.13,ON_TIME,MEDIUM
j_hist_007087,22.03,23,17.5,15,0,1,0,107.31,MODERATE_DELAY,MEDIUM
j_hist_007088,11.53,14,21.2,11,0,0,1,52.21,MODERATE_DELAY,MEDIUM
j_hist_007089,3.92,7,40.4,17,1,0,0,11.5,ON_TIME,HIGH
j_hist_007090,4.09,5,37.1,21,0,0,0,8.82,ON_TIME,LOW
j_hist_007091,32.39,41,35.9,7,0,0,1,107.75,HEAVY_DELAY,LOW
j_hist_007092,24.44,35,38.2,6,0,2,2,127.09,HEAVY_DELAY,LOW
j_hist_007093,5.32,7,35.0,10,1,0,0,15.33,ON_TIME,HIGH
j_hist_007094,13.13,19,17.4,19,1,0,1,74.36,MODERATE_DELAY,HIGH
j_hist_007095,21.14,30,28.5,8,0,0,1,85.91,HEAVY_DELAY,HIGH
j_hist_007096,29.41,38,26.4,11,0,0,1,119.56,HEAVY_DELAY,MEDIUM
j_hist_007097,2.48,4,22.7,18,0,1,1,13.0,SLIGHT_DELAY,HIGH
j_hist_007098,9.05,11,37.4,11,0,1,1,31.02,MODERATE_DELAY,MEDIUM
j_hist_007099,31.25,27,27.0,18,0,2,1,146.51,HEAVY_DELAY,HIGH
j_hist_007100,1.31,3,15.7,9,0,0,1,7.69,ON_TIME,HIGH
j_hist_007101,7.85,12,21.7,19,1,0,0,31.45,ON_TIME,HIGH
j_hist_007102,33.61,41,20.4,16,0,1,0,148.92,HEAVY_DELAY,MEDIUM
j_hist_007103,21.86,24,38.8,21,1,1,1,74.41,HEAVY_DELAY,LOW
j_hist_007104,9.9,10,32.1,9,0,0,1,33.74,MODERATE_DELAY,HIGH
j_hist_007105,3.28,6,29.7,14,1,0,0,12.66,ON_TIME,MEDIUM
j_hist_007106,1.96,4,28.2,16,1,0,1,8.47,ON_TIME,MEDIUM
j_hist_007107,9.32,14,32.2,6,1,1,0,32.21,SLIGHT_DELAY,LOW
j_hist_007108,30.97,40,35.1,21,1,0,0,84.61,ON_TIME,LOW
j_hist_007109,15.14,21,29.5,9,0,0,1,60.53,MODERATE_DELAY,HIGH
j_hist_007110,25.49,33,40.3,19,0,0,0,63.67,ON_TIME,HIGH
j_hist_007111,32.22,39,41.4,17,1,0,0,79.27,SLIGHT_DELAY,HIGH
j_hist_007112,14.87,17,41.9,15,1,0,1,40.86,SLIGHT_DELAY,MEDIUM
j_hist_007113,7.5,12,32.7,22,0,0,1,27.34,SLIGHT_DELAY,LOW
j_hist_007114,18.58,24,40.1,13,1,0,2,65.37,HEAVY_DELAY,MEDIUM
j_hist_007115,31.87,35,25.3,20,0,0,2,151.39,HEAVY_DELAY,LOW
j_hist_007116,28.35,26,38.1,19,0,0,0,62.5,ON_TIME,HIGH
j_hist_007117,3.24,5,39.5,8,0,0,0,10.05,ON_TIME,HIGH
j_hist_007118,24.55,29,39.3,16,0,0,0,59.39,ON_TIME,MEDIUM
j_hist_007119,20.44,21,37.3,17,0,2,1,81.96,HEAVY_DELAY,HIGH
j_hist_007120,31.85,31,25.4,13,1,1,0,114.07,HEAVY_DELAY,MEDIUM
j_hist_007121,5.16,7,18.4,19,0,0,0,19.57,ON_TIME,HIGH
j_hist_007122,19.16,19,23.4,22,0,0,0,61.41,ON_TIME,LOW
j_hist_007123,30.9,41,35.5,11,1,0,0,82.61,ON_TIME,MEDIUM
j_hist_007124,14.94,18,20.5,16,1,1,1,81.65,HEAVY_DELAY,MEDIUM
j_hist_007125,17.39,21,27.4,14,0,0,2,81.16,HEAVY_DELAY,MEDIUM
j_hist_007126,3.4,5,29.8,11,0,0,0,8.48,ON_TIME,MEDIUM
j_hist_007127,10.46,12,30.9,18,1,0,1,36.11,SLIGHT_DELAY,HIGH
j_hist_007128,12.03,14,40.2,19,0,0,0,30.13,ON_TIME,HIGH
j_hist_007129,33.13,44,32.5,8,0,0,0,94.36,ON_TIME,HIGH
j_hist_007130,10.61,15,36.0,12,1,0,1,36.27,MODERATE_DELAY,MEDIUM
j_hist_007131,16.67,17,30.3,9,0,0,0,47.24,ON_TIME,HIGH
j_hist_007132,23.82,29,37.3,7,0,1,0,68.11,MODERATE_DELAY,LOW
j_hist_007133,6.51,8,21.4,14,0,0,2,34.36,MODERATE_DELAY,MEDIUM
j_hist_007134,17.54,26,19.9,19,0,0,0,70.76,ON_TIME,HIGH
j_hist_007135,26.11,37,39.9,6,1,0,1,85.22,HEAVY_DELAY,LOW
j_hist_007136,30.47,36,33.4,14,0,0,1,101.43,HEAVY_DELAY,MEDIUM
j_hist_007137,22.29,29,32.8,20,0,1,1,88.77,HEAVY_DELAY,LOW
j_hist_007138,23.75,32,27.1,7,1,0,1,95.21,HEAVY_DELAY,LOW
j_hist_007139,5.29,8,24.5,11,0,0,0,18.01,ON_TIME,MEDIUM
j_hist_007140,33.16,42,29.6,19,0,0,2,147.81,HEAVY_DELAY,HIGH
j_hist_007141,5.51,9,17.4,16,0,0,1,32.64,SLIGHT_DELAY,MEDIUM
j_hist_007142,27.34,33,26.7,6,0,0,2,127.63,HEAVY_DELAY,LOW
j_hist_007143,10.0,13,26.8,17,0,0,2,45.06,MODERATE_DELAY,HIGH
j_hist_007144,32.74,44,29.1,11,0,0,0,99.61,ON_TIME,MEDIUM
j_hist_007145,25.48,32,31.8,7,0,1,1,103.13,HEAVY_DELAY,LOW
j_hist_007146,26.63,35,40.8,10,0,1,1,95.53,HEAVY_DELAY,HIGH
j_hist_007147,8.45,9,32.3,5,1,0,1,28.67,SLIGHT_DELAY,LOW
j_hist_007148,16.06,18,38.7,6,0,2,2,73.73,HEAVY_DELAY,LOW
j_hist_007149,22.01,21,29.6,5,0,0,2,91.07,HEAVY_DELAY,LOW
j_hist_007150,27.18,31,31.6,8,0,0,0,77.37,SLIGHT_DELAY,HIGH
j_hist_007151,4.53,6,16.0,9,0,0,1,28.81,MODERATE_DELAY,HIGH
j_hist_007152,33.72,49,17.7,6,0,1,0,172.81,HEAVY_DELAY,LOW
j_hist_007153,31.27,38,30.2,20,0,0,1,113.5,HEAVY_DELAY,LOW
j_hist_007154,10.19,14,25.1,12,1,0,0,36.14,ON_TIME,MEDIUM
j_hist_007155,28.97,30,36.4,19,0,0,2,107.83,HEAVY_DELAY,HIGH
j_hist_007156,18.62,26,29.2,15,0,0,2,86.49,HEAVY_DELAY,MEDIUM
j_hist_007157,16.7,21,38.7,14,1,2,0,54.29,MODERATE_DELAY,MEDIUM
j_hist_007158,11.69,16,41.2,7,0,0,1,35.89,SLIGHT_DELAY,LOW
j_hist_007159,20.75,22,18.1,15,1,0,0,83.92,ON_TIME,MEDIUM
j_hist_007160,25.82,31,25.1,21,0,1,0,97.24,MODERATE_DELAY,LOW
j_hist_007161,14.97,19,32.6,14,0,0,0,42.78,ON_TIME,MEDIUM
j_hist_007162,22.39,27,22.6,21,0,0,0,82.94,SLIGHT_DELAY,LOW
j_hist_007163,24.78,35,21.5,18,0,0,0,93.88,ON_TIME,HIGH
j_hist_007164,25.18,35,36.8,5,0,0,0,69.07,ON_TIME,LOW
j_hist_007165,2.77,5,41.5,13,0,0,1,12.29,SLIGHT_DELAY,MEDIUM
j_hist_007166,30.23,38,35.7,19,0,0,1,98.92,HEAVY_DELAY,HIGH
j_hist_007167,16.58,24,28.7,8,0,2,0,68.73,HEAVY_DELAY,HIGH
j_hist_007168,9.92,14,26.4,7,0,1,0,38.06,SLIGHT_DELAY,LOW
j_hist_007169,9.22,10,29.1,11,0,0,0,29.08,SLIGHT_DELAY,MEDIUM
j_hist_007170,17.42,20,27.0,7,0,1,0,60.24,SLIGHT_DELAY,LOW
j_hist_007171,31.15,31,28.1,19,0,0,1,112.1,HEAVY_DELAY,HIGH
j_hist_007172,13.86,13,19.7,14,0,0,0,52.79,ON_TIME,MEDIUM
j_hist_007173,26.49,26,39.3,20,0,2,2,115.86,HEAVY_DELAY,LOW
j_hist_007174,4.29,5,35.1,21,0,0,1,11.36,ON_TIME,LOW
j_hist_007175,17.19,23,33.1,5,0,0,0,47.08,ON_TIME,LOW
j_hist_007176,34.72,38,40.6,5,0,1,0,89.83,MODERATE_DELAY,LOW
j_hist_007177,27.19,28,22.0,18,1,0,1,119.67,HEAVY_DELAY,HIGH
j_hist_007178,8.16,12,16.3,6,0,0,2,60.43,HEAVY_DELAY,LOW
j_hist_007179,18.05,25,37.1,6,1,0,1,60.32,MODERATE_DELAY,LOW
j_hist_007180,8.94,14,42.0,14,0,0,0,21.58,ON_TIME,MEDIUM
j_hist_007181,14.93,19,30.2,19,0,0,1,55.67,MODERATE_DELAY,HIGH
j_hist_007182,27.52,31,15.6,19,0,0,2,180.0,HEAVY_DELAY,HIGH
j_hist_007183,27.22,28,35.9,11,0,0,0,69.01,SLIGHT_DELAY,MEDIUM
j_hist_007184,8.76,10,16.1,12,0,0,1,49.75,MODERATE_DELAY,MEDIUM
j_hist_007185,32.36,32,29.1,15,1,2,1,146.22,HEAVY_DELAY,MEDIUM
j_hist_007186,21.15,24,21.8,20,0,1,0,88.66,MODERATE_DELAY,LOW
j_hist_007187,13.92,21,39.6,11,0,0,1,45.33,MODERATE_DELAY,MEDIUM
j_hist_007188,18.07,16,26.6,13,0,0,0,52.79,ON_TIME,MEDIUM
j_hist_007189,21.57,21,39.2,5,0,0,1,58.68,MODERATE_DELAY,LOW
j_hist_007190,20.04,20,22.4,22,1,1,1,98.08,HEAVY_DELAY,LOW
j_hist_007191,17.54,23,24.8,12,0,0,0,59.85,ON_TIME,MEDIUM
j_hist_007192,18.17,20,40.5,12,0,0,2,63.4,HEAVY_DELAY,MEDIUM
j_hist_007193,7.0,9,19.6,12,0,0,0,27.45,ON_TIME,MEDIUM
j_hist_007194,28.63,27,30.2,18,0,0,0,79.09,ON_TIME,HIGH
j_hist_007195,19.42,22,24.9,6,0,1,0,71.33,MODERATE_DELAY,LOW
j_hist_007196,5.46,6,35.7,7,0,0,1,18.14,SLIGHT_DELAY,LOW
j_hist_007197,27.05,32,17.6,11,1,1,1,168.81,HEAVY_DELAY,MEDIUM
j_hist_007198,32.7,30,26.2,7,0,0,2,145.66,HEAVY_DELAY,LOW
j_hist_007199,33.21,44,33.6,19,0,0,0,96.38,SLIGHT_DELAY,HIGH
j_hist_007200,13.55,17,25.4,15,0,1,0,49.87,SLIGHT_DELAY,MEDIUM
j_hist_007201,5.61,8,15.6,6,0,0,0,27.03,ON_TIME,LOW
j_hist_007202,18.63,21,33.7,22,0,0,0,48.97,ON_TIME,LOW
j_hist_007203,4.83,6,28.1,18,0,0,1,18.84,SLIGHT_DELAY,HIGH
j_hist_007204,32.76,30,14.3,22,1,1,0,180.0,HEAVY_DELAY,LOW
j_hist_007205,7.24,10,31.2,6,0,1,0,24.04,SLIGHT_DELAY,LOW
j_hist_007206,9.59,12,39.8,8,1,0,0,24.3,ON_TIME,HIGH
j_hist_007207,14.83,18,17.1,18,1,1,1,95.2,HEAVY_DELAY,HIGH
j_hist_007208,14.03,19,30.5,11,0,0,2,61.32,HEAVY_DELAY,MEDIUM
j_hist_007209,28.02,38,34.4,19,1,2,1,126.7,HEAVY_DELAY,HIGH
j_hist_007210,16.51,22,16.0,10,0,2,1,128.27,HEAVY_DELAY,HIGH
j_hist_007211,6.81,8,14.6,9,0,1,0,40.38,SLIGHT_DELAY,HIGH
j_hist_007212,10.09,13,27.0,22,0,0,1,39.86,MODERATE_DELAY,LOW
j_hist_007213,18.31,17,36.2,15,1,0,0,39.63,ON_TIME,MEDIUM
j_hist_007214,6.01,9,18.5,12,1,0,0,22.68,ON_TIME,MEDIUM
j_hist_007215,21.8,24,37.4,16,1,0,1,66.26,MODERATE_DELAY,MEDIUM
j_hist_007216,20.24,19,32.4,22,1,1,0,58.52,SLIGHT_DELAY,LOW
j_hist_007217,25.3,35,23.3,19,0,2,1,149.23,HEAVY_DELAY,HIGH
j_hist_007218,32.88,40,28.4,12,1,2,2,180.0,HEAVY_DELAY,MEDIUM
j_hist_007219,32.02,34,41.0,8,0,0,2,108.08,HEAVY_DELAY,HIGH
j_hist_007220,33.17,29,20.1,19,1,0,0,122.0,ON_TIME,HIGH
j_hist_007221,9.32,12,28.0,15,0,0,0,29.11,ON_TIME,MEDIUM
j_hist_007222,5.47,9,31.5,5,1,0,1,21.21,SLIGHT_DELAY,LOW
j_hist_007223,11.28,15,17.9,6,0,0,1,59.8,MODERATE_DELAY,LOW
j_hist_007224,31.43,45,15.2,12,0,0,0,156.37,ON_TIME,MEDIUM
j_hist_007225,34.05,32,14.4,20,0,0,2,180.0,MODERATE_DELAY,LOW
j_hist_007226,30.22,36,23.1,5,1,0,1,132.52,HEAVY_DELAY,LOW
j_hist_007227,4.74,8,16.1,7,0,1,0,29.85,SLIGHT_DELAY,LOW
j_hist_007228,33.21,39,36.5,22,0,0,0,84.9,ON_TIME,LOW
j_hist_007229,15.39,15,41.9,20,0,0,1,40.64,MODERATE_DELAY,LOW
j_hist_007230,1.32,3,15.7,17,0,0,0,8.67,ON_TIME,HIGH
j_hist_007231,16.04,20,26.1,8,1,0,0,54.05,SLIGHT_DELAY,HIGH
j_hist_007232,2.57,5,14.7,8,0,2,1,24.13,MODERATE_DELAY,HIGH
j_hist_007233,19.49,26,17.8,6,1,0,0,83.95,ON_TIME,LOW
j_hist_007234,12.51,17,23.0,17,0,0,1,59.56,MODERATE_DELAY,HIGH
j_hist_007235,17.1,22,25.0,17,1,0,1,75.3,HEAVY_DELAY,HIGH
j_hist_007236,21.85,22,40.3,11,0,2,1,76.28,HEAVY_DELAY,MEDIUM
j_hist_007237,30.54,33,25.1,11,0,2,2,180.0,HEAVY_DELAY,MEDIUM
j_hist_007238,23.5,31,27.9,21,0,0,2,109.66,HEAVY_DELAY,LOW
j_hist_007239,15.76,23,20.9,14,0,2,0,83.71,HEAVY_DELAY,MEDIUM
j_hist_007240,28.86,26,14.0,16,0,0,2,180.0,HEAVY_DELAY,MEDIUM
j_hist_007241,31.79,37,39.2,20,0,1,1,109.16,HEAVY_DELAY,LOW
j_hist_007242,5.07,7,16.3,6,0,0,0,23.09,ON_TIME,LOW
j_hist_007243,19.09,19,41.0,13,1,0,2,61.83,HEAVY_DELAY,MEDIUM
j_hist_007244,10.67,13,17.7,16,1,1,0,57.38,MODERATE_DELAY,MEDIUM
j_hist_007245,2.6,5,30.9,21,1,0,1,11.04,SLIGHT_DELAY,LOW
j_hist_007246,23.73,21,42.0,20,1,2,1,80.18,HEAVY_DELAY,LOW
j_hist_007247,30.33,40,17.9,9,0,0,0,129.06,ON_TIME,HIGH
j_hist_007248,6.54,10,25.9,21,0,0,0,23.36,ON_TIME,LOW
j_hist_007249,28.62,41,35.9,7,0,0,1,96.59,HEAVY_DELAY,LOW
j_hist_007250,30.02,29,14.9,21,1,0,0,143.59,ON_TIME,LOW
j_hist_007251,32.09,39,33.3,19,1,2,2,168.9,HEAVY_DELAY,HIGH
j_hist_007252,10.02,12,16.3,19,0,0,1,59.79,MODERATE_DELAY,HIGH
j_hist_007253,31.73,33,20.6,22,0,0,1,145.19,HEAVY_DELAY,LOW
j_hist_007254,11.9,15,18.5,16,0,0,0,49.69,ON_TIME,MEDIUM
j_hist_007255,19.78,27,39.4,16,0,1,1,73.9,HEAVY_DELAY,MEDIUM
j_hist_007256,2.72,4,19.1,7,0,2,1,20.14,MODERATE_DELAY,LOW
j_hist_007257,2.49,5,15.1,15,0,0,0,14.33,ON_TIME,MEDIUM
j_hist_007258,25.49,34,30.5,14,1,0,1,95.37,HEAVY_DELAY,MEDIUM
j_hist_007259,16.11,22,23.7,19,1,0,1,71.16,MODERATE_DELAY,HIGH
j_hist_007260,9.71,14,25.4,15,0,0,1,40.36,SLIGHT_DELAY,MEDIUM
j_hist_007261,7.47,9,17.3,5,1,0,0,32.51,ON_TIME,LOW
j_hist_007262,23.78,31,35.0,8,1,1,1,91.65,HEAVY_DELAY,HIGH
j_hist_007263,1.01,3,30.8,12,1,0,1,5.94,ON_TIME,MEDIUM
j_hist_007264,28.4,40,24.2,17,0,0,2,151.5,HEAVY_DELAY,HIGH
j_hist_007265,3.69,5,18.8,21,0,0,2,23.05,MODERATE_DELAY,LOW
j_hist_007266,7.51,9,30.6,19,0,1,0,25.83,SLIGHT_DELAY,HIGH
j_hist_007267,14.13,17,35.8,5,0,0,2,54.82,HEAVY_DELAY,LOW
j_hist_007268,17.49,19,22.7,7,0,0,1,76.0,HEAVY_DELAY,LOW
j_hist_007269,13.07,15,14.7,21,0,0,0,64.47,ON_TIME,LOW
j_hist_007270,11.9,15,20.0,8,1,2,1,77.16,HEAVY_DELAY,HIGH
j_hist_007271,33.77,46,33.1,12,0,0,0,95.53,ON_TIME,MEDIUM
j_hist_007272,22.81,27,41.7,19,0,0,2,78.81,HEAVY_DELAY,HIGH
j_hist_007273,1.8,3,14.4,12,0,0,0,10.63,ON_TIME,MEDIUM
j_hist_007274,15.63,16,22.6,18,0,0,1,66.62,MODERATE_DELAY,HIGH
j_hist_007275,30.75,34,15.7,10,0,0,0,143.13,ON_TIME,HIGH
j_hist_007276,11.25,14,22.9,19,0,1,2,69.59,HEAVY_DELAY,HIGH
j_hist_007277,4.21,7,25.4,13,0,0,1,16.81,ON_TIME,MEDIUM
j_hist_007278,26.79,25,39.8,9,0,1,1,84.38,HEAVY_DELAY,HIGH
j_hist_007279,21.6,22,16.3,17,0,0,0,94.43,ON_TIME,HIGH
j_hist_007280,20.39,22,35.8,11,0,0,0,51.04,ON_TIME,MEDIUM
j_hist_007281,2.82,4,25.1,21,0,0,1,10.33,ON_TIME,LOW
j_hist_007282,5.78,7,36.7,12,0,0,0,12.7,ON_TIME,MEDIUM
j_hist_007283,22.17,30,28.4,9,1,0,1,87.5,HEAVY_DELAY,HIGH
j_hist_007284,8.07,10,15.1,11,0,0,0,41.08,ON_TIME,MEDIUM
j_hist_007285,18.14,21,40.5,12,0,0,0,41.29,ON_TIME,MEDIUM
j_hist_007286,19.53,24,16.3,11,0,0,2,134.56,HEAVY_DELAY,MEDIUM
j_hist_007287,10.64,11,30.7,16,0,0,0,27.74,ON_TIME,MEDIUM
j_hist_007288,33.25,42,38.6,10,1,0,2,123.79,HEAVY_DELAY,HIGH
j_hist_007289,29.64,35,16.2,8,0,1,1,180.0,HEAVY_DELAY,HIGH
j_hist_007290,25.56,29,29.5,7,1,1,0,85.25,MODERATE_DELAY,LOW
j_hist_007291,3.65,6,37.1,9,0,0,0,10.03,ON_TIME,HIGH
j_hist_007292,4.61,6,41.6,12,0,2,0,13.94,SLIGHT_DELAY,MEDIUM
j_hist_007293,17.75,25,34.3,9,1,0,0,50.8,ON_TIME,HIGH
j_hist_007294,6.46,9,21.8,17,1,2,1,41.69,HEAVY_DELAY,HIGH
j_hist_007295,34.26,41,33.6,14,0,2,0,117.67,HEAVY_DELAY,MEDIUM
j_hist_007296,6.39,10,33.8,10,0,1,0,22.74,SLIGHT_DELAY,HIGH
j_hist_007297,17.57,24,33.6,5,0,0,1,61.32,MODERATE_DELAY,LOW
j_hist_007298,13.38,17,37.9,15,0,0,1,41.58,MODERATE_DELAY,MEDIUM
j_hist_007299,22.74,30,16.4,13,1,1,0,123.0,HEAVY_DELAY,MEDIUM
j_hist_007300,5.39,7,17.0,20,0,0,2,35.52,MODERATE_DELAY,LOW
j_hist_007301,15.63,19,31.9,19,0,1,0,50.03,SLIGHT_DELAY,HIGH
j_hist_007302,10.34,10,40.7,9,0,1,1,32.64,MODERATE_DELAY,HIGH
j_hist_007303,31.18,28,27.0,19,0,2,0,118.02,HEAVY_DELAY,HIGH
j_hist_007304,2.38,5,40.9,5,0,0,1,8.42,ON_TIME,LOW
j_hist_007305,32.07,28,40.3,19,0,0,1,85.28,HEAVY_DELAY,HIGH
j_hist_007306,29.32,28,39.3,8,0,0,0,68.81,SLIGHT_DELAY,HIGH
j_hist_007307,11.12,16,39.5,20,1,1,1,41.08,MODERATE_DELAY,LOW
j_hist_007308,27.84,24,39.2,11,0,0,0,57.16,ON_TIME,MEDIUM
j_hist_007309,2.06,3,37.0,12,1,0,1,5.84,ON_TIME,MEDIUM
j_hist_007310,33.87,40,33.5,6,0,0,1,113.58,HEAVY_DELAY,LOW
j_hist_007311,18.9,23,14.7,16,1,0,1,118.6,HEAVY_DELAY,MEDIUM
j_hist_007312,11.31,16,17.7,6,0,0,0,52.84,SLIGHT_DELAY,LOW
j_hist_007313,13.33,16,17.8,18,1,0,0,55.81,ON_TIME,HIGH
j_hist_007314,3.26,5,14.7,10,0,0,2,24.8,MODERATE_DELAY,HIGH
j_hist_007315,34.64,44,17.3,21,0,0,0,155.18,ON_TIME,LOW
j_hist_007316,2.34,4,39.8,7,0,0,1,11.45,SLIGHT_DELAY,LOW
j_hist_007317,23.27,29,32.6,14,1,1,2,110.84,HEAVY_DELAY,MEDIUM
j_hist_007318,16.05,23,22.7,17,0,2,1,95.23,HEAVY_DELAY,HIGH
j_hist_007319,33.26,36,36.2,22,0,0,0,82.8,ON_TIME,LOW
j_hist_007320,9.36,11,27.7,21,1,0,1,33.13,SLIGHT_DELAY,LOW
j_hist_007321,19.09,17,18.0,12,0,1,2,131.86,HEAVY_DELAY,MEDIUM
j_hist_007322,17.4,22,38.8,22,1,0,0,43.42,ON_TIME,LOW
j_hist_007323,24.9,22,23.5,11,0,0,1,101.45,HEAVY_DELAY,MEDIUM
j_hist_007324,3.31,5,33.6,15,0,0,1,10.47,ON_TIME,MEDIUM
j_hist_007325,7.59,11,22.1,7,0,0,0,28.26,ON_TIME,LOW
j_hist_007326,8.3,11,28.0,6,0,0,1,34.45,MODERATE_DELAY,LOW
j_hist_007327,26.1,27,36.9,15,1,2,1,101.25,HEAVY_DELAY,MEDIUM
j_hist_007328,7.43,11,18.4,12,0,0,1,40.08,MODERATE_DELAY,MEDIUM
j_hist_007329,20.5,21,41.4,15,1,0,0,44.45,ON_TIME,MEDIUM
j_hist_007330,8.32,12,16.0,6,0,0,0,38.6,ON_TIME,LOW
j_hist_007331,30.3,37,29.0,16,0,0,0,91.43,ON_TIME,MEDIUM
j_hist_007332,33.03,31,39.6,13,1,0,0,71.98,ON_TIME,MEDIUM
j_hist_007333,18.63,27,40.5,10,0,0,0,45.18,ON_TIME,HIGH
j_hist_007334,12.98,13,20.5,16,0,1,1,67.26,HEAVY_DELAY,MEDIUM
j_hist_007335,8.96,14,18.0,22,0,1,0,44.58,SLIGHT_DELAY,LOW
j_hist_007336,2.69,4,34.3,9,0,0,0,11.11,SLIGHT_DELAY,HIGH
j_hist_007337,10.13,11,15.2,21,0,0,0,48.17,ON_TIME,LOW
j_hist_007338,23.24,23,27.6,20,0,0,1,85.86,HEAVY_DELAY,LOW
j_hist_007339,19.14,17,36.3,16,0,0,2,65.18,HEAVY_DELAY,MEDIUM
j_hist_007340,33.1,43,29.7,6,0,0,0,99.54,ON_TIME,LOW
j_hist_007341,14.47,19,19.3,20,0,0,0,59.49,ON_TIME,LOW
j_hist_007342,24.59,33,27.6,5,0,0,1,94.3,HEAVY_DELAY,LOW
j_hist_007343,17.64,18,39.8,6,1,2,1,63.99,HEAVY_DELAY,LOW
j_hist_007344,18.43,21,31.3,17,1,1,1,71.41,HEAVY_DELAY,HIGH
j_hist_007345,10.1,14,34.2,20,0,0,1,33.2,SLIGHT_DELAY,LOW
j_hist_007346,16.47,19,23.4,5,0,1,0,64.68,MODERATE_DELAY,LOW
j_hist_007347,17.01,22,19.3,8,0,0,2,103.36,HEAVY_DELAY,HIGH
j_hist_007348,25.03,31,21.2,7,0,0,1,118.71,HEAVY_DELAY,LOW
j_hist_007349,32.98,30,28.9,6,0,0,0,89.1,ON_TIME,LOW
j_hist_007350,12.2,17,21.8,16,0,0,1,58.23,MODERATE_DELAY,MEDIUM
j_hist_007351,2.43,5,29.2,17,0,0,0,9.97,ON_TIME,HIGH
j_hist_007352,17.87,23,33.8,22,0,1,1,68.16,HEAVY_DELAY,LOW
j_hist_007353,19.51,19,34.6,9,0,1,0,54.9,SLIGHT_DELAY,HIGH
j_hist_007354,6.73,8,18.6,16,0,0,0,29.46,ON_TIME,MEDIUM
j_hist_007355,26.86,29,35.0,5,0,0,1,84.96,HEAVY_DELAY,LOW
j_hist_007356,34.49,35,32.8,13,0,2,2,172.15,HEAVY_DELAY,MEDIUM
j_hist_007357,33.16,33,14.3,5,1,1,0,180.0,HEAVY_DELAY,LOW
j_hist_007358,7.7,11,15.6,22,0,0,2,56.58,HEAVY_DELAY,LOW
j_hist_007359,30.76,38,32.1,7,0,2,0,112.74,HEAVY_DELAY,LOW
j_hist_007360,24.95,30,24.7,10,0,0,1,104.68,HEAVY_DELAY,HIGH
j_hist_007361,16.43,17,18.1,8,0,0,2,101.46,HEAVY_DELAY,HIGH
j_hist_007362,19.38,28,15.2,16,0,1,0,111.4,MODERATE_DELAY,MEDIUM
j_hist_007363,29.89,29,18.5,16,0,0,0,118.09,ON_TIME,MEDIUM
j_hist_007364,17.32,24,40.8,9,0,0,0,40.62,ON_TIME,HIGH
j_hist_007365,13.69,20,34.4,17,1,0,1,48.65,MODERATE_DELAY,HIGH
j_hist_007366,17.77,23,28.8,16,1,0,2,81.2,HEAVY_DELAY,MEDIUM
j_hist_007367,20.69,30,40.4,8,1,0,1,66.42,MODERATE_DELAY,HIGH
j_hist_007368,7.43,10,31.3,10,0,0,1,29.14,MODERATE_DELAY,HIGH
j_hist_007369,31.63,31,34.3,10,0,0,0,78.05,ON_TIME,HIGH
j_hist_007370,23.92,24,21.9,10,0,0,0,83.15,ON_TIME,HIGH
j_hist_007371,22.53,24,30.5,15,0,0,1,76.07,MODERATE_DELAY,MEDIUM
j_hist_007372,4.38,5,18.0,18,0,0,1,23.64,SLIGHT_DELAY,HIGH
j_hist_007373,21.54,28,25.3,7,0,0,1,89.34,HEAVY_DELAY,LOW
j_hist_007374,5.11,6,14.9,12,0,0,1,35.18,MODERATE_DELAY,MEDIUM
j_hist_007375,3.68,6,20.1,8,0,0,0,16.62,ON_TIME,HIGH
j_hist_007376,18.93,21,16.1,20,0,0,0,89.61,SLIGHT_DELAY,LOW
j_hist_007377,14.69,17,24.9,22,0,0,0,47.61,ON_TIME,LOW
j_hist_007378,21.02,30,37.6,11,0,1,1,79.9,HEAVY_DELAY,MEDIUM
j_hist_007379,4.03,5,24.6,15,0,0,1,18.31,SLIGHT_DELAY,MEDIUM
j_hist_007380,15.65,21,37.3,12,0,2,1,67.02,HEAVY_DELAY,MEDIUM
j_hist_007381,6.94,10,32.4,10,1,0,2,31.94,MODERATE_DELAY,HIGH
j_hist_007382,34.56,34,28.3,20,1,0,2,148.9,HEAVY_DELAY,LOW
j_hist_007383,20.08,24,20.6,9,0,0,0,76.07,ON_TIME,HIGH
j_hist_007384,24.37,26,39.8,10,0,0,0,56.42,ON_TIME,HIGH
j_hist_007385,12.06,17,15.5,10,0,0,0,58.46,ON_TIME,HIGH
j_hist_007386,4.22,6,33.3,6,1,0,1,12.69,ON_TIME,LOW
j_hist_007387,34.18,39,31.4,11,0,2,2,180.0,HEAVY_DELAY,MEDIUM
j_hist_007388,10.73,15,26.3,13,1,0,0,37.36,ON_TIME,MEDIUM
j_hist_007389,15.41,16,20.7,19,0,1,1,80.83,HEAVY_DELAY,HIGH
j_hist_007390,23.1,30,26.1,18,1,0,1,93.9,HEAVY_DELAY,HIGH
j_hist_007391,1.84,4,38.4,17,1,1,0,6.86,ON_TIME,HIGH
j_hist_007392,28.55,39,37.4,9,0,2,1,122.07,HEAVY_DELAY,HIGH
j_hist_007393,19.24,26,40.4,21,0,0,1,61.75,MODERATE_DELAY,LOW
j_hist_007394,10.46,12,22.6,9,1,0,0,37.69,ON_TIME,HIGH
j_hist_007395,3.09,6,24.8,7,1,0,1,13.64,ON_TIME,LOW
j_hist_007396,6.52,8,14.5,13,0,0,1,39.15,SLIGHT_DELAY,MEDIUM
j_hist_007397,31.43,39,40.4,13,1,1,1,109.37,HEAVY_DELAY,MEDIUM
j_hist_007398,24.32,23,23.2,8,1,0,0,82.03,ON_TIME,HIGH
j_hist_007399,9.5,15,25.3,15,1,1,1,50.58,HEAVY_DELAY,MEDIUM
j_hist_007400,3.23,5,39.4,21,0,0,0,5.78,ON_TIME,LOW
j_hist_007401,24.48,32,28.7,18,0,0,1,94.65,HEAVY_DELAY,HIGH
j_hist_007402,20.46,19,29.9,14,0,0,0,55.46,ON_TIME,MEDIUM
j_hist_007403,14.75,20,18.9,9,0,0,0,58.9,ON_TIME,HIGH
j_hist_007404,13.36,18,28.0,21,0,0,0,43.3,ON_TIME,LOW
j_hist_007405,8.37,12,39.7,20,1,0,1,29.38,MODERATE_DELAY,LOW
j_hist_007406,23.77,25,29.6,5,0,1,1,97.06,HEAVY_DELAY,LOW
j_hist_007407,34.0,39,21.1,14,0,0,2,180.0,HEAVY_DELAY,MEDIUM
j_hist_007408,6.97,8,14.9,16,0,0,0,34.8,ON_TIME,MEDIUM
j_hist_007409,21.3,25,23.4,22,0,0,1,91.34,HEAVY_DELAY,LOW
j_hist_007410,15.42,16,30.0,5,0,0,0,43.43,ON_TIME,LOW
j_hist_007411,16.19,18,15.2,16,0,0,0,76.02,ON_TIME,MEDIUM
j_hist_007412,9.64,10,31.1,10,1,0,0,25.04,ON_TIME,HIGH
j_hist_007413,29.05,29,28.7,12,0,0,0,82.97,ON_TIME,MEDIUM
j_hist_007414,17.5,16,35.9,18,0,0,1,51.2,MODERATE_DELAY,HIGH
j_hist_007415,19.48,28,14.8,9,0,0,0,102.69,SLIGHT_DELAY,HIGH
j_hist_007416,11.36,14,35.9,8,0,0,0,29.19,ON_TIME,HIGH
j_hist_007417,7.18,9,28.6,20,1,0,2,32.74,MODERATE_DELAY,LOW
j_hist_007418,3.92,6,24.4,10,0,1,0,16.63,SLIGHT_DELAY,HIGH
j_hist_007419,25.28,31,41.0,7,0,0,2,91.6,HEAVY_DELAY,LOW
j_hist_007420,7.67,12,18.5,8,0,0,0,31.52,ON_TIME,HIGH
j_hist_007421,24.46,24,29.2,12,1,0,2,104.75,HEAVY_DELAY,MEDIUM
j_hist_007422,14.27,15,23.0,18,0,0,0,49.79,ON_TIME,HIGH
j_hist_007423,15.14,22,28.8,11,1,0,2,72.88,HEAVY_DELAY,MEDIUM
j_hist_007424,16.95,19,29.5,8,0,0,0,53.39,SLIGHT_DELAY,HIGH
j_hist_007425,13.5,12,16.5,15,0,1,1,82.99,HEAVY_DELAY,MEDIUM
j_hist_007426,4.42,5,32.5,19,0,0,0,11.03,ON_TIME,HIGH
j_hist_007427,11.53,11,31.8,20,1,0,1,35.78,SLIGHT_DELAY,LOW
j_hist_007428,23.57,34,35.5,10,1,1,0,78.18,MODERATE_DELAY,HIGH
j_hist_007429,23.64,24,16.5,16,0,0,1,129.08,HEAVY_DELAY,MEDIUM
j_hist_007430,10.73,16,22.3,12,0,1,0,50.49,MODERATE_DELAY,MEDIUM
j_hist_007431,16.64,25,32.2,14,0,2,2,97.95,HEAVY_DELAY,MEDIUM
j_hist_007432,7.58,10,17.8,15,0,0,1,41.76,MODERATE_DELAY,MEDIUM
j_hist_007433,8.15,8,33.0,13,0,0,0,21.32,ON_TIME,MEDIUM
j_hist_007434,1.78,3,15.7,21,0,1,0,8.83,ON_TIME,LOW
j_hist_007435,31.49,36,23.4,18,0,0,1,135.62,HEAVY_DELAY,HIGH
j_hist_007436,8.16,10,37.7,7,0,0,0,21.09,ON_TIME,LOW
j_hist_007437,8.74,12,35.7,13,1,1,0,29.37,SLIGHT_DELAY,MEDIUM
j_hist_007438,10.51,13,32.1,22,1,0,0,30.42,ON_TIME,LOW
j_hist_007439,5.33,9,38.4,21,0,0,0,15.2,ON_TIME,LOW
j_hist_007440,22.73,27,33.9,9,0,0,1,74.75,MODERATE_DELAY,HIGH
j_hist_007441,3.55,6,28.5,10,0,0,0,12.78,ON_TIME,HIGH
j_hist_007442,5.56,9,41.4,7,0,2,2,28.78,MODERATE_DELAY,LOW
j_hist_007443,22.92,22,33.5,20,0,0,0,58.21,ON_TIME,LOW
j_hist_007444,12.55,13,30.8,19,0,2,0,43.9,MODERATE_DELAY,HIGH
j_hist_007445,25.07,23,25.4,12,1,0,1,95.42,HEAVY_DELAY,MEDIUM
j_hist_007446,19.95,19,39.3,13,0,0,0,42.87,ON_TIME,MEDIUM
j_hist_007447,9.7,12,22.3,8,0,0,0,33.93,ON_TIME,HIGH
j_hist_007448,23.13,24,14.3,17,0,0,0,112.79,ON_TIME,HIGH
j_hist_007449,4.95,7,19.5,7,0,0,0,19.93,ON_TIME,LOW
j_hist_007450,19.24,28,17.1,11,0,0,0,86.91,ON_TIME,MEDIUM
j_hist_007451,15.86,16,22.9,20,0,0,1,66.62,MODERATE_DELAY,LOW
j_hist_007452,10.11,13,37.1,21,0,2,0,34.11,MODERATE_DELAY,LOW
j_hist_007453,21.54,20,32.2,21,1,0,0,55.63,ON_TIME,LOW
j_hist_007454,30.63,32,18.7,21,0,0,0,119.2,ON_TIME,LOW
j_hist_007455,34.96,41,36.1,6,0,2,0,114.36,HEAVY_DELAY,LOW
j_hist_007456,21.66,31,28.1,9,1,1,0,80.56,MODERATE_DELAY,HIGH
j_hist_007457,14.76,17,28.4,20,0,1,0,51.13,MODERATE_DELAY,LOW
j_hist_007458,8.66,9,24.1,15,0,0,0,28.87,ON_TIME,MEDIUM
j_hist_007459,9.74,12,38.2,10,0,0,0,25.92,ON_TIME,HIGH
j_hist_007460,17.3,17,22.9,15,0,0,1,71.0,MODERATE_DELAY,MEDIUM
j_hist_007461,13.49,14,16.6,5,0,0,0,57.71,ON_TIME,LOW
j_hist_007462,32.07,39,22.5,7,0,0,0,114.05,ON_TIME,LOW
j_hist_007463,13.52,13,34.0,12,0,0,0,32.97,ON_TIME,MEDIUM
j_hist_007464,13.7,16,32.4,22,0,0,2,57.6,HEAVY_DELAY,LOW
j_hist_007465,14.04,18,19.3,17,1,2,1,92.53,HEAVY_DELAY,HIGH
j_hist_007466,29.45,33,17.1,5,1,0,0,128.58,ON_TIME,LOW
j_hist_007467,23.13,20,32.5,21,0,0,0,56.32,ON_TIME,LOW
j_hist_007468,21.88,32,32.9,9,0,1,2,111.59,HEAVY_DELAY,HIGH
j_hist_007469,12.36,14,24.3,16,0,1,2,69.39,HEAVY_DELAY,MEDIUM
j_hist_007470,28.81,38,37.6,15,0,0,1,92.15,HEAVY_DELAY,MEDIUM
j_hist_007471,2.3,4,41.4,22,0,0,1,7.19,ON_TIME,LOW
j_hist_007472,30.61,35,19.8,12,0,0,0,121.34,SLIGHT_DELAY,MEDIUM
j_hist_007473,18.43,21,30.2,17,0,0,0,53.98,ON_TIME,HIGH
j_hist_007474,14.54,16,14.1,6,0,0,1,92.15,HEAVY_DELAY,LOW
j_hist_007475,17.9,16,34.0,20,1,1,1,60.68,HEAVY_DELAY,LOW
j_hist_007476,23.69,26,25.6,16,0,0,1,94.32,HEAVY_DELAY,MEDIUM
j_hist_007477,1.43,3,19.4,12,0,2,0,9.79,SLIGHT_DELAY,MEDIUM
j_hist_007478,30.63,39,35.1,8,0,0,2,124.28,HEAVY_DELAY,HIGH
j_hist_007479,16.19,16,36.7,18,0,0,0,39.86,ON_TIME,HIGH
j_hist_007480,12.66,16,17.1,13,1,1,2,95.55,HEAVY_DELAY,MEDIUM
j_hist_007481,5.7,9,15.1,15,0,0,0,28.45,ON_TIME,MEDIUM
j_hist_007482,15.94,21,23.4,20,0,0,0,57.91,ON_TIME,LOW
j_hist_007483,17.87,17,31.5,10,0,0,1,59.36,MODERATE_DELAY,HIGH
j_hist_007484,14.72,21,36.2,16,0,0,2,60.42,HEAVY_DELAY,MEDIUM
j_hist_007485,24.07,25,29.3,20,0,0,0,68.34,ON_TIME,LOW
j_hist_007486,15.31,18,30.3,17,1,0,1,54.14,MODERATE_DELAY,HIGH
j_hist_007487,33.69,39,36.4,8,0,0,1,102.83,HEAVY_DELAY,HIGH
j_hist_007488,21.38,30,28.8,16,0,0,0,67.32,ON_TIME,MEDIUM
j_hist_007489,28.45,40,31.1,8,0,2,0,112.58,HEAVY_DELAY,HIGH
j_hist_007490,4.72,8,28.5,21,0,0,0,16.95,ON_TIME,LOW
j_hist_007491,14.51,13,38.7,18,1,1,1,46.52,MODERATE_DELAY,HIGH
j_hist_007492,12.45,18,20.6,21,0,0,1,61.31,MODERATE_DELAY,LOW
j_hist_007493,20.36,18,21.4,5,1,0,0,71.81,ON_TIME,LOW
j_hist_007494,30.28,31,17.6,5,0,1,1,180.0,HEAVY_DELAY,LOW
j_hist_007495,3.66,6,36.9,6,0,0,0,14.2,SLIGHT_DELAY,LOW
j_hist_007496,3.47,5,25.5,21,0,0,0,12.48,ON_TIME,LOW
j_hist_007497,29.91,36,23.7,5,0,0,0,102.32,ON_TIME,LOW
j_hist_007498,8.24,10,41.5,16,0,0,1,25.97,SLIGHT_DELAY,MEDIUM
j_hist_007499,23.74,34,40.0,17,0,1,0,71.06,MODERATE_DELAY,HIGH
j_hist_007500,19.46,20,41.2,18,0,1,0,47.81,SLIGHT_DELAY,HIGH
j_hist_007501,29.32,30,18.0,14,0,1,2,180.0,HEAVY_DELAY,MEDIUM
j_hist_007502,5.25,9,39.0,16,0,0,0,15.3,ON_TIME,MEDIUM
j_hist_007503,5.41,6,23.2,22,0,0,1,23.72,SLIGHT_DELAY,LOW
j_hist_007504,19.93,25,14.4,11,1,2,1,164.7,HEAVY_DELAY,MEDIUM
j_hist_007505,33.18,42,25.0,19,1,0,0,112.29,ON_TIME,HIGH
j_hist_007506,15.11,18,28.3,11,1,0,0,42.56,ON_TIME,MEDIUM
j_hist_007507,12.12,16,17.0,18,0,1,2,94.7,HEAVY_DELAY,HIGH
j_hist_007508,21.63,21,29.1,13,0,0,2,91.62,HEAVY_DELAY,MEDIUM
j_hist_007509,32.64,44,36.9,9,0,0,2,132.47,HEAVY_DELAY,HIGH
j_hist_007510,29.46,28,24.6,5,1,0,0,93.57,ON_TIME,LOW
j_hist_007511,34.85,38,23.9,20,0,0,1,143.39,HEAVY_DELAY,LOW
j_hist_007512,1.77,3,23.5,9,0,0,1,8.93,SLIGHT_DELAY,HIGH
j_hist_007513,4.84,7,39.8,12,1,0,1,13.77,ON_TIME,MEDIUM
j_hist_007514,21.72,28,15.4,16,1,0,2,159.87,HEAVY_DELAY,MEDIUM
j_hist_007515,28.9,41,26.5,12,0,0,0,97.32,ON_TIME,MEDIUM
j_hist_007516,10.7,15,21.4,12,0,2,1,65.86,HEAVY_DELAY,MEDIUM
j_hist_007517,9.13,12,39.0,10,0,1,1,30.91,MODERATE_DELAY,HIGH
j_hist_007518,27.76,39,16.7,13,1,1,2,180.0,HEAVY_DELAY,MEDIUM
j_hist_007519,2.92,5,25.5,6,0,1,2,17.79,MODERATE_DELAY,LOW
j_hist_007520,13.56,17,25.4,22,1,0,0,45.03,ON_TIME,LOW
j_hist_007521,18.2,23,38.9,5,1,0,0,45.82,ON_TIME,LOW
j_hist_007522,20.05,22,20.0,15,1,0,0,76.33,ON_TIME,MEDIUM
j_hist_007523,25.77,35,32.1,19,1,0,1,93.54,HEAVY_DELAY,HIGH
j_hist_007524,13.06,13,17.8,16,1,2,1,88.57,HEAVY_DELAY,MEDIUM
j_hist_007525,21.83,26,40.7,7,0,0,0,53.99,SLIGHT_DELAY,LOW
j_hist_007526,20.9,27,30.6,14,0,2,2,117.95,HEAVY_DELAY,MEDIUM
j_hist_007527,19.62,28,31.5,20,1,0,1,71.89,MODERATE_DELAY,LOW
j_hist_007528,22.78,32,26.1,10,0,0,1,95.7,HEAVY_DELAY,HIGH
j_hist_007529,9.82,12,23.6,13,0,1,1,51.14,HEAVY_DELAY,MEDIUM
j_hist_007530,3.88,6,20.0,12,0,0,2,21.57,SLIGHT_DELAY,MEDIUM
j_hist_007531,5.06,7,30.9,20,0,0,1,19.38,SLIGHT_DELAY,LOW
j_hist_007532,8.64,11,40.7,12,0,0,1,27.72,SLIGHT_DELAY,MEDIUM
j_hist_007533,18.01,26,24.1,22,0,0,1,83.09,HEAVY_DELAY,LOW
j_hist_007534,29.58,42,38.7,9,0,1,0,90.78,MODERATE_DELAY,HIGH
j_hist_007535,24.84,35,18.2,16,0,0,0,107.64,ON_TIME,MEDIUM
j_hist_007536,27.83,26,40.2,10,1,2,2,120.63,HEAVY_DELAY,HIGH
j_hist_007537,12.93,18,23.8,6,0,0,0,43.61,ON_TIME,LOW
j_hist_007538,14.76,22,24.6,8,0,0,2,80.73,HEAVY_DELAY,HIGH
j_hist_007539,14.39,16,27.0,20,0,0,1,56.72,MODERATE_DELAY,LOW
j_hist_007540,7.52,10,34.1,18,1,1,0,23.33,SLIGHT_DELAY,HIGH
j_hist_007541,3.08,5,34.2,21,0,1,1,13.71,SLIGHT_DELAY,LOW
j_hist_007542,21.09,25,27.4,8,0,0,1,80.75,HEAVY_DELAY,HIGH
j_hist_007543,34.63,50,28.6,22,0,1,0,126.04,HEAVY_DELAY,LOW
j_hist_007544,6.67,9,14.8,16,0,0,1,43.41,MODERATE_DELAY,MEDIUM
j_hist_007545,2.59,5,22.5,6,0,0,2,17.1,SLIGHT_DELAY,LOW
j_hist_007546,27.5,37,23.7,10,1,1,2,168.03,HEAVY_DELAY,HIGH
j_hist_007547,9.59,12,29.6,10,0,1,1,41.41,MODERATE_DELAY,HIGH
j_hist_007548,29.21,40,29.6,7,0,0,0,92.58,SLIGHT_DELAY,LOW
j_hist_007549,24.93,30,33.9,12,0,0,1,84.43,HEAVY_DELAY,MEDIUM
j_hist_007550,33.15,36,34.1,16,0,1,0,97.2,MODERATE_DELAY,MEDIUM
j_hist_007551,14.9,14,20.6,7,0,0,2,81.21,HEAVY_DELAY,LOW
j_hist_007552,23.51,26,35.6,6,0,1,1,80.8,HEAVY_DELAY,LOW
j_hist_007553,16.81,22,14.5,5,1,0,0,86.76,ON_TIME,LOW
j_hist_007554,22.44,32,34.1,22,0,0,1,78.78,HEAVY_DELAY,LOW
j_hist_007555,16.29,17,16.9,22,1,0,0,68.22,ON_TIME,LOW
j_hist_007556,7.41,9,34.4,12,0,0,0,20.93,ON_TIME,MEDIUM
j_hist_007557,18.27,18,28.8,18,0,0,0,52.35,ON_TIME,HIGH
j_hist_007558,18.97,25,26.2,17,0,0,0,62.74,ON_TIME,HIGH
j_hist_007559,28.56,41,33.3,19,0,0,1,104.76,HEAVY_DELAY,HIGH
j_hist_007560,26.01,32,15.0,19,1,0,2,180.0,HEAVY_DELAY,HIGH
j_hist_007561,23.57,29,20.3,17,0,0,0,92.51,ON_TIME,HIGH
j_hist_007562,4.86,7,31.3,8,0,0,2,21.34,SLIGHT_DELAY,HIGH
j_hist_007563,25.5,23,37.7,8,1,0,0,59.5,ON_TIME,HIGH
j_hist_007564,18.01,24,24.7,9,0,0,0,61.12,ON_TIME,HIGH
j_hist_007565,31.4,38,21.2,7,0,0,1,146.79,HEAVY_DELAY,LOW
j_hist_007566,32.28,40,28.5,16,0,2,1,159.26,HEAVY_DELAY,MEDIUM
j_hist_007567,2.88,5,31.4,16,0,1,0,11.28,SLIGHT_DELAY,MEDIUM
j_hist_007568,28.9,38,25.8,11,0,0,1,119.69,HEAVY_DELAY,MEDIUM
j_hist_007569,2.28,4,38.5,11,1,0,1,9.93,SLIGHT_DELAY,MEDIUM
j_hist_007570,13.48,20,28.7,5,0,0,1,54.03,MODERATE_DELAY,LOW
j_hist_007571,19.44,29,15.0,16,0,1,0,113.65,MODERATE_DELAY,MEDIUM
j_hist_007572,6.04,8,20.2,7,0,1,0,27.09,SLIGHT_DELAY,LOW
j_hist_007573,26.37,24,26.6,19,0,0,0,77.65,ON_TIME,HIGH
j_hist_007574,1.28,3,33.5,13,1,0,0,5.0,ON_TIME,MEDIUM
j_hist_007575,6.73,10,20.2,13,0,0,1,33.05,SLIGHT_DELAY,MEDIUM
j_hist_007576,20.75,18,41.3,18,1,0,0,43.49,ON_TIME,HIGH
j_hist_007577,25.29,23,22.9,7,0,0,1,105.92,HEAVY_DELAY,LOW
j_hist_007578,32.17,29,28.9,12,0,0,2,132.15,HEAVY_DELAY,MEDIUM
j_hist_007579,24.99,32,14.5,10,0,0,1,160.84,HEAVY_DELAY,HIGH
j_hist_007580,23.84,28,38.8,16,1,0,0,57.65,ON_TIME,MEDIUM
j_hist_007581,14.41,16,36.1,6,0,2,2,70.36,HEAVY_DELAY,LOW
j_hist_007582,1.04,2,19.5,7,1,0,2,8.15,SLIGHT_DELAY,LOW
j_hist_007583,5.09,8,40.1,18,0,0,1,20.97,MODERATE_DELAY,HIGH
j_hist_007584,19.17,21,22.8,21,0,0,1,82.27,HEAVY_DELAY,LOW
j_hist_007585,23.95,24,33.4,7,0,0,1,75.76,MODERATE_DELAY,LOW
j_hist_007586,15.19,20,36.9,8,0,2,1,66.82,HEAVY_DELAY,HIGH
j_hist_007587,25.84,31,34.7,19,0,0,1,84.71,HEAVY_DELAY,HIGH
j_hist_007588,18.74,21,39.7,11,0,0,0,44.47,ON_TIME,MEDIUM
j_hist_007589,3.52,6,38.2,18,0,0,2,15.71,SLIGHT_DELAY,HIGH
j_hist_007590,7.53,9,41.8,20,0,0,0,16.66,ON_TIME,LOW
j_hist_007591,29.56,39,19.1,17,0,0,1,152.1,HEAVY_DELAY,HIGH
j_hist_007592,25.65,26,22.5,21,0,0,1,106.56,HEAVY_DELAY,LOW
j_hist_007593,31.42,30,31.8,21,0,1,1,118.05,HEAVY_DELAY,LOW
j_hist_007594,5.0,8,34.5,14,0,2,1,20.82,SLIGHT_DELAY,MEDIUM
j_hist_007595,34.67,44,29.0,11,0,0,0,106.69,ON_TIME,MEDIUM
j_hist_007596,8.12,9,16.1,21,0,0,0,38.19,ON_TIME,LOW
j_hist_007597,1.4,3,37.6,16,0,0,0,5.0,ON_TIME,MEDIUM
j_hist_007598,34.91,47,40.9,15,0,1,2,150.98,HEAVY_DELAY,MEDIUM
j_hist_007599,10.56,15,25.4,14,0,0,1,47.1,MODERATE_DELAY,MEDIUM
j_hist_007600,23.71,25,20.3,12,1,0,0,88.41,ON_TIME,MEDIUM
j_hist_007601,7.01,10,14.5,19,1,0,0,34.93,ON_TIME,HIGH
j_hist_007602,20.73,20,20.6,22,1,2,0,98.39,HEAVY_DELAY,LOW
j_hist_007603,31.74,37,33.6,17,0,1,0,99.37,MODERATE_DELAY,HIGH
j_hist_007604,11.89,11,39.5,20,0,0,1,33.55,MODERATE_DELAY,LOW
j_hist_007605,23.79,26,16.6,17,1,0,1,131.68,HEAVY_DELAY,HIGH
j_hist_007606,7.39,8,29.5,8,0,1,0,24.04,SLIGHT_DELAY,HIGH
j_hist_007607,22.24,26,33.5,15,0,0,1,74.05,MODERATE_DELAY,MEDIUM
j_hist_007608,12.44,15,21.7,12,0,0,0,42.55,ON_TIME,MEDIUM
j_hist_007609,8.18,10,30.0,14,0,0,1,31.88,MODERATE_DELAY,MEDIUM
j_hist_007610,11.65,11,34.0,16,1,0,1,40.18,MODERATE_DELAY,MEDIUM
j_hist_007611,7.08,9,37.5,15,1,0,2,25.45,MODERATE_DELAY,MEDIUM
j_hist_007612,31.67,41,26.7,8,0,0,1,126.91,HEAVY_DELAY,HIGH
j_hist_007613,14.5,16,34.9,14,0,1,0,41.51,SLIGHT_DELAY,MEDIUM
j_hist_007614,9.34,13,22.4,19,0,0,1,41.32,SLIGHT_DELAY,HIGH
j_hist_007615,16.25,18,20.0,17,0,0,0,62.57,ON_TIME,HIGH
j_hist_007616,11.9,14,19.2,17,0,0,1,60.17,MODERATE_DELAY,HIGH
j_hist_007617,26.31,31,24.0,22,1,0,0,89.7,ON_TIME,LOW
j_hist_007618,34.02,48,15.0,11,1,0,0,171.73,ON_TIME,MEDIUM
j_hist_007619,15.89,15,21.9,18,0,0,0,58.97,SLIGHT_DELAY,HIGH
j_hist_007620,30.28,26,32.3,9,1,1,0,87.27,MODERATE_DELAY,HIGH
j_hist_007621,20.24,25,32.1,13,0,0,1,70.82,MODERATE_DELAY,MEDIUM
j_hist_007622,6.35,10,16.1,21,1,0,0,29.63,ON_TIME,LOW
j_hist_007623,24.48,36,22.0,9,0,0,0,93.29,ON_TIME,HIGH
j_hist_007624,18.46,22,29.9,20,1,2,2,103.71,HEAVY_DELAY,LOW
j_hist_007625,23.12,26,22.9,13,0,1,2,136.62,HEAVY_DELAY,MEDIUM
j_hist_007626,31.25,39,25.7,21,1,1,1,148.23,HEAVY_DELAY,LOW
j_hist_007627,15.97,20,34.0,22,1,0,0,42.2,ON_TIME,LOW
j_hist_007628,31.64,39,14.3,7,0,0,2,180.0,HEAVY_DELAY,LOW
j_hist_007629,26.52,37,21.7,9,0,0,1,127.57,HEAVY_DELAY,HIGH
j_hist_007630,17.61,23,18.0,21,1,1,1,109.01,HEAVY_DELAY,LOW
j_hist_007631,21.51,25,17.6,8,0,0,2,139.62,HEAVY_DELAY,HIGH
j_hist_007632,12.07,15,40.9,8,0,1,0,32.24,SLIGHT_DELAY,HIGH
j_hist_007633,34.44,42,24.5,11,0,0,0,113.27,ON_TIME,MEDIUM
j_hist_007634,23.69,27,28.8,12,0,1,2,120.55,HEAVY_DELAY,MEDIUM
j_hist_007635,2.49,4,34.5,6,1,0,2,12.88,SLIGHT_DELAY,LOW
j_hist_007636,12.11,11,15.3,14,1,2,2,110.28,HEAVY_DELAY,MEDIUM
j_hist_007637,22.19,22,20.7,9,0,0,2,121.61,HEAVY_DELAY,HIGH
j_hist_007638,2.92,5,37.3,21,1,0,0,8.84,ON_TIME,LOW
j_hist_007639,1.81,4,38.1,11,0,0,2,9.22,SLIGHT_DELAY,MEDIUM
j_hist_007640,16.3,17,24.4,6,1,0,2,75.61,HEAVY_DELAY,LOW
j_hist_007641,12.31,15,24.5,10,1,2,1,67.67,HEAVY_DELAY,HIGH
j_hist_007642,15.9,18,35.2,14,0,0,1,50.12,MODERATE_DELAY,MEDIUM
j_hist_007643,9.93,10,22.3,13,0,0,1,45.16,MODERATE_DELAY,MEDIUM
j_hist_007644,6.6,11,17.3,9,0,0,0,31.06,ON_TIME,HIGH
j_hist_007645,24.43,34,21.2,7,0,2,1,154.15,HEAVY_DELAY,LOW
j_hist_007646,18.5,17,24.8,15,1,0,0,55.69,ON_TIME,MEDIUM
j_hist_007647,7.81,11,15.5,14,0,0,0,40.08,ON_TIME,MEDIUM
j_hist_007648,11.87,13,27.4,20,0,2,0,46.72,MODERATE_DELAY,LOW
j_hist_007649,21.12,31,34.7,5,0,1,0,68.97,MODERATE_DELAY,LOW
j_hist_007650,3.46,5,28.4,15,0,1,0,16.99,SLIGHT_DELAY,MEDIUM
j_hist_007651,6.01,7,16.0,19,0,1,1,40.56,MODERATE_DELAY,HIGH
j_hist_007652,3.49,5,26.3,11,0,0,0,15.06,SLIGHT_DELAY,MEDIUM
j_hist_007653,28.62,39,33.8,12,0,0,1,96.6,HEAVY_DELAY,MEDIUM
j_hist_007654,26.58,26,15.6,20,1,0,2,180.0,HEAVY_DELAY,LOW
j_hist_007655,26.61,34,15.7,22,1,0,0,128.3,ON_TIME,LOW
j_hist_007656,25.36,23,24.4,15,0,0,0,78.0,ON_TIME,MEDIUM
j_hist_007657,23.76,34,19.5,5,0,0,0,99.25,ON_TIME,LOW
j_hist_007658,17.22,16,40.2,20,0,0,0,36.49,ON_TIME,LOW
j_hist_007659,22.84,32,30.3,8,0,0,0,68.97,ON_TIME,HIGH
j_hist_007660,2.3,4,22.0,10,0,1,1,12.69,SLIGHT_DELAY,HIGH
j_hist_007661,22.13,25,33.7,15,1,0,1,71.82,MODERATE_DELAY,MEDIUM
j_hist_007662,27.45,39,24.5,10,0,1,0,109.91,MODERATE_DELAY,HIGH
j_hist_007663,18.01,27,17.7,14,0,1,0,90.63,MODERATE_DELAY,MEDIUM
j_hist_007664,13.16,17,20.6,10,0,0,0,50.87,ON_TIME,HIGH
j_hist_007665,10.43,11,32.0,14,0,0,0,28.55,ON_TIME,MEDIUM
j_hist_007666,22.86,27,15.5,9,0,0,0,109.81,ON_TIME,HIGH
j_hist_007667,24.56,29,21.6,13,0,0,2,131.09,HEAVY_DELAY,MEDIUM
j_hist_007668,30.61,35,19.8,11,0,0,1,146.72,HEAVY_DELAY,MEDIUM
j_hist_007669,12.64,16,19.6,21,0,0,1,64.66,MODERATE_DELAY,LOW
j_hist_007670,27.17,24,33.1,16,0,0,0,65.27,ON_TIME,MEDIUM
j_hist_007671,20.09,26,37.1,15,0,0,0,53.56,ON_TIME,MEDIUM
j_hist_007672,31.02,40,34.0,10,0,0,2,128.86,HEAVY_DELAY,HIGH
j_hist_007673,18.95,18,32.1,15,1,0,1,63.13,MODERATE_DELAY,MEDIUM
j_hist_007674,18.6,23,39.7,15,1,2,1,70.51,HEAVY_DELAY,MEDIUM
j_hist_007675,20.65,25,15.6,18,0,2,1,160.66,HEAVY_DELAY,HIGH
j_hist_007676,26.48,34,18.7,20,0,1,1,159.25,HEAVY_DELAY,LOW
j_hist_007677,33.8,30,25.6,6,1,1,2,174.52,HEAVY_DELAY,LOW
j_hist_007678,3.5,6,24.4,6,0,0,2,20.17,MODERATE_DELAY,LOW
j_hist_007679,2.82,4,25.7,9,0,0,1,11.81,SLIGHT_DELAY,HIGH
j_hist_007680,32.88,38,19.8,18,0,0,1,156.93,HEAVY_DELAY,HIGH
j_hist_007681,19.02,26,18.2,14,0,1,0,92.03,MODERATE_DELAY,MEDIUM
j_hist_007682,21.91,28,28.3,14,0,0,0,65.98,ON_TIME,MEDIUM
j_hist_007683,17.4,17,40.0,22,0,0,0,40.27,ON_TIME,LOW
j_hist_007684,4.18,6,25.0,13,0,1,0,17.89,SLIGHT_DELAY,MEDIUM
j_hist_007685,27.12,39,15.2,8,0,2,1,180.0,HEAVY_DELAY,HIGH
j_hist_007686,26.41,25,33.8,21,0,0,0,63.87,ON_TIME,LOW
j_hist_007687,11.6,17,22.2,6,1,0,0,42.45,ON_TIME,LOW
j_hist_007688,11.41,15,20.9,18,0,0,2,65.47,HEAVY_DELAY,HIGH
j_hist_007689,29.49,39,23.1,5,1,0,0,108.47,SLIGHT_DELAY,LOW
j_hist_007690,3.46,5,34.3,11,0,2,1,14.52,SLIGHT_DELAY,MEDIUM
j_hist_007691,30.96,32,36.9,8,1,1,0,83.78,MODERATE_DELAY,HIGH
j_hist_007692,9.73,15,30.5,13,1,0,0,31.09,ON_TIME,MEDIUM
j_hist_007693,21.16,23,23.0,7,0,0,1,92.03,HEAVY_DELAY,LOW
j_hist_007694,32.82,29,22.7,9,0,1,0,124.21,HEAVY_DELAY,HIGH
j_hist_007695,24.06,29,17.5,14,0,2,0,137.64,HEAVY_DELAY,MEDIUM
j_hist_007696,15.09,15,40.1,14,0,0,0,33.66,ON_TIME,MEDIUM
j_hist_007697,24.44,33,31.9,8,1,0,1,87.94,HEAVY_DELAY,HIGH
j_hist_007698,12.7,17,14.8,21,0,0,1,78.6,MODERATE_DELAY,LOW
j_hist_007699,10.43,15,32.5,21,0,0,0,31.5,ON_TIME,LOW
j_hist_007700,34.89,46,26.5,10,0,1,1,161.1,HEAVY_DELAY,HIGH
j_hist_007701,26.53,25,41.2,5,0,1,0,63.22,SLIGHT_DELAY,LOW
j_hist_007702,22.92,25,36.9,18,0,0,1,69.89,MODERATE_DELAY,HIGH
j_hist_007703,13.08,18,18.8,17,0,0,1,67.58,MODERATE_DELAY,HIGH
j_hist_007704,2.67,4,34.2,7,1,2,2,13.91,SLIGHT_DELAY,LOW
j_hist_007705,2.06,4,27.6,6,1,0,1,10.84,SLIGHT_DELAY,LOW
j_hist_007706,19.84,26,19.2,11,0,1,1,117.71,HEAVY_DELAY,MEDIUM
j_hist_007707,26.91,23,33.6,16,1,0,0,66.91,ON_TIME,MEDIUM
j_hist_007708,19.27,27,29.3,6,0,0,1,74.81,HEAVY_DELAY,LOW
j_hist_007709,29.59,27,14.9,15,0,0,1,170.75,HEAVY_DELAY,MEDIUM
j_hist_007710,2.14,3,32.1,20,0,1,0,6.8,ON_TIME,LOW
j_hist_007711,13.47,18,31.8,9,1,0,0,40.2,ON_TIME,HIGH
j_hist_007712,9.06,13,18.0,21,0,0,1,51.65,MODERATE_DELAY,LOW
j_hist_007713,16.21,20,23.8,7,0,1,0,65.37,MODERATE_DELAY,LOW
j_hist_007714,3.46,5,30.4,18,0,1,0,12.99,SLIGHT_DELAY,HIGH
j_hist_007715,33.44,35,17.9,20,0,0,0,139.62,ON_TIME,LOW
j_hist_007716,8.59,10,37.9,21,0,0,2,34.55,MODERATE_DELAY,LOW
j_hist_007717,32.36,34,14.8,8,0,0,0,156.97,ON_TIME,HIGH
j_hist_007718,15.48,16,16.9,13,0,0,0,66.96,ON_TIME,MEDIUM
j_hist_007719,34.51,42,17.3,15,0,1,1,180.0,HEAVY_DELAY,MEDIUM
j_hist_007720,19.84,28,28.8,9,0,2,1,99.87,HEAVY_DELAY,HIGH
j_hist_007721,32.65,34,31.4,15,0,0,1,111.53,HEAVY_DELAY,MEDIUM
j_hist_007722,1.18,3,25.3,17,0,2,2,8.77,SLIGHT_DELAY,HIGH
j_hist_007723,26.44,36,22.1,6,0,0,2,148.48,HEAVY_DELAY,LOW
j_hist_007724,31.7,41,36.7,6,0,0,2,120.26,HEAVY_DELAY,LOW
j_hist_007725,5.75,9,15.9,14,1,0,1,34.78,SLIGHT_DELAY,MEDIUM
j_hist_007726,4.27,5,21.8,17,0,2,1,24.17,MODERATE_DELAY,HIGH
j_hist_007727,15.44,15,15.1,9,0,0,0,71.9,ON_TIME,HIGH
j_hist_007728,32.75,38,14.4,15,0,0,1,180.0,MODERATE_DELAY,MEDIUM
j_hist_007729,19.44,24,23.9,19,1,0,0,66.54,ON_TIME,HIGH
j_hist_007730,18.93,22,19.5,9,1,2,0,95.21,HEAVY_DELAY,HIGH
j_hist_007731,5.8,8,21.5,9,0,1,0,25.59,SLIGHT_DELAY,HIGH
j_hist_007732,1.03,2,37.0,11,0,0,0,5.0,ON_TIME,MEDIUM
j_hist_007733,28.54,33,18.6,14,1,0,0,118.13,ON_TIME,MEDIUM
j_hist_007734,3.98,6,35.8,6,0,1,0,12.93,ON_TIME,LOW
j_hist_007735,22.55,25,32.9,5,1,2,1,98.5,HEAVY_DELAY,LOW
j_hist_007736,32.1,40,23.1,5,0,1,0,129.06,HEAVY_DELAY,LOW
j_hist_007737,8.09,10,29.3,8,0,2,1,40.74,HEAVY_DELAY,HIGH
j_hist_007738,23.62,25,26.4,19,0,0,0,73.04,ON_TIME,HIGH
j_hist_007739,3.68,5,17.6,19,0,1,2,29.36,MODERATE_DELAY,HIGH
j_hist_007740,21.53,24,39.4,10,1,2,0,65.29,MODERATE_DELAY,HIGH
j_hist_007741,6.57,7,29.9,10,0,1,0,20.96,SLIGHT_DELAY,HIGH
j_hist_007742,26.02,33,38.6,5,0,0,1,81.25,HEAVY_DELAY,LOW
j_hist_007743,11.24,16,37.1,11,0,1,1,42.72,MODERATE_DELAY,MEDIUM
j_hist_007744,16.76,18,16.2,9,1,1,0,85.73,MODERATE_DELAY,HIGH
j_hist_007745,21.38,19,19.8,21,0,1,0,89.05,MODERATE_DELAY,LOW
j_hist_007746,6.82,11,18.1,11,0,0,1,37.46,SLIGHT_DELAY,MEDIUM
j_hist_007747,26.22,27,37.3,8,0,0,0,62.19,ON_TIME,HIGH
j_hist_007748,11.29,11,38.1,7,1,0,0,23.55,ON_TIME,LOW
j_hist_007749,23.52,26,28.8,16,0,1,1,100.22,HEAVY_DELAY,MEDIUM
j_hist_007750,6.38,9,16.9,19,0,0,2,46.19,HEAVY_DELAY,HIGH
j_hist_007751,24.4,25,17.8,13,0,0,0,99.96,ON_TIME,MEDIUM
j_hist_007752,5.36,8,36.8,16,0,0,1,19.79,SLIGHT_DELAY,MEDIUM
j_hist_007753,15.46,18,40.0,9,0,1,2,62.38,HEAVY_DELAY,HIGH
j_hist_007754,9.41,10,19.6,12,1,0,0,34.64,ON_TIME,MEDIUM
j_hist_007755,26.44,28,14.3,19,1,1,0,152.87,HEAVY_DELAY,HIGH
j_hist_007756,9.91,14,23.3,11,1,0,1,47.13,MODERATE_DELAY,MEDIUM
j_hist_007757,30.98,38,14.9,17,0,2,0,180.0,HEAVY_DELAY,HIGH
j_hist_007758,31.32,29,37.2,5,0,2,2,142.08,HEAVY_DELAY,LOW
j_hist_007759,7.68,8,27.8,15,0,1,1,28.02,SLIGHT_DELAY,MEDIUM
j_hist_007760,21.87,27,32.0,17,0,0,0,60.0,ON_TIME,HIGH
j_hist_007761,3.98,7,25.5,6,1,0,1,19.13,SLIGHT_DELAY,LOW
j_hist_007762,14.31,16,23.7,15,1,0,0,50.01,ON_TIME,MEDIUM
j_hist_007763,25.25,31,20.2,5,1,0,1,122.86,HEAVY_DELAY,LOW
j_hist_007764,23.42,23,35.6,5,0,1,0,64.61,MODERATE_DELAY,LOW
j_hist_007765,22.24,23,33.5,12,0,0,1,72.15,HEAVY_DELAY,MEDIUM
j_hist_007766,10.61,10,24.1,17,0,0,0,34.16,ON_TIME,HIGH
j_hist_007767,13.85,19,23.0,12,1,0,0,49.52,ON_TIME,MEDIUM
j_hist_007768,4.5,6,14.0,6,0,1,2,38.39,MODERATE_DELAY,LOW
j_hist_007769,25.45,34,15.8,12,0,0,0,121.56,ON_TIME,MEDIUM
j_hist_007770,18.13,24,31.5,18,0,0,0,53.15,ON_TIME,HIGH
j_hist_007771,25.1,34,28.4,6,1,0,1,97.9,HEAVY_DELAY,LOW
j_hist_007772,9.46,11,26.2,17,0,0,0,32.22,SLIGHT_DELAY,HIGH
j_hist_007773,12.03,12,37.2,9,0,0,1,36.78,MODERATE_DELAY,HIGH
j_hist_007774,12.36,19,28.1,5,1,0,1,48.95,MODERATE_DELAY,LOW
j_hist_007775,1.88,4,24.8,13,0,0,1,8.34,ON_TIME,MEDIUM
j_hist_007776,12.6,18,18.5,14,0,0,0,51.36,ON_TIME,MEDIUM
j_hist_007777,28.31,24,37.0,15,0,1,0,72.51,MODERATE_DELAY,MEDIUM
j_hist_007778,31.51,33,30.1,22,0,1,1,122.94,HEAVY_DELAY,LOW
j_hist_007779,18.62,25,16.6,21,0,0,0,87.37,ON_TIME,LOW
j_hist_007780,16.49,15,32.2,10,0,0,2,62.77,HEAVY_DELAY,HIGH
j_hist_007781,2.05,4,25.9,15,0,0,0,10.42,SLIGHT_DELAY,MEDIUM
j_hist_007782,30.89,34,36.7,8,0,0,0,73.74,ON_TIME,HIGH
j_hist_007783,1.44,3,39.7,5,0,0,2,5.0,ON_TIME,LOW
j_hist_007784,33.12,33,30.8,5,0,0,0,89.06,ON_TIME,LOW
j_hist_007785,17.63,19,34.5,22,1,0,0,43.73,ON_TIME,LOW
j_hist_007786,12.63,12,15.6,9,1,0,0,56.48,ON_TIME,HIGH
j_hist_007787,32.42,40,29.7,20,0,1,1,136.19,HEAVY_DELAY,LOW
j_hist_007788,1.83,3,35.1,6,1,0,0,5.81,ON_TIME,LOW
j_hist_007789,20.77,22,27.9,13,0,0,2,91.53,HEAVY_DELAY,MEDIUM
j_hist_007790,19.66,28,30.6,6,1,2,0,76.88,HEAVY_DELAY,LOW
j_hist_007791,8.46,11,39.2,9,0,1,0,22.07,ON_TIME,HIGH
j_hist_007792,15.58,18,19.5,21,0,0,0,60.25,ON_TIME,LOW
j_hist_007793,23.18,30,16.8,14,1,0,0,103.23,ON_TIME,MEDIUM
j_hist_007794,25.72,36,33.3,12,0,0,0,73.68,ON_TIME,MEDIUM
j_hist_007795,1.02,2,37.0,15,0,0,0,5.0,ON_TIME,MEDIUM
j_hist_007796,32.85,37,37.8,17,0,2,2,155.07,HEAVY_DELAY,HIGH
j_hist_007797,6.59,9,32.0,17,1,0,2,24.72,SLIGHT_DELAY,HIGH
j_hist_007798,8.94,10,37.3,13,0,1,2,36.41,MODERATE_DELAY,MEDIUM
j_hist_007799,9.96,14,33.6,9,0,1,1,39.62,MODERATE_DELAY,HIGH
j_hist_007800,2.29,5,16.4,22,0,0,0,13.02,ON_TIME,LOW
j_hist_007801,5.18,9,35.3,12,1,0,0,14.65,ON_TIME,MEDIUM
j_hist_007802,34.54,35,19.0,18,0,0,1,171.38,HEAVY_DELAY,HIGH
j_hist_007803,11.72,12,20.6,6,0,1,1,58.3,HEAVY_DELAY,LOW
j_hist_007804,4.92,8,25.1,20,0,0,0,15.45,ON_TIME,LOW
j_hist_007805,4.64,6,22.8,5,0,2,2,33.9,HEAVY_DELAY,LOW
j_hist_007806,25.46,25,23.0,17,0,2,0,111.05,HEAVY_DELAY,HIGH
j_hist_007807,30.06,38,18.7,22,1,0,1,157.2,HEAVY_DELAY,LOW
j_hist_007808,9.74,11,22.2,5,0,0,0,34.56,ON_TIME,LOW
j_hist_007809,1.71,3,14.6,11,0,0,0,10.73,ON_TIME,MEDIUM
j_hist_007810,8.59,13,27.2,8,0,0,0,29.92,ON_TIME,HIGH
j_hist_007811,2.92,4,35.5,14,1,0,0,7.24,ON_TIME,MEDIUM
j_hist_007812,4.52,5,38.1,12,0,0,2,16.11,SLIGHT_DELAY,MEDIUM
j_hist_007813,15.67,17,37.0,7,0,0,1,45.12,SLIGHT_DELAY,LOW
j_hist_007814,8.82,12,25.7,11,0,0,0,30.58,ON_TIME,MEDIUM
j_hist_007815,18.54,18,34.5,20,0,0,2,67.54,HEAVY_DELAY,LOW
j_hist_007816,9.62,12,22.1,14,1,2,0,46.72,MODERATE_DELAY,MEDIUM
j_hist_007817,32.98,40,15.6,17,1,0,1,180.0,HEAVY_DELAY,HIGH
j_hist_007818,31.8,43,32.9,5,0,0,0,89.99,ON_TIME,LOW
j_hist_007819,20.27,21,32.2,11,1,1,0,63.15,MODERATE_DELAY,MEDIUM
j_hist_007820,13.05,18,36.4,14,0,0,0,34.65,ON_TIME,MEDIUM
j_hist_007821,13.96,15,31.3,16,0,0,0,39.68,ON_TIME,MEDIUM
j_hist_007822,15.0,20,18.4,18,1,2,0,82.25,HEAVY_DELAY,HIGH
j_hist_007823,25.74,29,37.9,15,0,0,0,64.31,ON_TIME,MEDIUM
j_hist_007824,16.36,16,31.6,21,0,0,0,44.38,ON_TIME,LOW
j_hist_007825,30.13,39,36.6,13,1,0,1,96.95,HEAVY_DELAY,MEDIUM
j_hist_007826,33.1,32,35.7,12,0,2,0,103.85,HEAVY_DELAY,MEDIUM
j_hist_007827,12.42,13,22.3,14,1,1,0,45.44,SLIGHT_DELAY,MEDIUM
j_hist_007828,20.06,22,16.1,8,0,1,1,130.89,HEAVY_DELAY,HIGH
j_hist_007829,4.23,7,18.9,9,0,2,0,22.25,SLIGHT_DELAY,HIGH
j_hist_007830,7.82,9,16.6,22,0,0,0,35.2,ON_TIME,LOW
j_hist_007831,15.06,15,20.8,10,0,1,1,80.92,HEAVY_DELAY,HIGH
j_hist_007832,8.01,8,26.9,14,1,0,2,40.64,HEAVY_DELAY,MEDIUM
j_hist_007833,30.8,35,39.4,22,0,2,0,96.28,HEAVY_DELAY,LOW
j_hist_007834,6.38,8,38.4,15,0,1,1,23.51,MODERATE_DELAY,MEDIUM
j_hist_007835,16.49,17,34.1,9,0,1,1,59.36,HEAVY_DELAY,HIGH
j_hist_007836,21.59,19,14.7,7,1,1,2,174.64,HEAVY_DELAY,LOW
j_hist_007837,24.52,27,23.6,22,1,0,2,122.85,HEAVY_DELAY,LOW
j_hist_007838,14.02,19,33.1,8,0,0,2,58.53,HEAVY_DELAY,HIGH
j_hist_007839,30.55,39,17.6,12,1,2,1,180.0,HEAVY_DELAY,MEDIUM
j_hist_007840,20.32,28,36.4,21,0,2,0,66.7,MODERATE_DELAY,LOW
j_hist_007841,15.94,14,39.6,14,0,0,1,43.37,MODERATE_DELAY,MEDIUM
j_hist_007842,3.29,6,23.9,5,0,0,1,16.6,SLIGHT_DELAY,LOW
j_hist_007843,16.8,18,33.8,6,0,0,0,45.61,SLIGHT_DELAY,LOW
j_hist_007844,28.91,42,18.1,15,0,1,0,144.63,HEAVY_DELAY,MEDIUM
j_hist_007845,21.89,22,33.3,19,1,0,1,69.45,MODERATE_DELAY,HIGH
j_hist_007846,29.29,33,14.6,5,1,0,1,180.0,HEAVY_DELAY,LOW
j_hist_007847,17.8,20,18.2,13,0,0,1,90.84,HEAVY_DELAY,MEDIUM
j_hist_007848,5.03,7,33.9,12,1,0,0,14.06,ON_TIME,MEDIUM
j_hist_007849,1.46,3,33.9,5,0,2,2,8.7,SLIGHT_DELAY,LOW
j_hist_007850,11.31,16,32.0,14,0,0,0,32.03,ON_TIME,MEDIUM
j_hist_007851,24.73,36,27.4,21,0,2,0,107.64,HEAVY_DELAY,LOW
j_hist_007852,27.87,34,32.9,22,0,0,0,78.15,ON_TIME,LOW
j_hist_007853,11.06,13,35.7,20,0,0,1,36.45,MODERATE_DELAY,LOW
j_hist_007854,17.85,17,41.1,6,0,0,0,38.39,ON_TIME,LOW
j_hist_007855,15.32,23,38.9,21,0,1,0,47.63,SLIGHT_DELAY,LOW
j_hist_007856,14.96,18,36.2,8,1,0,2,58.16,HEAVY_DELAY,HIGH
j_hist_007857,8.87,12,33.5,11,0,1,0,31.3,SLIGHT_DELAY,MEDIUM
j_hist_007858,5.64,7,30.1,13,0,0,0,13.0,ON_TIME,MEDIUM
j_hist_007859,7.69,10,17.4,7,0,1,0,37.39,SLIGHT_DELAY,LOW
j_hist_007860,2.88,5,18.6,9,0,1,2,22.22,MODERATE_DELAY,HIGH
j_hist_007861,7.74,8,37.0,22,0,0,2,28.13,MODERATE_DELAY,LOW
j_hist_007862,1.31,3,36.5,21,0,0,0,5.0,ON_TIME,LOW
j_hist_007863,22.33,21,31.2,11,1,0,0,58.94,ON_TIME,MEDIUM
j_hist_007864,11.76,16,26.3,18,0,0,2,56.39,HEAVY_DELAY,HIGH
j_hist_007865,34.09,30,14.7,19,0,0,0,157.07,ON_TIME,HIGH
j_hist_007866,7.59,8,23.2,18,0,0,0,24.38,ON_TIME,HIGH
j_hist_007867,12.76,14,25.8,13,0,0,0,41.21,ON_TIME,MEDIUM
j_hist_007868,13.17,16,27.6,20,1,0,2,60.94,HEAVY_DELAY,LOW
j_hist_007869,1.29,3,40.0,5,1,2,1,5.0,ON_TIME,LOW
j_hist_007870,29.53,26,17.0,12,0,1,0,142.4,HEAVY_DELAY,MEDIUM
j_hist_007871,2.09,4,28.5,22,0,0,1,11.63,SLIGHT_DELAY,LOW
j_hist_007872,32.97,47,24.3,6,1,0,2,175.86,HEAVY_DELAY,LOW
j_hist_007873,31.33,32,41.7,8,0,0,1,88.02,HEAVY_DELAY,HIGH
j_hist_007874,19.21,25,38.1,5,0,0,1,61.57,MODERATE_DELAY,LOW
j_hist_007875,19.48,24,26.3,15,1,1,2,108.65,HEAVY_DELAY,MEDIUM
j_hist_007876,23.23,23,42.0,10,1,0,0,49.33,ON_TIME,HIGH
j_hist_007877,14.16,15,28.4,18,0,0,1,51.04,MODERATE_DELAY,HIGH
j_hist_007878,23.01,27,18.7,17,0,0,0,92.47,ON_TIME,HIGH
j_hist_007879,2.52,4,29.6,16,0,0,1,10.09,ON_TIME,MEDIUM
j_hist_007880,2.84,4,20.3,14,0,0,0,10.09,ON_TIME,MEDIUM
j_hist_007881,16.55,23,31.8,15,1,0,1,58.0,MODERATE_DELAY,MEDIUM
j_hist_007882,19.69,23,40.2,16,0,0,0,46.0,ON_TIME,MEDIUM
j_hist_007883,31.19,39,36.0,11,0,0,0,79.92,ON_TIME,MEDIUM
j_hist_007884,4.56,6,21.6,12,0,0,1,20.48,SLIGHT_DELAY,MEDIUM
j_hist_007885,28.97,34,22.3,21,0,0,0,104.93,ON_TIME,LOW
j_hist_007886,8.14,10,15.9,7,0,0,1,47.88,MODERATE_DELAY,LOW
j_hist_007887,14.4,18,22.0,10,0,1,0,60.4,MODERATE_DELAY,HIGH
j_hist_007888,11.76,16,16.6,16,1,0,1,69.43,MODERATE_DELAY,MEDIUM
j_hist_007889,14.61,20,28.0,19,1,0,1,57.57,MODERATE_DELAY,HIGH
j_hist_007890,6.12,8,33.8,11,1,0,0,18.05,ON_TIME,MEDIUM
j_hist_007891,18.12,24,35.0,10,0,0,0,49.24,ON_TIME,HIGH
j_hist_007892,28.26,40,15.7,16,1,0,0,138.02,ON_TIME,MEDIUM
j_hist_007893,16.01,20,23.5,16,0,0,1,69.39,MODERATE_DELAY,MEDIUM
j_hist_007894,17.68,17,22.1,8,1,0,0,60.84,ON_TIME,HIGH
j_hist_007895,29.86,38,16.9,13,0,0,0,135.92,ON_TIME,MEDIUM
j_hist_007896,25.01,23,24.1,21,1,0,1,98.58,HEAVY_DELAY,LOW
j_hist_007897,17.68,25,22.4,6,0,0,0,66.06,ON_TIME,LOW
j_hist_007898,9.76,12,31.8,9,1,2,1,44.82,HEAVY_DELAY,HIGH
j_hist_007899,31.09,34,38.7,14,0,2,2,144.24,HEAVY_DELAY,MEDIUM
j_hist_007900,20.62,19,26.7,10,0,0,1,74.16,MODERATE_DELAY,HIGH
j_hist_007901,8.52,10,34.9,10,0,1,1,32.12,MODERATE_DELAY,HIGH
j_hist_007902,10.15,15,18.1,9,0,0,1,55.71,MODERATE_DELAY,HIGH
j_hist_007903,28.31,25,39.1,12,0,0,1,77.04,MODERATE_DELAY,MEDIUM
j_hist_007904,2.5,4,18.3,7,0,0,1,15.92,SLIGHT_DELAY,LOW
j_hist_007905,34.73,49,19.4,18,0,0,1,178.04,HEAVY_DELAY,HIGH
j_hist_007906,5.43,7,17.0,9,0,0,1,31.33,SLIGHT_DELAY,HIGH
j_hist_007907,28.07,31,22.7,19,1,0,0,96.2,ON_TIME,HIGH
j_hist_007908,14.42,18,29.5,13,1,0,2,62.74,HEAVY_DELAY,MEDIUM
j_hist_007909,17.74,21,41.7,19,0,1,1,59.04,HEAVY_DELAY,HIGH
j_hist_007910,30.94,29,36.2,20,0,1,2,128.39,HEAVY_DELAY,LOW
j_hist_007911,15.04,14,24.7,12,0,2,0,61.32,MODERATE_DELAY,MEDIUM
j_hist_007912,19.27,24,30.1,19,0,1,1,82.38,HEAVY_DELAY,HIGH
j_hist_007913,2.68,5,31.5,15,0,2,0,9.69,ON_TIME,MEDIUM
j_hist_007914,1.08,2,37.0,8,1,0,0,5.0,ON_TIME,HIGH
j_hist_007915,9.32,10,34.6,14,1,0,0,23.62,ON_TIME,MEDIUM
j_hist_007916,24.14,26,29.9,14,1,1,2,113.81,HEAVY_DELAY,MEDIUM
j_hist_007917,5.12,8,32.7,6,0,0,1,20.35,SLIGHT_DELAY,LOW
j_hist_007918,4.87,6,34.9,12,0,2,0,15.42,SLIGHT_DELAY,MEDIUM
j_hist_007919,14.97,21,17.7,12,1,0,0,68.1,ON_TIME,MEDIUM
j_hist_007920,23.03,21,19.6,13,0,0,0,84.72,ON_TIME,MEDIUM
j_hist_007921,25.21,36,33.3,6,0,1,0,85.01,MODERATE_DELAY,LOW
j_hist_007922,7.07,10,37.8,18,0,0,0,19.46,ON_TIME,HIGH
j_hist_007923,3.71,6,25.5,6,0,0,0,16.33,SLIGHT_DELAY,LOW
j_hist_007924,32.97,35,41.4,8,0,1,0,86.24,MODERATE_DELAY,HIGH
j_hist_007925,9.86,14,20.1,7,0,0,2,59.91,HEAVY_DELAY,LOW
j_hist_007926,30.01,29,25.7,18,1,0,1,116.88,HEAVY_DELAY,HIGH
j_hist_007927,30.36,27,24.6,20,0,2,2,180.0,HEAVY_DELAY,LOW
j_hist_007928,27.27,30,40.0,19,1,0,0,61.12,ON_TIME,HIGH
j_hist_007929,6.74,10,22.0,11,1,0,1,31.22,SLIGHT_DELAY,MEDIUM
j_hist_007930,28.94,38,27.2,22,1,1,1,132.29,HEAVY_DELAY,LOW
j_hist_007931,27.15,32,19.2,10,1,0,0,109.84,ON_TIME,HIGH
j_hist_007932,21.29,26,28.6,20,0,0,1,80.11,HEAVY_DELAY,LOW
j_hist_007933,12.46,12,38.0,15,0,0,0,29.29,ON_TIME,MEDIUM
j_hist_007934,9.93,14,22.5,6,1,0,0,37.18,ON_TIME,LOW
j_hist_007935,5.14,8,36.7,6,0,0,2,22.26,MODERATE_DELAY,LOW
j_hist_007936,18.33,23,39.5,18,0,0,1,55.65,MODERATE_DELAY,HIGH
j_hist_007937,20.9,24,16.0,13,0,0,1,118.94,HEAVY_DELAY,MEDIUM
j_hist_007938,13.22,20,35.2,16,1,0,0,37.38,ON_TIME,MEDIUM
j_hist_007939,17.16,24,21.1,7,1,2,0,87.69,HEAVY_DELAY,LOW
j_hist_007940,13.36,17,18.9,9,0,2,1,89.36,HEAVY_DELAY,HIGH
j_hist_007941,22.79,25,30.8,13,1,1,0,71.89,MODERATE_DELAY,MEDIUM
j_hist_007942,31.64,39,33.8,7,0,0,2,128.19,HEAVY_DELAY,LOW
j_hist_007943,6.57,9,25.1,22,0,2,1,35.82,MODERATE_DELAY,LOW
j_hist_007944,13.97,16,15.1,6,0,0,0,68.46,ON_TIME,LOW
j_hist_007945,5.79,7,39.4,8,1,0,0,13.8,ON_TIME,HIGH
j_hist_007946,22.25,25,34.5,17,0,0,0,58.79,ON_TIME,HIGH
j_hist_007947,25.78,31,21.6,21,0,1,0,109.44,MODERATE_DELAY,LOW
j_hist_007948,32.69,36,27.9,13,0,0,0,96.29,ON_TIME,MEDIUM
j_hist_007949,10.48,12,14.8,18,0,1,0,58.05,SLIGHT_DELAY,HIGH
j_hist_007950,33.31,43,23.5,17,0,0,1,144.22,HEAVY_DELAY,HIGH
j_hist_007951,3.15,5,28.6,9,0,0,2,15.86,SLIGHT_DELAY,HIGH
j_hist_007952,21.5,20,28.5,22,0,1,0,68.89,MODERATE_DELAY,LOW
j_hist_007953,2.94,5,19.8,19,0,0,0,12.23,ON_TIME,HIGH
j_hist_007954,31.39,43,35.7,15,1,0,2,126.53,HEAVY_DELAY,MEDIUM
j_hist_007955,19.01,25,22.4,9,0,1,0,80.09,MODERATE_DELAY,HIGH
j_hist_007956,23.76,25,30.3,11,1,0,0,64.18,ON_TIME,MEDIUM
j_hist_007957,29.27,41,21.6,6,1,0,0,113.27,ON_TIME,LOW
j_hist_007958,6.11,7,25.9,20,0,0,0,19.14,ON_TIME,LOW
j_hist_007959,2.31,5,19.8,7,0,1,1,14.34,SLIGHT_DELAY,LOW
j_hist_007960,30.88,31,31.7,14,0,0,0,82.47,ON_TIME,MEDIUM
j_hist_007961,11.71,11,25.9,16,1,0,0,34.79,ON_TIME,MEDIUM
j_hist_007962,5.39,7,14.5,6,0,0,0,23.84,ON_TIME,LOW
j_hist_007963,16.93,19,14.8,12,0,0,1,106.96,HEAVY_DELAY,MEDIUM
j_hist_007964,21.34,25,27.2,13,1,1,1,95.62,HEAVY_DELAY,MEDIUM
j_hist_007965,2.05,4,19.1,16,1,0,0,11.21,ON_TIME,MEDIUM
j_hist_007966,10.35,15,30.4,9,0,0,0,30.42,ON_TIME,HIGH
j_hist_007967,2.12,4,25.4,17,0,0,2,12.81,SLIGHT_DELAY,HIGH
j_hist_007968,15.29,18,32.3,9,0,0,0,41.31,ON_TIME,HIGH
j_hist_007969,31.43,29,40.7,19,0,0,0,68.81,ON_TIME,HIGH
j_hist_007970,34.41,30,28.8,9,0,0,2,140.57,HEAVY_DELAY,HIGH
j_hist_007971,22.66,28,36.0,9,0,0,1,75.47,HEAVY_DELAY,HIGH
j_hist_007972,6.5,7,35.1,8,0,0,0,16.73,ON_TIME,HIGH
j_hist_007973,31.8,41,39.8,20,0,0,1,98.26,HEAVY_DELAY,LOW
j_hist_007974,18.55,22,20.0,22,0,0,0,72.27,ON_TIME,LOW
j_hist_007975,6.23,7,37.2,14,1,2,1,24.23,MODERATE_DELAY,MEDIUM
j_hist_007976,32.34,38,39.4,7,0,0,2,115.98,HEAVY_DELAY,LOW
j_hist_007977,26.75,26,25.0,14,1,0,1,107.04,HEAVY_DELAY,MEDIUM
j_hist_007978,25.88,29,22.8,17,0,2,0,114.93,HEAVY_DELAY,HIGH
j_hist_007979,25.11,34,40.7,7,0,0,1,79.79,HEAVY_DELAY,LOW
j_hist_007980,7.81,10,31.6,8,0,2,0,27.66,SLIGHT_DELAY,HIGH
j_hist_007981,8.17,9,24.7,17,0,0,1,32.37,SLIGHT_DELAY,HIGH
j_hist_007982,24.4,32,36.2,18,0,1,0,74.93,MODERATE_DELAY,HIGH
j_hist_007983,8.47,9,22.5,8,0,0,2,43.24,MODERATE_DELAY,HIGH
j_hist_007984,15.91,21,18.9,16,0,0,1,82.7,HEAVY_DELAY,MEDIUM
j_hist_007985,27.59,32,29.2,20,0,1,0,91.6,MODERATE_DELAY,LOW
j_hist_007986,27.65,31,29.9,14,0,0,1,99.36,HEAVY_DELAY,MEDIUM
j_hist_007987,16.41,23,37.1,21,0,0,0,42.12,ON_TIME,LOW
j_hist_007988,27.93,36,26.8,11,0,2,0,116.84,HEAVY_DELAY,MEDIUM
j_hist_007989,29.51,26,36.8,8,0,0,0,69.67,SLIGHT_DELAY,HIGH
j_hist_007990,23.26,24,22.7,16,0,0,0,81.73,SLIGHT_DELAY,MEDIUM
j_hist_007991,8.77,13,30.1,14,0,0,0,29.35,SLIGHT_DELAY,MEDIUM
j_hist_007992,10.32,10,19.8,6,1,0,0,36.56,ON_TIME,LOW
j_hist_007993,11.7,15,24.8,18,0,0,1,50.03,MODERATE_DELAY,HIGH
j_hist_007994,4.97,8,38.0,12,0,1,0,17.71,SLIGHT_DELAY,MEDIUM
j_hist_007995,10.29,14,20.0,14,1,1,0,48.48,MODERATE_DELAY,MEDIUM
j_hist_007996,8.12,12,36.7,10,1,0,1,25.38,SLIGHT_DELAY,HIGH
j_hist_007997,16.48,22,21.9,6,0,0,0,59.67,ON_TIME,LOW
j_hist_007998,31.89,40,15.0,18,0,1,1,180.0,HEAVY_DELAY,HIGH
j_hist_007999,4.55,7,17.1,15,0,0,2,32.75,MODERATE_DELAY,MEDIUM
j_hist_008000,25.49,32,34.9,6,1,0,0,68.7,ON_TIME,LOW
j_hist_008001,24.37,27,21.3,8,0,2,1,144.2,HEAVY_DELAY,HIGH
j_hist_008002,4.26,6,32.3,10,0,0,1,14.87,SLIGHT_DELAY,HIGH
j_hist_008003,32.37,41,33.6,8,1,0,1,109.19,HEAVY_DELAY,HIGH
j_hist_008004,20.33,28,23.7,9,0,0,0,72.82,ON_TIME,HIGH
j_hist_008005,13.37,14,27.3,10,0,1,1,60.8,HEAVY_DELAY,HIGH
j_hist_008006,26.72,28,25.3,13,1,0,1,107.63,HEAVY_DELAY,MEDIUM
j_hist_008007,9.75,15,40.5,20,1,1,2,45.06,HEAVY_DELAY,LOW
j_hist_008008,24.58,30,23.0,15,0,0,0,88.29,ON_TIME,MEDIUM
j_hist_008009,2.35,4,19.1,15,0,0,1,14.9,SLIGHT_DELAY,MEDIUM
j_hist_008010,29.54,37,24.2,14,0,2,1,165.33,HEAVY_DELAY,MEDIUM
j_hist_008011,16.24,24,32.7,5,0,2,1,78.67,HEAVY_DELAY,LOW
j_hist_008012,22.65,31,33.5,21,0,0,0,64.78,ON_TIME,LOW
j_hist_008013,8.52,12,39.9,12,0,0,0,20.29,ON_TIME,MEDIUM
j_hist_008014,24.02,24,38.7,20,1,0,0,57.13,ON_TIME,LOW
j_hist_008015,27.26,38,22.1,10,1,0,1,129.74,HEAVY_DELAY,HIGH
j_hist_008016,17.09,21,26.7,18,1,0,1,66.38,MODERATE_DELAY,HIGH
j_hist_008017,22.0,31,34.9,6,1,1,0,68.77,MODERATE_DELAY,LOW
j_hist_008018,16.52,18,39.7,13,0,1,1,54.43,HEAVY_DELAY,MEDIUM
j_hist_008019,31.4,28,23.4,8,0,0,0,103.34,ON_TIME,HIGH
j_hist_008020,17.93,21,26.4,21,0,0,0,55.78,ON_TIME,LOW
j_hist_008021,29.62,30,39.2,5,0,0,0,67.19,ON_TIME,LOW
j_hist_008022,28.25,36,24.0,6,1,1,0,112.95,HEAVY_DELAY,LOW
j_hist_008023,14.96,22,27.5,21,0,1,1,70.27,HEAVY_DELAY,LOW
j_hist_008024,8.82,12,39.3,6,0,1,1,31.25,MODERATE_DELAY,LOW
j_hist_008025,14.81,21,36.5,7,0,0,2,56.84,HEAVY_DELAY,LOW
j_hist_008026,29.09,33,20.8,8,1,0,0,110.57,ON_TIME,HIGH
j_hist_008027,8.74,13,23.1,17,0,0,0,31.96,ON_TIME,HIGH
j_hist_008028,18.83,26,23.9,16,1,0,0,68.46,ON_TIME,MEDIUM
j_hist_008029,28.41,36,39.6,9,0,0,0,69.48,ON_TIME,HIGH
j_hist_008030,13.02,16,42.0,18,0,1,0,32.76,SLIGHT_DELAY,HIGH
j_hist_008031,22.84,28,35.7,10,0,0,0,59.24,ON_TIME,HIGH
j_hist_008032,9.35,13,27.6,5,1,2,0,36.2,SLIGHT_DELAY,LOW
j_hist_008033,4.72,6,14.3,20,1,0,1,28.41,SLIGHT_DELAY,LOW
j_hist_008034,28.01,38,33.5,10,1,0,0,77.88,ON_TIME,HIGH
j_hist_008035,4.36,7,24.9,17,0,0,1,19.2,SLIGHT_DELAY,HIGH
j_hist_008036,10.23,13,31.7,17,0,0,1,36.45,MODERATE_DELAY,HIGH
j_hist_008037,30.07,38,31.0,15,0,1,0,101.59,MODERATE_DELAY,MEDIUM
j_hist_008038,12.78,17,27.5,20,1,0,0,40.02,ON_TIME,LOW
j_hist_008039,34.08,42,40.4,18,0,0,0,79.79,ON_TIME,HIGH
j_hist_008040,34.31,40,14.6,15,0,1,0,180.0,MODERATE_DELAY,MEDIUM
j_hist_008041,10.12,15,33.9,9,0,0,1,37.53,MODERATE_DELAY,HIGH
j_hist_008042,2.39,4,25.5,14,0,0,0,6.63,ON_TIME,MEDIUM
j_hist_008043,24.97,22,34.0,19,0,0,0,61.49,ON_TIME,HIGH
j_hist_008044,16.33,23,32.9,11,0,0,0,46.58,ON_TIME,MEDIUM
j_hist_008045,4.43,7,14.3,7,1,0,0,22.68,ON_TIME,LOW
j_hist_008046,25.06,34,22.0,15,1,0,1,117.4,HEAVY_DELAY,MEDIUM
j_hist_008047,2.06,3,19.3,13,0,2,1,14.04,SLIGHT_DELAY,MEDIUM
j_hist_008048,30.59,27,18.7,14,1,0,0,118.59,ON_TIME,MEDIUM
j_hist_008049,5.71,9,34.4,8,0,0,1,20.62,SLIGHT_DELAY,HIGH
j_hist_008050,5.33,6,20.7,22,1,0,1,23.17,SLIGHT_DELAY,LOW
j_hist_008051,6.97,10,27.3,18,0,1,1,32.87,MODERATE_DELAY,HIGH
j_hist_008052,33.65,45,20.9,13,1,1,2,180.0,HEAVY_DELAY,MEDIUM
j_hist_008053,24.57,32,30.2,20,1,0,0,71.29,ON_TIME,LOW
j_hist_008054,28.25,26,34.2,6,0,1,2,118.24,HEAVY_DELAY,LOW
j_hist_008055,14.52,19,23.3,11,1,0,1,63.14,MODERATE_DELAY,MEDIUM
j_hist_008056,12.43,18,30.9,9,0,1,1,53.01,HEAVY_DELAY,HIGH
j_hist_008057,8.97,11,37.1,21,1,2,1,35.73,MODERATE_DELAY,LOW
j_hist_008058,17.34,20,16.6,15,0,0,0,74.38,ON_TIME,MEDIUM
j_hist_008059,19.76,23,33.9,8,1,0,1,65.61,MODERATE_DELAY,HIGH
j_hist_008060,22.48,21,23.0,21,0,1,0,84.66,MODERATE_DELAY,LOW
j_hist_008061,9.74,15,17.4,9,0,2,0,58.19,MODERATE_DELAY,HIGH
j_hist_008062,33.25,45,29.3,8,1,0,0,102.24,ON_TIME,HIGH
j_hist_008063,6.77,11,20.3,14,1,1,1,40.77,MODERATE_DELAY,MEDIUM
j_hist_008064,33.83,40,37.0,7,1,1,0,98.06,MODERATE_DELAY,LOW
j_hist_008065,1.51,3,15.2,10,1,1,2,14.02,SLIGHT_DELAY,HIGH
j_hist_008066,17.36,17,16.8,12,0,2,0,97.65,HEAVY_DELAY,MEDIUM
j_hist_008067,12.33,16,28.6,9,1,0,0,35.7,ON_TIME,HIGH
j_hist_008068,16.27,21,30.5,12,1,2,0,61.98,MODERATE_DELAY,MEDIUM
j_hist_008069,20.4,29,34.4,14,0,0,1,71.47,MODERATE_DELAY,MEDIUM
j_hist_008070,15.81,22,21.3,8,1,0,1,75.91,MODERATE_DELAY,HIGH
j_hist_008071,15.1,22,37.6,10,1,0,0,40.58,ON_TIME,HIGH
j_hist_008072,25.91,36,40.7,7,1,1,2,110.7,HEAVY_DELAY,LOW
j_hist_008073,24.32,34,28.0,8,0,0,0,77.3,ON_TIME,HIGH
j_hist_008074,29.33,26,35.3,8,1,0,0,69.29,ON_TIME,HIGH
j_hist_008075,9.5,14,28.7,9,1,1,1,45.43,HEAVY_DELAY,HIGH
j_hist_008076,21.72,27,15.9,19,0,0,0,101.9,ON_TIME,HIGH
j_hist_008077,20.9,23,23.1,20,1,1,1,101.56,HEAVY_DELAY,LOW
j_hist_008078,13.57,13,16.4,10,0,1,0,65.29,SLIGHT_DELAY,HIGH
j_hist_008079,17.53,23,41.7,22,0,1,1,60.78,HEAVY_DELAY,LOW
j_hist_008080,11.67,13,20.4,16,0,1,1,63.75,HEAVY_DELAY,MEDIUM
j_hist_008081,5.82,8,31.8,11,0,0,1,21.11,SLIGHT_DELAY,MEDIUM
j_hist_008082,8.27,11,22.0,16,0,0,0,32.04,ON_TIME,MEDIUM
j_hist_008083,4.59,8,32.3,18,0,0,0,12.81,ON_TIME,HIGH
j_hist_008084,24.22,33,19.9,17,0,0,0,96.5,ON_TIME,HIGH
j_hist_008085,23.46,27,36.0,15,0,1,1,88.09,HEAVY_DELAY,MEDIUM
j_hist_008086,33.32,36,17.1,15,0,0,0,143.88,ON_TIME,MEDIUM
j_hist_008087,25.81,26,39.1,6,1,1,1,84.4,HEAVY_DELAY,LOW
j_hist_008088,2.77,4,37.5,18,1,0,0,6.91,ON_TIME,HIGH
j_hist_008089,31.06,28,33.0,19,0,1,0,88.16,MODERATE_DELAY,HIGH
j_hist_008090,30.33,43,15.9,5,1,0,0,147.97,ON_TIME,LOW
j_hist_008091,16.07,20,19.8,16,1,1,0,71.95,MODERATE_DELAY,MEDIUM
j_hist_008092,20.92,20,38.1,18,1,0,2,71.61,HEAVY_DELAY,HIGH
j_hist_008093,34.19,36,17.4,22,0,0,1,179.46,HEAVY_DELAY,LOW
j_hist_008094,19.1,23,18.4,7,0,0,1,95.37,HEAVY_DELAY,LOW
j_hist_008095,31.78,37,29.2,16,1,0,1,115.57,HEAVY_DELAY,MEDIUM
j_hist_008096,3.82,5,21.7,9,0,2,2,27.72,MODERATE_DELAY,HIGH
j_hist_008097,7.5,12,20.2,7,0,1,0,35.59,SLIGHT_DELAY,LOW
j_hist_008098,15.99,17,30.1,11,0,0,1,57.87,MODERATE_DELAY,MEDIUM
j_hist_008099,20.88,18,24.4,20,0,2,2,126.47,HEAVY_DELAY,LOW
j_hist_008100,28.75,26,17.9,21,0,1,1,166.97,HEAVY_DELAY,LOW
j_hist_008101,34.6,41,29.0,12,0,0,0,105.24,SLIGHT_DELAY,MEDIUM
j_hist_008102,14.22,14,24.8,19,0,0,0,45.91,ON_TIME,HIGH
j_hist_008103,2.61,4,34.6,19,0,0,1,8.05,ON_TIME,HIGH
j_hist_008104,28.24,31,16.9,12,0,0,0,122.33,ON_TIME,MEDIUM
j_hist_008105,21.55,27,31.4,15,0,1,1,86.35,HEAVY_DELAY,MEDIUM
j_hist_008106,7.75,8,26.2,14,0,0,0,25.35,ON_TIME,MEDIUM
j_hist_008107,17.82,19,25.4,22,0,1,1,84.52,HEAVY_DELAY,LOW
j_hist_008108,26.24,29,20.5,13,0,0,1,123.76,HEAVY_DELAY,MEDIUM
j_hist_008109,27.19,26,14.9,20,1,1,0,148.33,HEAVY_DELAY,LOW
j_hist_008110,17.99,21,37.7,5,1,0,0,46.56,SLIGHT_DELAY,LOW
j_hist_008111,11.38,11,23.1,10,0,0,1,48.71,MODERATE_DELAY,HIGH
j_hist_008112,34.11,30,33.1,6,0,2,0,108.4,HEAVY_DELAY,LOW
j_hist_008113,23.55,28,40.5,17,0,0,0,55.79,ON_TIME,HIGH
j_hist_008114,14.88,16,29.8,10,0,0,1,52.7,MODERATE_DELAY,HIGH
j_hist_008115,10.54,11,25.1,13,1,0,0,32.88,ON_TIME,MEDIUM
j_hist_008116,25.86,29,21.5,18,0,0,2,140.07,HEAVY_DELAY,HIGH
j_hist_008117,9.23,14,40.2,11,0,1,2,43.07,HEAVY_DELAY,MEDIUM
j_hist_008118,6.84,10,33.1,9,0,0,0,21.86,ON_TIME,HIGH
j_hist_008119,19.01,26,32.6,11,1,1,1,79.93,HEAVY_DELAY,MEDIUM
j_hist_008120,10.86,16,25.9,7,1,0,0,38.17,ON_TIME,LOW
j_hist_008121,22.38,32,37.7,17,0,0,0,62.24,SLIGHT_DELAY,HIGH
j_hist_008122,5.01,8,34.0,16,0,0,1,17.82,SLIGHT_DELAY,MEDIUM
j_hist_008123,23.27,29,21.9,10,0,1,0,97.61,MODERATE_DELAY,HIGH
j_hist_008124,10.63,12,30.8,6,1,1,1,43.54,MODERATE_DELAY,LOW
j_hist_008125,1.01,2,26.0,19,0,0,0,5.0,ON_TIME,HIGH
j_hist_008126,5.32,8,14.2,19,0,0,0,27.53,ON_TIME,HIGH
j_hist_008127,32.74,47,36.6,22,1,0,0,88.52,ON_TIME,LOW
j_hist_008128,30.49,34,17.4,21,1,0,1,162.46,HEAVY_DELAY,LOW
j_hist_008129,8.94,13,28.3,7,0,0,0,28.37,ON_TIME,LOW
j_hist_008130,27.46,32,23.4,7,0,2,0,123.5,HEAVY_DELAY,LOW
j_hist_008131,21.69,24,23.6,13,1,0,0,73.18,ON_TIME,MEDIUM
j_hist_008132,34.01,37,27.4,14,1,0,2,150.42,HEAVY_DELAY,MEDIUM
j_hist_008133,13.7,17,41.9,16,1,0,0,32.67,ON_TIME,MEDIUM
j_hist_008134,24.17,26,25.4,5,0,0,1,95.98,HEAVY_DELAY,LOW
j_hist_008135,3.16,5,19.1,8,1,1,0,16.92,SLIGHT_DELAY,HIGH
j_hist_008136,14.47,21,31.2,9,0,0,1,54.76,MODERATE_DELAY,HIGH
j_hist_008137,33.77,46,20.6,21,0,0,1,166.57,HEAVY_DELAY,LOW
j_hist_008138,19.33,20,17.0,9,0,0,1,101.44,HEAVY_DELAY,HIGH
j_hist_008139,10.79,16,15.4,8,0,1,0,62.14,MODERATE_DELAY,HIGH
j_hist_008140,5.09,7,14.6,19,0,1,0,30.13,SLIGHT_DELAY,HIGH
j_hist_008141,24.92,26,26.1,14,0,0,2,116.3,HEAVY_DELAY,MEDIUM
j_hist_008142,22.93,30,25.9,9,0,1,0,88.23,MODERATE_DELAY,HIGH
j_hist_008143,13.71,15,19.2,18,0,0,1,67.2,MODERATE_DELAY,HIGH
j_hist_008144,33.33,29,36.0,17,1,0,0,79.88,SLIGHT_DELAY,HIGH
j_hist_008145,1.75,3,17.6,12,0,0,0,8.59,ON_TIME,MEDIUM
j_hist_008146,11.33,15,39.6,16,0,1,0,33.09,SLIGHT_DELAY,MEDIUM
j_hist_008147,32.32,34,30.5,10,0,1,1,128.17,HEAVY_DELAY,HIGH
j_hist_008148,11.91,16,14.8,12,1,0,0,59.14,ON_TIME,MEDIUM
j_hist_008149,9.58,13,41.0,14,0,0,1,29.41,SLIGHT_DELAY,MEDIUM
j_hist_008150,19.16,25,22.6,21,1,0,1,87.59,HEAVY_DELAY,LOW
j_hist_008151,29.01,40,26.6,5,0,1,1,138.06,HEAVY_DELAY,LOW
j_hist_008152,4.51,6,22.0,16,0,1,0,19.36,SLIGHT_DELAY,MEDIUM
j_hist_008153,33.06,31,34.4,6,1,1,0,91.45,MODERATE_DELAY,LOW
j_hist_008154,28.03,29,27.6,21,0,0,1,102.07,HEAVY_DELAY,LOW
j_hist_008155,7.16,9,17.7,11,0,0,1,41.34,MODERATE_DELAY,MEDIUM
j_hist_008156,25.21,32,16.9,18,0,0,0,113.54,ON_TIME,HIGH
j_hist_008157,14.09,13,34.3,18,1,0,0,36.03,ON_TIME,HIGH
j_hist_008158,14.68,16,20.6,16,1,0,2,85.38,HEAVY_DELAY,MEDIUM
j_hist_008159,27.63,37,17.9,20,0,0,0,118.75,ON_TIME,LOW
j_hist_008160,33.73,42,28.0,22,0,1,1,147.85,HEAVY_DELAY,LOW
j_hist_008161,5.31,8,36.5,12,1,0,2,22.15,MODERATE_DELAY,MEDIUM
j_hist_008162,15.3,21,21.8,6,0,1,1,82.08,HEAVY_DELAY,LOW
j_hist_008163,17.35,24,21.7,15,0,1,0,75.75,MODERATE_DELAY,MEDIUM
j_hist_008164,13.79,18,37.3,5,0,1,0,39.85,SLIGHT_DELAY,LOW
j_hist_008165,13.35,16,18.1,14,0,0,2,83.69,HEAVY_DELAY,MEDIUM
j_hist_008166,2.78,5,31.3,22,1,0,0,9.14,ON_TIME,LOW
j_hist_008167,24.31,29,40.7,20,1,0,1,70.69,MODERATE_DELAY,LOW
j_hist_008168,15.83,16,37.6,6,0,0,1,46.89,MODERATE_DELAY,LOW
j_hist_008169,7.62,9,15.7,21,0,0,1,43.9,MODERATE_DELAY,LOW
j_hist_008170,28.75,36,23.0,20,1,2,2,180.0,HEAVY_DELAY,LOW
j_hist_008171,28.29,40,18.0,9,0,0,2,180.0,HEAVY_DELAY,HIGH
j_hist_008172,17.54,17,40.6,10,0,0,0,38.99,ON_TIME,HIGH
j_hist_008173,11.15,11,41.6,21,0,2,1,40.44,HEAVY_DELAY,LOW
j_hist_008174,22.7,32,20.6,20,0,0,1,113.37,HEAVY_DELAY,LOW
j_hist_008175,10.8,16,32.8,20,0,2,2,60.44,HEAVY_DELAY,LOW
j_hist_008176,9.02,10,37.6,11,1,0,0,21.6,ON_TIME,MEDIUM
j_hist_008177,25.84,28,20.5,20,1,0,1,119.69,HEAVY_DELAY,LOW
j_hist_008178,2.37,4,19.3,13,0,1,1,14.88,SLIGHT_DELAY,MEDIUM
j_hist_008179,4.22,6,14.3,10,0,0,1,27.27,SLIGHT_DELAY,HIGH
j_hist_008180,1.23,3,25.5,20,0,1,0,6.69,ON_TIME,LOW
j_hist_008181,6.2,7,39.2,13,0,0,1,19.74,SLIGHT_DELAY,MEDIUM
j_hist_008182,3.35,4,39.3,8,1,0,0,7.32,ON_TIME,HIGH
j_hist_008183,34.86,34,17.6,10,0,2,1,180.0,HEAVY_DELAY,HIGH
j_hist_008184,10.82,12,19.7,18,0,1,1,61.77,HEAVY_DELAY,HIGH
j_hist_008185,6.08,7,25.4,7,0,0,1,26.35,SLIGHT_DELAY,LOW
j_hist_008186,9.19,9,35.9,21,0,0,1,28.29,SLIGHT_DELAY,LOW
j_hist_008187,32.83,43,31.1,15,1,0,0,94.22,ON_TIME,MEDIUM
j_hist_008188,18.69,18,28.4,12,0,0,0,54.04,ON_TIME,MEDIUM
j_hist_008189,13.4,20,30.6,12,0,1,0,48.6,MODERATE_DELAY,MEDIUM
j_hist_008190,30.7,33,16.7,8,0,2,0,177.46,HEAVY_DELAY,HIGH
j_hist_008191,14.43,19,27.4,19,1,1,0,52.2,SLIGHT_DELAY,HIGH
j_hist_008192,12.39,13,41.8,20,1,2,0,38.21,MODERATE_DELAY,LOW
j_hist_008193,8.05,9,16.5,15,1,0,0,34.24,ON_TIME,MEDIUM
j_hist_008194,13.85,17,28.5,11,0,0,0,43.04,ON_TIME,MEDIUM
j_hist_008195,11.77,15,22.3,22,0,0,0,44.14,ON_TIME,LOW
j_hist_008196,24.03,32,29.1,10,0,1,1,106.99,HEAVY_DELAY,HIGH
j_hist_008197,10.85,15,30.1,8,0,1,1,44.45,MODERATE_DELAY,HIGH
j_hist_008198,20.62,26,30.2,9,0,0,0,58.47,ON_TIME,HIGH
j_hist_008199,3.24,5,37.9,7,1,1,1,13.65,SLIGHT_DELAY,LOW
j_hist_008200,7.5,12,24.9,10,1,1,2,47.94,HEAVY_DELAY,HIGH
j_hist_008201,14.85,19,28.5,18,0,0,0,44.97,ON_TIME,HIGH
j_hist_008202,32.86,47,14.3,5,0,0,1,180.0,SLIGHT_DELAY,LOW
j_hist_008203,13.83,19,36.1,18,0,0,1,46.2,MODERATE_DELAY,HIGH
j_hist_008204,23.58,21,21.3,10,0,0,1,101.96,HEAVY_DELAY,HIGH
j_hist_008205,9.67,11,36.9,7,1,0,1,33.42,MODERATE_DELAY,LOW
j_hist_008206,5.32,8,21.4,21,1,0,1,27.5,SLIGHT_DELAY,LOW
j_hist_008207,2.99,5,14.3,18,0,1,1,21.98,SLIGHT_DELAY,HIGH
j_hist_008208,11.38,14,18.3,11,0,0,0,48.84,ON_TIME,MEDIUM
j_hist_008209,6.36,10,41.6,15,0,2,1,25.47,MODERATE_DELAY,MEDIUM
j_hist_008210,6.92,8,23.0,11,0,0,0,23.83,ON_TIME,MEDIUM
j_hist_008211,26.87,26,17.0,17,0,0,1,141.21,HEAVY_DELAY,HIGH
j_hist_008212,1.54,3,17.3,18,1,0,2,8.9,ON_TIME,HIGH
j_hist_008213,19.97,24,22.7,15,0,0,1,89.04,HEAVY_DELAY,MEDIUM
j_hist_008214,13.9,18,15.1,12,0,0,0,68.82,ON_TIME,MEDIUM
j_hist_008215,18.22,20,28.3,16,0,0,0,54.09,ON_TIME,MEDIUM
j_hist_008216,20.14,25,20.0,19,1,1,2,134.5,HEAVY_DELAY,HIGH
j_hist_008217,11.65,11,28.5,14,0,2,1,56.82,HEAVY_DELAY,MEDIUM
j_hist_008218,11.03,11,17.9,6,1,0,1,55.92,MODERATE_DELAY,LOW
j_hist_008219,25.94,33,26.0,17,0,0,2,128.22,HEAVY_DELAY,HIGH
j_hist_008220,30.62,33,30.7,14,0,1,1,121.42,HEAVY_DELAY,MEDIUM
j_hist_008221,7.55,11,15.7,21,1,1,2,63.82,HEAVY_DELAY,LOW
j_hist_008222,4.32,7,25.2,14,0,0,1,18.07,SLIGHT_DELAY,MEDIUM
j_hist_008223,31.53,43,22.5,10,1,0,0,119.6,SLIGHT_DELAY,HIGH
j_hist_008224,12.9,13,20.7,5,0,0,0,50.59,SLIGHT_DELAY,LOW
j_hist_008225,19.74,23,30.9,21,0,2,0,71.47,HEAVY_DELAY,LOW
j_hist_008226,13.22,18,30.5,5,0,0,0,39.92,ON_TIME,LOW
j_hist_008227,5.28,8,31.7,9,1,0,1,20.0,SLIGHT_DELAY,HIGH
j_hist_008228,21.04,28,18.4,19,1,0,0,91.3,ON_TIME,HIGH
j_hist_008229,18.85,19,22.0,5,0,0,2,101.2,HEAVY_DELAY,LOW
j_hist_008230,7.9,9,19.9,21,0,0,0,28.6,ON_TIME,LOW
j_hist_008231,16.36,20,29.1,18,0,0,0,45.48,ON_TIME,HIGH
j_hist_008232,28.1,36,26.9,17,0,0,2,133.81,HEAVY_DELAY,HIGH
j_hist_008233,21.07,22,23.2,15,0,0,0,69.45,ON_TIME,MEDIUM
j_hist_008234,4.3,5,36.0,16,0,0,0,10.38,ON_TIME,MEDIUM
j_hist_008235,19.63,26,16.6,10,0,0,0,91.21,ON_TIME,HIGH
j_hist_008236,24.89,26,41.3,15,1,0,0,57.35,ON_TIME,MEDIUM
j_hist_008237,27.95,27,17.3,6,0,1,0,134.97,HEAVY_DELAY,LOW
j_hist_008238,22.39,21,35.6,22,1,0,1,68.1,MODERATE_DELAY,LOW
j_hist_008239,6.19,8,24.3,16,0,0,0,20.82,ON_TIME,MEDIUM
j_hist_008240,25.15,31,38.2,19,0,0,1,80.35,HEAVY_DELAY,HIGH
j_hist_008241,24.03,26,16.1,13,0,2,0,140.05,HEAVY_DELAY,MEDIUM
j_hist_008242,1.83,3,24.5,12,0,0,0,6.94,ON_TIME,MEDIUM
j_hist_008243,15.0,14,23.4,22,0,0,1,58.4,MODERATE_DELAY,LOW
j_hist_008244,12.32,14,41.8,20,0,0,1,35.68,MODERATE_DELAY,LOW
j_hist_008245,23.76,30,41.6,14,0,0,0,57.2,ON_TIME,MEDIUM
j_hist_008246,8.35,9,19.3,16,1,0,0,30.42,ON_TIME,MEDIUM
j_hist_008247,21.09,25,31.6,16,0,2,0,76.54,HEAVY_DELAY,MEDIUM
j_hist_008248,32.05,29,29.0,14,1,1,1,127.26,HEAVY_DELAY,MEDIUM
j_hist_008249,28.13,28,18.3,18,0,0,0,114.71,ON_TIME,HIGH
j_hist_008250,32.33,31,18.7,8,1,0,0,129.05,SLIGHT_DELAY,HIGH
j_hist_008251,34.27,30,41.7,19,1,0,2,107.77,HEAVY_DELAY,HIGH
j_hist_008252,1.36,3,26.7,13,1,0,2,8.53,SLIGHT_DELAY,MEDIUM
j_hist_008253,22.17,25,17.5,11,0,0,0,92.65,ON_TIME,MEDIUM
j_hist_008254,15.04,21,20.0,11,0,0,0,60.99,ON_TIME,MEDIUM
j_hist_008255,30.24,27,21.5,13,0,0,1,131.27,HEAVY_DELAY,MEDIUM
j_hist_008256,9.56,10,28.3,14,0,0,0,27.19,ON_TIME,MEDIUM
j_hist_008257,34.36,35,23.4,17,0,0,0,114.48,ON_TIME,HIGH
j_hist_008258,21.87,29,26.7,10,0,1,0,82.06,MODERATE_DELAY,HIGH
j_hist_008259,27.98,29,18.7,8,1,0,0,109.93,ON_TIME,HIGH
j_hist_008260,3.91,6,23.1,21,0,0,0,15.52,ON_TIME,LOW
j_hist_008261,7.24,9,16.0,18,0,0,1,42.88,MODERATE_DELAY,HIGH
j_hist_008262,26.79,24,38.9,7,0,0,0,58.79,ON_TIME,LOW
j_hist_008263,1.75,4,19.6,5,0,0,2,13.89,SLIGHT_DELAY,LOW
j_hist_008264,28.77,34,35.2,22,0,0,1,92.65,HEAVY_DELAY,LOW
j_hist_008265,1.47,3,23.8,6,0,1,0,9.74,SLIGHT_DELAY,LOW
j_hist_008266,23.34,29,27.3,12,1,2,0,96.02,HEAVY_DELAY,MEDIUM
j_hist_008267,13.41,16,22.2,20,1,0,1,60.35,MODERATE_DELAY,LOW
j_hist_008268,21.79,20,33.5,8,0,1,0,63.24,MODERATE_DELAY,HIGH
j_hist_008269,24.67,31,37.6,14,1,0,1,79.55,HEAVY_DELAY,MEDIUM
j_hist_008270,12.64,13,22.0,21,1,0,0,42.82,ON_TIME,LOW
j_hist_008271,4.67,6,20.8,21,0,0,1,22.22,SLIGHT_DELAY,LOW
j_hist_008272,3.37,5,33.1,11,0,1,2,16.19,SLIGHT_DELAY,MEDIUM
j_hist_008273,21.02,28,19.5,13,1,2,0,114.89,HEAVY_DELAY,MEDIUM
j_hist_008274,18.7,24,31.9,11,0,1,0,58.73,SLIGHT_DELAY,MEDIUM
j_hist_008275,26.23,33,16.6,7,1,1,0,138.22,HEAVY_DELAY,LOW
j_hist_008276,18.33,18,31.4,16,0,0,0,47.63,ON_TIME,MEDIUM
j_hist_008277,15.36,17,28.4,8,0,1,1,63.81,HEAVY_DELAY,HIGH
j_hist_008278,14.53,14,17.2,21,0,0,0,61.81,ON_TIME,LOW
j_hist_008279,1.9,4,32.2,7,1,1,0,7.72,ON_TIME,LOW
j_hist_008280,12.41,19,26.5,15,0,1,0,49.87,MODERATE_DELAY,MEDIUM
j_hist_008281,34.18,34,20.1,12,1,1,0,147.19,HEAVY_DELAY,MEDIUM
j_hist_008282,30.7,28,23.9,6,0,0,2,145.97,HEAVY_DELAY,LOW
j_hist_008283,12.2,15,27.8,18,1,0,1,48.56,MODERATE_DELAY,HIGH
j_hist_008284,20.99,29,16.6,8,0,0,0,97.85,ON_TIME,HIGH
j_hist_008285,29.81,35,40.8,20,1,0,2,103.8,HEAVY_DELAY,LOW
j_hist_008286,16.0,15,32.6,18,1,1,1,57.22,HEAVY_DELAY,HIGH
j_hist_008287,1.61,4,16.9,11,0,0,1,10.36,ON_TIME,MEDIUM
j_hist_008288,3.53,6,37.0,14,0,2,0,15.68,SLIGHT_DELAY,MEDIUM
j_hist_008289,18.35,18,23.0,16,0,1,0,66.61,SLIGHT_DELAY,MEDIUM
j_hist_008290,33.96,47,30.7,12,0,0,0,102.58,ON_TIME,MEDIUM
j_hist_008291,24.57,28,21.8,15,0,0,1,111.81,HEAVY_DELAY,MEDIUM
j_hist_008292,3.41,5,34.5,17,1,0,1,13.33,SLIGHT_DELAY,HIGH
j_hist_008293,7.44,10,34.2,16,0,0,0,20.44,ON_TIME,MEDIUM
j_hist_008294,27.22,37,29.5,11,0,2,1,134.71,HEAVY_DELAY,MEDIUM
j_hist_008295,29.61,37,20.7,16,0,1,0,132.5,HEAVY_DELAY,MEDIUM
j_hist_008296,22.0,20,21.1,14,0,0,0,75.54,ON_TIME,MEDIUM
j_hist_008297,22.91,33,24.7,11,0,0,0,78.71,ON_TIME,MEDIUM
j_hist_008298,1.96,3,18.1,11,0,1,0,7.07,ON_TIME,MEDIUM
j_hist_008299,29.17,38,23.5,22,1,1,1,147.59,HEAVY_DELAY,LOW
j_hist_008300,27.8,34,33.2,16,0,1,1,112.69,HEAVY_DELAY,MEDIUM
j_hist_008301,9.81,10,37.3,8,0,0,0,21.79,ON_TIME,HIGH
j_hist_008302,25.1,24,23.3,5,0,2,0,108.03,HEAVY_DELAY,LOW
j_hist_008303,8.31,12,20.5,9,0,1,1,47.07,MODERATE_DELAY,HIGH
j_hist_008304,2.37,4,37.3,14,0,0,1,8.17,ON_TIME,MEDIUM
j_hist_008305,7.84,11,38.9,11,1,0,0,18.94,ON_TIME,MEDIUM
j_hist_008306,7.07,9,25.5,11,0,0,2,34.35,MODERATE_DELAY,MEDIUM
j_hist_008307,12.48,17,14.8,17,0,2,0,81.27,HEAVY_DELAY,HIGH
j_hist_008308,15.23,18,33.5,18,0,0,1,53.46,MODERATE_DELAY,HIGH
j_hist_008309,18.29,19,36.0,9,0,0,1,55.56,MODERATE_DELAY,HIGH
j_hist_008310,17.21,19,14.5,6,0,0,2,125.97,HEAVY_DELAY,LOW
j_hist_008311,10.2,15,30.7,18,0,0,0,33.21,ON_TIME,HIGH
j_hist_008312,1.99,4,30.5,12,0,0,1,6.19,ON_TIME,MEDIUM
j_hist_008313,21.57,22,24.6,6,0,0,1,87.49,HEAVY_DELAY,LOW
j_hist_008314,14.46,21,35.0,12,1,2,2,78.95,HEAVY_DELAY,MEDIUM
j_hist_008315,11.15,16,26.0,9,0,1,1,56.14,HEAVY_DELAY,HIGH
j_hist_008316,30.48,27,32.9,16,0,0,0,74.28,ON_TIME,MEDIUM
j_hist_008317,26.39,38,28.5,11,1,0,2,127.83,HEAVY_DELAY,MEDIUM
j_hist_008318,30.16,38,21.0,17,0,2,1,180.0,HEAVY_DELAY,HIGH
j_hist_008319,17.83,17,31.0,19,0,0,0,47.6,ON_TIME,HIGH
j_hist_008320,5.45,7,34.6,14,0,0,0,15.01,ON_TIME,MEDIUM
j_hist_008321,24.67,31,41.3,8,1,0,2,87.32,HEAVY_DELAY,HIGH
j_hist_008322,8.01,12,24.6,20,0,2,1,51.05,HEAVY_DELAY,LOW
j_hist_008323,16.0,17,15.8,11,0,1,0,84.63,MODERATE_DELAY,MEDIUM
j_hist_008324,3.21,5,41.7,17,0,0,0,8.1,ON_TIME,HIGH
j_hist_008325,29.06,30,31.5,8,0,0,0,77.37,ON_TIME,HIGH
j_hist_008326,5.28,8,40.5,16,1,2,0,18.47,SLIGHT_DELAY,MEDIUM
j_hist_008327,31.71,30,16.9,6,1,0,2,180.0,HEAVY_DELAY,LOW
j_hist_008328,30.38,28,23.6,9,0,0,0,99.3,ON_TIME,HIGH
j_hist_008329,16.8,22,17.8,12,0,0,1,91.25,HEAVY_DELAY,MEDIUM
j_hist_008330,26.31,35,37.4,8,1,0,0,69.47,ON_TIME,HIGH
j_hist_008331,22.06,26,38.6,6,0,0,1,68.65,MODERATE_DELAY,LOW
j_hist_008332,28.3,30,28.0,10,1,2,0,110.68,HEAVY_DELAY,HIGH
j_hist_008333,15.68,18,19.2,7,0,1,0,72.25,MODERATE_DELAY,LOW
j_hist_008334,27.72,30,17.6,18,0,0,1,147.97,HEAVY_DELAY,HIGH
j_hist_008335,16.72,25,30.5,14,0,1,1,72.82,HEAVY_DELAY,MEDIUM
j_hist_008336,32.99,43,28.2,15,0,1,0,117.49,MODERATE_DELAY,MEDIUM
j_hist_008337,17.54,18,33.5,9,0,0,1,54.24,MODERATE_DELAY,HIGH
j_hist_008338,16.73,19,22.5,20,1,0,0,56.99,ON_TIME,LOW
j_hist_008339,27.69,33,25.3,13,0,0,0,90.64,ON_TIME,MEDIUM
j_hist_008340,28.93,35,14.6,20,0,0,0,146.08,ON_TIME,LOW
j_hist_008341,19.85,23,31.1,13,0,0,1,70.26,MODERATE_DELAY,MEDIUM
j_hist_008342,7.11,11,25.8,21,0,0,0,23.72,ON_TIME,LOW
j_hist_008343,16.9,23,39.8,16,0,0,2,65.34,HEAVY_DELAY,MEDIUM
j_hist_008344,33.91,39,32.0,19,1,0,1,114.46,HEAVY_DELAY,HIGH
j_hist_008345,26.6,36,25.2,14,0,0,0,89.5,ON_TIME,MEDIUM
j_hist_008346,28.58,37,21.4,8,1,0,1,134.83,HEAVY_DELAY,HIGH
j_hist_008347,2.12,4,39.3,21,0,2,0,6.87,ON_TIME,LOW
j_hist_008348,16.91,25,14.5,22,0,1,0,101.18,MODERATE_DELAY,LOW
j_hist_008349,22.99,24,23.2,22,0,0,0,78.03,ON_TIME,LOW
j_hist_008350,29.22,30,40.4,14,1,0,0,65.27,ON_TIME,MEDIUM
j_hist_008351,2.68,5,32.3,15,0,0,0,8.51,ON_TIME,MEDIUM
j_hist_008352,29.98,39,28.9,5,1,1,0,107.59,HEAVY_DELAY,LOW
j_hist_008353,19.65,28,19.7,14,0,2,1,132.53,HEAVY_DELAY,MEDIUM
j_hist_008354,7.71,8,37.3,7,1,0,0,18.4,ON_TIME,LOW
j_hist_008355,11.79,15,19.7,10,0,0,1,58.01,MODERATE_DELAY,HIGH
j_hist_008356,10.59,11,21.0,21,0,2,2,76.8,HEAVY_DELAY,LOW
j_hist_008357,19.05,22,19.4,16,0,1,1,107.0,HEAVY_DELAY,MEDIUM
j_hist_008358,2.76,4,18.4,15,0,1,1,16.66,SLIGHT_DELAY,MEDIUM
j_hist_008359,6.39,7,40.7,21,0,0,2,22.02,MODERATE_DELAY,LOW
j_hist_008360,28.63,25,30.9,7,0,0,0,74.28,ON_TIME,LOW
j_hist_008361,5.51,8,31.9,13,0,0,0,13.77,ON_TIME,MEDIUM
j_hist_008362,8.94,11,40.7,22,0,0,1,27.05,SLIGHT_DELAY,LOW
j_hist_008363,16.41,16,20.5,10,0,0,0,61.61,ON_TIME,HIGH
j_hist_008364,18.58,20,14.2,7,1,2,0,122.32,HEAVY_DELAY,LOW
j_hist_008365,26.96,26,30.8,10,0,0,0,73.51,ON_TIME,HIGH
j_hist_008366,16.21,24,28.2,15,1,0,2,78.57,HEAVY_DELAY,MEDIUM
j_hist_008367,27.86,29,27.4,15,1,2,0,108.9,HEAVY_DELAY,MEDIUM
j_hist_008368,22.02,24,15.7,11,0,0,1,125.49,HEAVY_DELAY,MEDIUM
j_hist_008369,4.85,8,26.7,17,0,1,0,21.81,SLIGHT_DELAY,HIGH
j_hist_008370,6.32,9,22.1,17,0,0,2,38.09,MODERATE_DELAY,HIGH
j_hist_008371,15.86,21,21.7,11,0,0,0,60.73,ON_TIME,MEDIUM
j_hist_008372,14.49,19,20.2,18,0,0,2,86.67,HEAVY_DELAY,HIGH
j_hist_008373,26.28,37,23.3,6,1,0,0,92.32,ON_TIME,LOW
j_hist_008374,20.75,21,23.9,7,1,0,0,66.29,ON_TIME,LOW
j_hist_008375,14.2,21,22.6,8,1,0,1,67.23,MODERATE_DELAY,HIGH
j_hist_008376,6.81,10,41.4,12,0,1,0,18.82,ON_TIME,MEDIUM
j_hist_008377,8.71,12,40.1,5,1,0,1,28.75,SLIGHT_DELAY,LOW
j_hist_008378,20.57,26,30.1,13,0,0,0,60.25,ON_TIME,MEDIUM
j_hist_008379,15.4,20,41.5,21,1,1,0,41.97,SLIGHT_DELAY,LOW
j_hist_008380,18.51,17,41.8,22,0,0,2,59.19,HEAVY_DELAY,LOW
j_hist_008381,6.8,8,24.0,11,0,0,2,31.92,MODERATE_DELAY,MEDIUM
j_hist_008382,23.54,34,26.5,7,0,0,2,115.85,HEAVY_DELAY,LOW
j_hist_008383,29.99,35,40.9,20,0,1,1,100.45,HEAVY_DELAY,LOW
j_hist_008384,9.77,12,31.0,12,0,0,2,41.24,MODERATE_DELAY,MEDIUM
j_hist_008385,17.71,24,20.0,9,1,0,2,106.43,HEAVY_DELAY,HIGH
j_hist_008386,34.17,40,33.3,21,0,2,0,118.64,HEAVY_DELAY,LOW
j_hist_008387,12.33,11,19.8,22,0,0,0,41.4,ON_TIME,LOW
j_hist_008388,21.23,28,23.5,9,0,0,0,75.59,ON_TIME,HIGH
j_hist_008389,4.07,7,20.4,11,0,0,0,19.12,ON_TIME,MEDIUM
j_hist_008390,21.6,21,20.9,22,0,0,1,96.08,HEAVY_DELAY,LOW
j_hist_008391,4.05,7,14.1,17,1,0,2,33.93,MODERATE_DELAY,HIGH
j_hist_008392,33.61,33,38.7,15,0,1,0,90.17,MODERATE_DELAY,MEDIUM
j_hist_008393,25.33,29,22.3,9,1,0,0,89.08,ON_TIME,HIGH
j_hist_008394,27.8,26,16.4,19,0,0,0,118.36,ON_TIME,HIGH
j_hist_008395,24.94,30,16.4,11,1,0,1,143.77,HEAVY_DELAY,MEDIUM
j_hist_008396,21.05,23,29.6,9,0,0,2,88.48,HEAVY_DELAY,HIGH
j_hist_008397,16.3,18,41.8,11,1,0,0,36.63,ON_TIME,MEDIUM
j_hist_008398,30.18,41,18.1,21,0,0,0,129.45,ON_TIME,LOW
j_hist_008399,33.53,29,16.8,13,0,0,1,175.5,HEAVY_DELAY,MEDIUM
j_hist_008400,17.97,24,26.3,10,0,1,0,66.64,MODERATE_DELAY,HIGH
j_hist_008401,32.67,39,29.8,13,0,1,1,137.44,HEAVY_DELAY,MEDIUM
j_hist_008402,20.83,30,22.2,21,1,0,0,79.9,ON_TIME,LOW
j_hist_008403,19.31,24,22.5,6,0,1,2,121.46,HEAVY_DELAY,LOW
j_hist_008404,16.45,15,25.9,17,0,2,2,96.95,HEAVY_DELAY,HIGH
j_hist_008405,8.12,8,22.8,21,0,0,1,32.8,SLIGHT_DELAY,LOW
j_hist_008406,1.13,3,39.6,10,1,2,1,5.36,ON_TIME,HIGH
j_hist_008407,9.21,14,15.2,10,0,0,0,46.45,ON_TIME,HIGH
j_hist_008408,18.33,20,20.6,6,0,2,0,90.88,HEAVY_DELAY,LOW
j_hist_008409,13.92,18,36.6,17,0,1,2,63.39,HEAVY_DELAY,HIGH
j_hist_008410,16.25,19,37.4,14,1,0,0,40.44,ON_TIME,MEDIUM
j_hist_008411,34.34,49,17.1,13,0,0,0,157.88,ON_TIME,MEDIUM
j_hist_008412,12.91,19,41.3,17,0,1,1,45.47,MODERATE_DELAY,HIGH
j_hist_008413,16.37,24,33.4,11,1,0,0,51.01,SLIGHT_DELAY,MEDIUM
j_hist_008414,5.54,9,21.6,22,0,0,2,31.96,MODERATE_DELAY,LOW
j_hist_008415,2.63,5,26.8,18,0,0,0,9.0,ON_TIME,HIGH
j_hist_008416,27.36,27,22.3,8,1,0,1,115.71,HEAVY_DELAY,HIGH
j_hist_008417,20.4,28,18.2,12,0,0,0,86.39,ON_TIME,MEDIUM
j_hist_008418,26.86,34,22.2,16,0,0,1,121.92,HEAVY_DELAY,MEDIUM
j_hist_008419,6.1,10,30.2,12,0,0,1,25.07,SLIGHT_DELAY,MEDIUM
j_hist_008420,20.44,25,37.1,20,0,0,1,64.91,MODERATE_DELAY,LOW
j_hist_008421,9.62,10,24.2,5,0,1,0,34.35,SLIGHT_DELAY,LOW
j_hist_008422,8.75,12,23.7,14,0,0,2,44.37,MODERATE_DELAY,MEDIUM
j_hist_008423,1.39,3,27.1,11,0,0,1,5.0,ON_TIME,MEDIUM
j_hist_008424,5.43,7,32.0,18,0,0,0,16.93,ON_TIME,HIGH
j_hist_008425,11.52,13,35.0,21,0,0,1,38.78,MODERATE_DELAY,LOW
j_hist_008426,4.97,7,23.2,9,1,0,2,27.36,MODERATE_DELAY,HIGH
j_hist_008427,34.52,37,30.4,7,0,0,0,96.14,ON_TIME,LOW
j_hist_008428,11.49,13,24.9,5,0,0,1,45.04,MODERATE_DELAY,LOW
j_hist_008429,5.43,6,34.1,12,0,1,1,20.8,SLIGHT_DELAY,MEDIUM
j_hist_008430,7.77,12,18.6,13,0,1,1,48.31,MODERATE_DELAY,MEDIUM
j_hist_008431,20.98,28,21.2,9,1,0,1,95.29,MODERATE_DELAY,HIGH
j_hist_008432,3.18,4,25.9,5,0,0,0,8.32,ON_TIME,LOW
j_hist_008433,30.32,40,38.9,21,0,0,0,78.87,SLIGHT_DELAY,LOW
j_hist_008434,33.69,43,30.1,18,0,0,2,150.75,HEAVY_DELAY,HIGH
j_hist_008435,9.39,9,41.0,21,1,1,0,23.39,SLIGHT_DELAY,LOW
j_hist_008436,16.3,18,16.9,13,0,1,1,103.08,HEAVY_DELAY,MEDIUM
j_hist_008437,1.75,4,26.9,7,0,0,2,9.65,SLIGHT_DELAY,LOW
j_hist_008438,22.78,26,25.7,7,1,1,0,82.91,MODERATE_DELAY,LOW
j_hist_008439,15.07,21,30.8,17,0,1,1,64.54,HEAVY_DELAY,HIGH
j_hist_008440,10.18,12,36.7,9,0,1,0,27.76,SLIGHT_DELAY,HIGH
j_hist_008441,8.03,9,37.6,10,0,1,0,23.37,SLIGHT_DELAY,HIGH
j_hist_008442,23.24,34,32.8,18,1,1,1,99.36,HEAVY_DELAY,HIGH
j_hist_008443,15.15,16,32.0,10,0,1,1,58.98,HEAVY_DELAY,HIGH
j_hist_008444,7.11,10,40.6,21,0,0,0,19.35,ON_TIME,LOW
j_hist_008445,24.43,23,24.7,13,1,1,0,87.94,MODERATE_DELAY,MEDIUM
j_hist_008446,20.21,22,37.3,8,0,0,1,59.22,MODERATE_DELAY,HIGH
j_hist_008447,30.19,34,39.8,19,0,1,0,81.85,MODERATE_DELAY,HIGH
j_hist_008448,4.99,6,27.8,22,1,1,0,19.09,SLIGHT_DELAY,LOW
j_hist_008449,27.71,31,34.4,19,0,0,1,91.23,HEAVY_DELAY,HIGH
j_hist_008450,23.9,23,24.6,22,1,0,1,95.85,HEAVY_DELAY,LOW
j_hist_008451,4.91,7,18.4,11,1,0,2,32.31,MODERATE_DELAY,MEDIUM
j_hist_008452,24.62,31,30.4,19,1,0,0,74.61,SLIGHT_DELAY,HIGH
j_hist_008453,16.01,15,19.5,9,0,0,0,60.9,ON_TIME,HIGH
j_hist_008454,33.13,45,26.8,15,0,0,1,132.89,HEAVY_DELAY,MEDIUM
j_hist_008455,5.81,7,38.4,18,0,0,2,20.7,SLIGHT_DELAY,HIGH
j_hist_008456,22.86,23,16.4,12,0,0,1,126.22,HEAVY_DELAY,MEDIUM
j_hist_008457,13.99,18,14.9,8,0,0,0,66.95,ON_TIME,HIGH
j_hist_008458,33.53,38,31.0,14,0,0,2,139.68,HEAVY_DELAY,MEDIUM
j_hist_008459,12.22,15,23.3,11,0,0,1,55.1,MODERATE_DELAY,MEDIUM
j_hist_008460,33.71,31,25.7,5,0,0,0,103.94,ON_TIME,LOW
j_hist_008461,31.65,42,25.4,16,0,0,2,159.94,HEAVY_DELAY,MEDIUM
j_hist_008462,10.19,13,16.4,17,1,0,0,46.67,ON_TIME,HIGH
j_hist_008463,28.32,26,14.1,20,1,1,2,180.0,HEAVY_DELAY,LOW
j_hist_008464,34.85,37,39.2,18,0,1,1,117.13,HEAVY_DELAY,HIGH
j_hist_008465,9.59,14,20.1,17,0,0,1,47.06,MODERATE_DELAY,HIGH
j_hist_008466,15.85,20,25.9,9,0,0,0,51.27,ON_TIME,HIGH
j_hist_008467,18.69,18,41.2,18,0,0,0,41.34,ON_TIME,HIGH
j_hist_008468,11.03,13,37.1,17,0,2,0,30.16,SLIGHT_DELAY,HIGH
j_hist_008469,1.52,3,17.0,18,0,1,0,8.52,ON_TIME,HIGH
j_hist_008470,8.48,11,28.2,16,1,0,0,26.16,ON_TIME,MEDIUM
j_hist_008471,10.59,15,34.4,19,0,0,0,30.86,ON_TIME,HIGH
j_hist_008472,16.08,19,33.6,15,1,0,1,52.07,MODERATE_DELAY,MEDIUM
j_hist_008473,6.82,9,35.3,19,0,0,0,18.51,ON_TIME,HIGH
j_hist_008474,30.69,43,26.8,16,0,1,0,113.01,MODERATE_DELAY,MEDIUM
j_hist_008475,24.97,30,18.9,20,0,0,0,100.84,ON_TIME,LOW
j_hist_008476,3.9,6,27.0,8,0,2,0,17.17,SLIGHT_DELAY,HIGH
j_hist_008477,23.1,24,32.1,22,0,0,2,89.4,HEAVY_DELAY,LOW
j_hist_008478,23.22,29,31.0,13,1,1,0,75.69,MODERATE_DELAY,MEDIUM
j_hist_008479,33.51,40,16.0,20,0,0,1,180.0,HEAVY_DELAY,LOW
j_hist_008480,1.1,3,15.8,11,0,0,0,7.54,ON_TIME,MEDIUM
j_hist_008481,9.43,15,41.0,15,0,0,0,26.05,ON_TIME,MEDIUM
j_hist_008482,32.54,45,18.3,21,0,1,2,180.0,HEAVY_DELAY,LOW
j_hist_008483,32.69,42,22.2,9,1,1,2,180.0,HEAVY_DELAY,HIGH
j_hist_008484,25.5,30,35.5,16,0,0,1,81.83,HEAVY_DELAY,MEDIUM
j_hist_008485,27.04,31,25.5,6,0,2,1,140.58,HEAVY_DELAY,LOW
j_hist_008486,4.11,5,19.1,5,0,1,1,23.65,SLIGHT_DELAY,LOW
j_hist_008487,18.47,20,27.1,8,0,0,1,68.77,MODERATE_DELAY,HIGH
j_hist_008488,8.87,13,29.9,15,0,1,2,50.17,HEAVY_DELAY,MEDIUM
j_hist_008489,7.16,9,26.7,22,1,2,0,28.01,SLIGHT_DELAY,LOW
j_hist_008490,28.55,39,39.7,20,0,1,1,105.19,HEAVY_DELAY,LOW
j_hist_008491,5.59,6,22.0,14,1,0,1,26.63,SLIGHT_DELAY,MEDIUM
j_hist_008492,16.93,20,32.5,16,0,0,0,44.89,ON_TIME,MEDIUM
j_hist_008493,32.91,41,17.1,6,0,0,1,180.0,HEAVY_DELAY,LOW
j_hist_008494,7.32,10,25.0,5,0,0,0,27.75,SLIGHT_DELAY,LOW
j_hist_008495,34.25,47,34.7,14,0,2,1,152.85,HEAVY_DELAY,MEDIUM
j_hist_008496,34.81,50,20.3,14,1,1,0,162.14,HEAVY_DELAY,MEDIUM
j_hist_008497,19.89,19,30.5,14,0,0,1,65.57,MODERATE_DELAY,MEDIUM
j_hist_008498,6.78,7,18.3,6,0,0,0,29.61,SLIGHT_DELAY,LOW
j_hist_008499,11.75,12,16.9,7,0,0,0,48.04,ON_TIME,LOW
j_hist_008500,15.43,20,28.7,5,1,0,0,45.87,ON_TIME,LOW
j_hist_008501,11.52,13,32.9,22,0,0,1,39.72,MODERATE_DELAY,LOW
j_hist_008502,10.54,15,17.2,15,0,0,1,61.12,MODERATE_DELAY,MEDIUM
j_hist_008503,34.06,37,39.7,16,0,0,0,79.42,ON_TIME,MEDIUM
j_hist_008504,6.21,9,20.3,5,0,2,0,34.03,MODERATE_DELAY,LOW
j_hist_008505,25.93,34,17.4,10,0,0,0,112.24,ON_TIME,HIGH
j_hist_008506,1.01,3,19.7,20,0,0,2,9.31,SLIGHT_DELAY,LOW
j_hist_008507,21.27,25,18.7,7,0,0,0,87.24,ON_TIME,LOW
j_hist_008508,32.14,29,16.5,21,0,0,0,139.49,ON_TIME,LOW
j_hist_008509,10.79,13,36.3,20,1,0,0,26.99,ON_TIME,LOW
j_hist_008510,7.31,10,27.9,15,1,0,1,30.83,MODERATE_DELAY,MEDIUM
j_hist_008511,23.16,26,24.9,20,0,1,2,131.41,HEAVY_DELAY,LOW
j_hist_008512,25.23,35,40.6,16,0,0,0,63.23,ON_TIME,MEDIUM
j_hist_008513,24.39,34,24.4,5,0,0,0,84.66,ON_TIME,LOW
j_hist_008514,11.86,17,18.7,15,0,0,0,51.09,ON_TIME,MEDIUM
j_hist_008515,9.57,11,21.7,10,0,0,2,50.64,HEAVY_DELAY,HIGH
j_hist_008516,33.5,43,20.7,16,0,0,0,128.93,ON_TIME,MEDIUM
j_hist_008517,32.39,35,28.0,6,0,0,1,121.42,HEAVY_DELAY,LOW
j_hist_008518,16.55,17,22.2,14,0,0,2,85.24,HEAVY_DELAY,MEDIUM
j_hist_008519,29.77,31,28.4,19,0,0,1,106.01,HEAVY_DELAY,HIGH
j_hist_008520,16.38,15,32.7,12,1,0,0,43.49,SLIGHT_DELAY,MEDIUM
j_hist_008521,15.43,17,35.8,15,0,0,0,39.24,ON_TIME,MEDIUM
j_hist_008522,6.33,8,33.9,20,0,1,0,20.33,SLIGHT_DELAY,LOW
j_hist_008523,15.5,23,19.8,17,0,0,1,80.63,HEAVY_DELAY,HIGH
j_hist_008524,19.27,21,17.2,17,0,1,1,117.8,HEAVY_DELAY,HIGH
j_hist_008525,1.77,4,29.2,9,1,0,1,10.63,SLIGHT_DELAY,HIGH
j_hist_008526,16.1,17,19.6,16,0,0,0,61.65,ON_TIME,MEDIUM
j_hist_008527,27.57,27,16.4,14,0,0,0,118.12,ON_TIME,MEDIUM
j_hist_008528,24.12,28,28.8,21,1,1,2,122.35,HEAVY_DELAY,LOW
j_hist_008529,22.6,29,23.2,5,1,0,1,102.58,HEAVY_DELAY,LOW
j_hist_008530,31.92,28,35.2,19,0,0,1,94.15,HEAVY_DELAY,HIGH
j_hist_008531,1.61,3,22.8,20,0,0,0,8.48,ON_TIME,LOW
j_hist_008532,19.94,23,41.4,14,0,0,0,46.4,ON_TIME,MEDIUM
j_hist_008533,27.77,29,35.2,14,0,0,0,68.19,ON_TIME,MEDIUM
j_hist_008534,19.41,25,15.6,21,0,0,1,115.6,HEAVY_DELAY,LOW
j_hist_008535,12.01,15,28.2,21,0,0,0,38.35,ON_TIME,LOW
j_hist_008536,5.63,7,29.8,6,0,0,0,17.54,ON_TIME,LOW
j_hist_008537,31.18,43,33.5,13,0,1,2,150.2,HEAVY_DELAY,MEDIUM
j_hist_008538,17.01,18,27.9,8,0,2,1,82.37,HEAVY_DELAY,HIGH
j_hist_008539,30.86,40,27.5,11,1,1,2,167.33,HEAVY_DELAY,MEDIUM
j_hist_008540,20.92,28,24.3,9,0,2,0,94.1,HEAVY_DELAY,HIGH
j_hist_008541,23.92,34,21.6,8,0,1,1,134.51,HEAVY_DELAY,HIGH
j_hist_008542,28.34,33,40.5,22,0,1,1,98.96,HEAVY_DELAY,LOW
j_hist_008543,23.41,29,22.9,7,1,0,0,81.99,ON_TIME,LOW
j_hist_008544,14.53,16,15.8,8,0,0,1,80.87,MODERATE_DELAY,HIGH
j_hist_008545,18.46,24,18.7,18,0,1,0,89.14,MODERATE_DELAY,HIGH
j_hist_008546,28.3,32,38.0,18,1,0,1,87.44,HEAVY_DELAY,HIGH
j_hist_008547,13.7,16,30.4,21,0,2,0,50.37,MODERATE_DELAY,LOW
j_hist_008548,14.2,20,35.8,13,1,1,1,54.84,HEAVY_DELAY,MEDIUM
j_hist_008549,4.25,5,36.6,7,0,1,1,13.88,SLIGHT_DELAY,LOW
j_hist_008550,32.1,44,37.1,19,0,0,0,85.06,ON_TIME,HIGH
j_hist_008551,4.1,7,29.4,5,0,0,0,11.47,ON_TIME,LOW
j_hist_008552,23.04,27,19.0,8,1,0,0,92.66,ON_TIME,HIGH
j_hist_008553,15.05,18,18.2,18,0,0,0,62.73,ON_TIME,HIGH
j_hist_008554,14.79,17,30.1,22,0,2,0,55.71,MODERATE_DELAY,LOW
j_hist_008555,24.1,35,24.3,16,1,1,2,149.38,HEAVY_DELAY,MEDIUM
j_hist_008556,3.28,4,29.6,10,0,2,2,18.15,MODERATE_DELAY,HIGH
j_hist_008557,21.19,26,28.0,14,0,0,0,63.16,ON_TIME,MEDIUM
j_hist_008558,27.25,34,30.9,8,0,0,1,96.15,HEAVY_DELAY,HIGH
j_hist_008559,29.16,41,14.9,20,0,1,1,180.0,HEAVY_DELAY,LOW
j_hist_008560,6.8,10,14.9,5,1,0,2,54.48,HEAVY_DELAY,LOW
j_hist_008561,31.51,39,34.2,7,1,2,0,108.05,HEAVY_DELAY,LOW
j_hist_008562,23.31,22,19.4,11,0,0,0,91.38,SLIGHT_DELAY,MEDIUM
j_hist_008563,30.98,33,32.3,7,0,0,0,85.19,SLIGHT_DELAY,LOW
j_hist_008564,17.5,17,29.3,19,1,1,0,54.61,SLIGHT_DELAY,HIGH
j_hist_008565,19.43,27,41.5,10,0,0,1,60.2,MODERATE_DELAY,HIGH
j_hist_008566,32.25,42,37.4,20,0,0,2,125.97,HEAVY_DELAY,LOW
j_hist_008567,31.6,41,25.6,21,0,0,1,131.06,HEAVY_DELAY,LOW
j_hist_008568,16.24,21,31.3,6,1,0,0,46.35,ON_TIME,LOW
j_hist_008569,10.33,13,17.3,14,0,0,0,47.26,ON_TIME,MEDIUM
j_hist_008570,14.37,14,24.8,15,1,1,0,53.12,MODERATE_DELAY,MEDIUM
j_hist_008571,14.18,16,34.5,10,0,0,0,35.3,ON_TIME,HIGH
j_hist_008572,10.75,11,31.4,22,0,0,1,36.81,MODERATE_DELAY,LOW
j_hist_008573,10.13,14,27.6,19,0,1,1,47.28,MODERATE_DELAY,HIGH
j_hist_008574,30.28,29,18.9,20,0,0,1,146.84,HEAVY_DELAY,LOW
j_hist_008575,3.38,6,36.5,17,1,0,0,9.38,ON_TIME,HIGH
j_hist_008576,24.04,31,21.6,20,0,0,2,133.37,HEAVY_DELAY,LOW
j_hist_008577,6.88,9,37.0,6,0,1,1,25.36,MODERATE_DELAY,LOW
j_hist_008578,12.71,13,31.1,16,0,1,1,48.51,MODERATE_DELAY,MEDIUM
j_hist_008579,3.09,5,24.4,18,1,1,1,17.11,SLIGHT_DELAY,HIGH
j_hist_008580,10.18,12,15.1,12,1,0,0,51.31,ON_TIME,MEDIUM
j_hist_008581,27.13,35,20.5,10,0,0,0,105.04,ON_TIME,HIGH
j_hist_008582,31.09,28,38.9,18,0,0,1,86.62,HEAVY_DELAY,HIGH
j_hist_008583,8.53,13,36.9,19,0,0,1,28.19,SLIGHT_DELAY,HIGH
j_hist_008584,16.76,23,30.1,7,1,1,0,58.16,MODERATE_DELAY,LOW
j_hist_008585,16.99,17,27.1,11,0,1,1,73.53,HEAVY_DELAY,MEDIUM
j_hist_008586,30.7,39,32.1,20,0,0,0,86.39,ON_TIME,LOW
j_hist_008587,26.94,34,27.1,6,0,0,0,84.74,ON_TIME,LOW
j_hist_008588,18.44,25,32.0,21,0,2,0,68.72,HEAVY_DELAY,LOW
j_hist_008589,23.81,23,22.6,15,0,0,2,121.15,HEAVY_DELAY,MEDIUM
j_hist_008590,29.81,28,37.5,7,0,1,1,98.66,HEAVY_DELAY,LOW
j_hist_008591,1.32,3,33.7,12,0,0,0,5.0,ON_TIME,MEDIUM
j_hist_008592,14.7,16,23.2,22,0,0,0,51.56,ON_TIME,LOW
j_hist_008593,31.85,42,37.3,11,0,0,1,102.57,HEAVY_DELAY,MEDIUM
j_hist_008594,26.17,34,27.6,20,0,0,0,84.18,ON_TIME,LOW
j_hist_008595,19.46,28,18.9,18,0,0,1,101.7,HEAVY_DELAY,HIGH
j_hist_008596,19.01,17,16.2,12,0,0,1,107.17,HEAVY_DELAY,MEDIUM
j_hist_008597,12.82,12,33.6,17,0,0,0,33.83,ON_TIME,HIGH
j_hist_008598,18.7,24,38.2,7,0,1,0,52.77,SLIGHT_DELAY,LOW
j_hist_008599,23.28,24,36.6,6,0,0,1,70.25,MODERATE_DELAY,LOW
j_hist_008600,15.22,17,32.4,17,1,0,0,41.09,ON_TIME,HIGH
j_hist_008601,25.28,30,18.0,7,0,0,0,105.9,ON_TIME,LOW
j_hist_008602,30.28,28,16.6,5,0,1,2,180.0,HEAVY_DELAY,LOW
j_hist_008603,6.26,9,23.7,6,0,1,1,33.82,MODERATE_DELAY,LOW
j_hist_008604,16.35,18,37.9,14,0,1,0,46.7,MODERATE_DELAY,MEDIUM
j_hist_008605,14.87,19,40.9,15,0,0,0,37.38,ON_TIME,MEDIUM
j_hist_008606,24.37,33,20.8,7,1,1,0,108.57,MODERATE_DELAY,LOW
j_hist_008607,9.5,10,35.3,12,0,2,0,31.26,MODERATE_DELAY,MEDIUM
j_hist_008608,22.77,32,30.1,19,0,0,0,70.24,ON_TIME,HIGH
j_hist_008609,30.83,36,14.9,9,0,0,0,149.66,ON_TIME,HIGH
j_hist_008610,15.22,22,29.2,12,0,1,1,68.0,HEAVY_DELAY,MEDIUM
j_hist_008611,31.97,31,36.6,22,1,0,0,76.32,ON_TIME,LOW
j_hist_008612,34.77,42,21.7,22,1,1,1,180.0,HEAVY_DELAY,LOW
j_hist_008613,4.61,6,39.1,16,1,0,2,17.66,SLIGHT_DELAY,MEDIUM
j_hist_008614,8.92,13,20.6,8,0,0,0,35.59,ON_TIME,HIGH
j_hist_008615,33.31,40,16.1,12,0,0,1,180.0,HEAVY_DELAY,MEDIUM
j_hist_008616,33.58,38,18.5,6,0,0,0,138.71,ON_TIME,LOW
j_hist_008617,4.32,7,37.4,7,1,1,1,20.23,MODERATE_DELAY,LOW
j_hist_008618,1.51,3,25.7,12,0,0,0,5.38,ON_TIME,MEDIUM
j_hist_008619,6.48,8,36.3,16,1,0,1,20.12,SLIGHT_DELAY,MEDIUM
j_hist_008620,34.86,42,28.9,6,1,0,1,130.19,HEAVY_DELAY,LOW
j_hist_008621,7.12,10,27.5,21,0,0,2,35.46,MODERATE_DELAY,LOW
j_hist_008622,18.09,21,36.6,18,0,0,0,43.7,ON_TIME,HIGH
j_hist_008623,29.85,34,25.9,18,1,0,2,143.06,HEAVY_DELAY,HIGH
j_hist_008624,1.69,4,36.5,10,1,0,1,7.34,ON_TIME,HIGH
j_hist_008625,21.55,28,16.8,12,0,0,0,95.39,ON_TIME,MEDIUM
j_hist_008626,10.42,11,31.8,14,0,0,0,27.12,ON_TIME,MEDIUM
j_hist_008627,30.32,30,33.7,22,0,2,1,124.35,HEAVY_DELAY,LOW
j_hist_008628,10.64,16,39.2,5,0,0,0,27.67,ON_TIME,LOW
j_hist_008629,24.35,32,20.3,11,1,0,2,144.43,HEAVY_DELAY,MEDIUM
j_hist_008630,23.92,34,30.9,11,1,0,0,71.94,ON_TIME,MEDIUM
j_hist_008631,8.53,10,26.1,17,0,0,1,32.85,SLIGHT_DELAY,HIGH
j_hist_008632,2.18,4,24.7,20,1,0,0,10.56,SLIGHT_DELAY,LOW
j_hist_008633,14.91,20,17.0,16,0,0,0,65.29,ON_TIME,MEDIUM
j_hist_008634,10.83,12,17.8,10,0,0,1,55.94,MODERATE_DELAY,HIGH
j_hist_008635,28.51,34,37.4,11,0,0,2,108.2,HEAVY_DELAY,MEDIUM
j_hist_008636,28.21,35,35.0,21,1,1,0,86.74,MODERATE_DELAY,LOW
j_hist_008637,16.54,20,24.7,9,0,0,2,82.69,HEAVY_DELAY,HIGH
j_hist_008638,21.62,30,37.2,7,0,0,0,59.67,SLIGHT_DELAY,LOW
j_hist_008639,21.54,30,16.3,22,1,0,0,100.79,ON_TIME,LOW
j_hist_008640,29.12,40,31.5,21,1,1,0,99.46,MODERATE_DELAY,LOW
j_hist_008641,15.45,21,38.3,15,0,0,0,37.81,ON_TIME,MEDIUM
j_hist_008642,10.37,13,37.5,13,0,2,0,33.99,MODERATE_DELAY,MEDIUM
j_hist_008643,10.01,12,24.4,21,1,2,1,55.12,HEAVY_DELAY,LOW
j_hist_008644,19.23,26,34.9,17,1,2,0,69.19,HEAVY_DELAY,HIGH
j_hist_008645,16.27,19,26.0,10,1,2,0,66.62,MODERATE_DELAY,HIGH
j_hist_008646,15.96,17,37.5,8,0,0,0,36.49,ON_TIME,HIGH
j_hist_008647,4.1,6,28.9,22,0,0,1,18.98,SLIGHT_DELAY,LOW
j_hist_008648,25.43,24,35.4,16,0,0,2,91.6,HEAVY_DELAY,MEDIUM
j_hist_008649,8.27,12,16.2,8,0,1,0,44.06,SLIGHT_DELAY,HIGH
j_hist_008650,7.7,9,30.5,9,1,0,0,21.09,ON_TIME,HIGH
j_hist_008651,15.03,16,29.4,16,0,0,1,54.72,MODERATE_DELAY,MEDIUM
j_hist_008652,8.74,14,31.1,22,0,2,2,55.2,HEAVY_DELAY,LOW
j_hist_008653,20.85,28,33.5,21,0,0,1,72.05,MODERATE_DELAY,LOW
j_hist_008654,13.63,19,39.7,14,0,1,0,43.06,MODERATE_DELAY,MEDIUM
j_hist_008655,16.26,21,36.0,10,0,0,0,42.08,ON_TIME,HIGH
j_hist_008656,19.26,27,20.1,21,0,0,0,76.72,ON_TIME,LOW
j_hist_008657,7.92,11,37.1,12,0,0,0,19.94,ON_TIME,MEDIUM
j_hist_008658,6.3,9,17.4,6,0,0,0,27.18,ON_TIME,LOW
j_hist_008659,30.93,44,31.4,16,1,1,0,106.32,MODERATE_DELAY,MEDIUM
j_hist_008660,15.75,16,38.7,7,0,0,0,35.61,ON_TIME,LOW
j_hist_008661,15.01,22,16.8,11,0,0,0,68.59,ON_TIME,MEDIUM
j_hist_008662,2.21,4,37.8,5,0,0,0,5.84,ON_TIME,LOW
j_hist_008663,17.93,22,36.4,21,1,2,2,91.26,HEAVY_DELAY,LOW
j_hist_008664,19.84,19,28.1,12,0,0,2,81.92,HEAVY_DELAY,MEDIUM
j_hist_008665,20.0,24,22.6,14,0,0,0,71.88,ON_TIME,MEDIUM
j_hist_008666,25.04,31,25.4,21,0,0,0,81.09,ON_TIME,LOW
j_hist_008667,7.03,11,41.1,20,0,0,1,25.23,SLIGHT_DELAY,LOW
j_hist_008668,9.58,15,19.6,14,1,0,0,43.17,SLIGHT_DELAY,MEDIUM
j_hist_008669,28.56,41,30.2,19,0,2,2,170.11,HEAVY_DELAY,HIGH
j_hist_008670,33.2,35,16.3,20,1,0,2,180.0,HEAVY_DELAY,LOW
j_hist_008671,5.62,9,20.1,22,0,0,0,22.39,ON_TIME,LOW
j_hist_008672,17.92,21,35.4,8,0,1,1,64.4,HEAVY_DELAY,HIGH
j_hist_008673,8.28,12,22.5,11,1,0,1,36.39,SLIGHT_DELAY,MEDIUM
j_hist_008674,3.04,4,41.6,16,0,0,0,5.09,ON_TIME,MEDIUM
j_hist_008675,12.07,15,28.0,16,0,1,0,42.69,SLIGHT_DELAY,MEDIUM
j_hist_008676,5.89,10,28.5,5,0,0,0,18.17,ON_TIME,LOW
j_hist_008677,25.14,36,15.0,16,0,0,2,180.0,HEAVY_DELAY,MEDIUM
j_hist_008678,19.15,25,40.8,11,0,0,2,69.6,HEAVY_DELAY,MEDIUM
j_hist_008679,5.89,9,18.9,19,0,0,0,24.33,ON_TIME,HIGH
j_hist_008680,1.31,3,29.1,6,0,0,1,5.37,ON_TIME,LOW
j_hist_008681,28.48,37,25.1,5,0,0,0,96.54,ON_TIME,LOW
j_hist_008682,6.99,10,25.6,8,1,0,1,30.64,SLIGHT_DELAY,HIGH
j_hist_008683,21.61,20,32.0,12,0,2,1,91.69,HEAVY_DELAY,MEDIUM
j_hist_008684,12.46,12,32.5,21,0,0,0,32.39,ON_TIME,LOW
j_hist_008685,20.91,20,18.3,22,0,0,0,85.49,SLIGHT_DELAY,LOW
j_hist_008686,11.73,16,28.0,9,0,0,0,37.22,ON_TIME,HIGH
j_hist_008687,3.96,5,36.1,10,0,0,2,15.83,SLIGHT_DELAY,HIGH
j_hist_008688,8.58,11,26.4,16,0,1,0,32.52,SLIGHT_DELAY,MEDIUM
j_hist_008689,7.39,9,18.6,20,1,0,0,30.41,ON_TIME,LOW
j_hist_008690,15.55,19,22.8,13,0,1,1,79.44,HEAVY_DELAY,MEDIUM
j_hist_008691,23.38,30,19.9,19,0,2,0,119.49,HEAVY_DELAY,HIGH
j_hist_008692,9.97,14,17.5,12,0,0,1,53.63,MODERATE_DELAY,MEDIUM
j_hist_008693,1.41,3,24.6,16,1,0,0,7.54,ON_TIME,MEDIUM
j_hist_008694,18.64,22,29.1,18,0,1,1,78.62,HEAVY_DELAY,HIGH
j_hist_008695,21.6,24,16.0,21,1,1,1,140.78,HEAVY_DELAY,LOW
j_hist_008696,33.74,46,30.9,18,0,0,0,100.44,ON_TIME,HIGH
j_hist_008697,21.04,23,41.8,9,0,0,2,73.14,HEAVY_DELAY,HIGH
j_hist_008698,17.02,18,41.0,17,0,0,0,39.62,ON_TIME,HIGH
j_hist_008699,20.5,27,37.2,10,1,2,1,88.04,HEAVY_DELAY,HIGH
j_hist_008700,32.55,35,21.5,18,1,0,1,145.1,HEAVY_DELAY,HIGH
j_hist_008701,29.16,40,14.6,10,0,2,2,180.0,HEAVY_DELAY,HIGH
j_hist_008702,11.98,13,37.3,7,0,0,0,28.2,ON_TIME,LOW
j_hist_008703,9.07,13,15.6,20,0,0,1,56.6,MODERATE_DELAY,LOW
j_hist_008704,9.93,10,19.8,16,0,1,0,44.15,SLIGHT_DELAY,MEDIUM
j_hist_008705,18.15,20,29.2,18,0,0,0,52.36,ON_TIME,HIGH
j_hist_008706,26.3,28,19.0,6,0,0,1,132.17,HEAVY_DELAY,LOW
j_hist_008707,18.11,25,37.3,22,1,1,1,68.95,HEAVY_DELAY,LOW
j_hist_008708,3.31,6,35.8,11,0,1,0,12.93,SLIGHT_DELAY,MEDIUM
j_hist_008709,25.6,29,35.2,9,0,0,1,79.0,MODERATE_DELAY,HIGH
j_hist_008710,28.4,38,36.9,16,0,2,1,122.3,HEAVY_DELAY,MEDIUM
j_hist_008711,10.84,15,20.2,21,1,0,0,46.77,SLIGHT_DELAY,LOW
j_hist_008712,23.58,34,34.4,16,0,0,2,100.35,HEAVY_DELAY,MEDIUM
j_hist_008713,15.5,21,23.9,15,0,0,2,81.83,HEAVY_DELAY,MEDIUM
j_hist_008714,31.23,28,32.7,5,0,0,1,98.31,HEAVY_DELAY,LOW
j_hist_008715,29.74,38,17.4,13,1,2,1,180.0,HEAVY_DELAY,MEDIUM
j_hist_008716,18.86,23,33.8,12,1,2,2,97.39,HEAVY_DELAY,MEDIUM
j_hist_008717,24.51,21,41.2,18,1,0,1,64.79,MODERATE_DELAY,HIGH
j_hist_008718,31.03,31,15.2,8,0,2,1,180.0,HEAVY_DELAY,HIGH
j_hist_008719,17.85,26,16.6,15,0,0,2,125.66,HEAVY_DELAY,MEDIUM
j_hist_008720,11.65,17,17.5,21,1,1,0,59.67,SLIGHT_DELAY,LOW
j_hist_008721,26.62,36,26.1,12,1,0,0,89.37,ON_TIME,MEDIUM
j_hist_008722,8.48,13,22.1,5,0,0,2,47.07,MODERATE_DELAY,LOW
j_hist_008723,14.21,20,36.6,22,0,0,0,37.75,ON_TIME,LOW
j_hist_008724,30.43,26,27.3,9,0,1,0,101.1,MODERATE_DELAY,HIGH
j_hist_008725,25.63,26,27.6,12,1,0,1,95.67,HEAVY_DELAY,MEDIUM
j_hist_008726,14.73,14,34.1,12,0,2,0,47.08,MODERATE_DELAY,MEDIUM
j_hist_008727,8.3,9,24.1,13,1,1,2,44.53,HEAVY_DELAY,MEDIUM
j_hist_008728,13.1,14,23.9,22,0,0,0,45.64,SLIGHT_DELAY,LOW
j_hist_008729,10.66,13,35.2,11,0,0,0,27.53,ON_TIME,MEDIUM
j_hist_008730,6.99,11,35.8,14,1,0,2,29.18,MODERATE_DELAY,MEDIUM
j_hist_008731,26.27,36,14.4,20,1,0,1,170.86,HEAVY_DELAY,LOW
j_hist_008732,9.57,13,18.0,7,0,0,1,52.34,MODERATE_DELAY,LOW
j_hist_008733,16.44,24,20.0,14,0,0,2,100.76,HEAVY_DELAY,MEDIUM
j_hist_008734,14.12,17,23.8,12,0,0,0,48.42,ON_TIME,MEDIUM
j_hist_008735,34.39,47,22.2,22,0,1,0,148.12,HEAVY_DELAY,LOW
j_hist_008736,14.3,17,32.7,8,0,0,1,46.84,MODERATE_DELAY,HIGH
j_hist_008737,3.72,5,37.2,16,0,0,0,8.85,ON_TIME,MEDIUM
j_hist_008738,4.05,7,19.4,9,0,0,0,18.93,ON_TIME,HIGH
j_hist_008739,21.09,23,29.8,8,0,1,0,70.71,MODERATE_DELAY,HIGH
j_hist_008740,21.38,25,24.3,9,0,0,1,90.88,HEAVY_DELAY,HIGH
j_hist_008741,15.24,17,28.2,19,1,1,0,51.07,SLIGHT_DELAY,HIGH
j_hist_008742,15.68,20,31.4,16,0,2,1,74.31,HEAVY_DELAY,MEDIUM
j_hist_008743,2.83,5,39.0,17,0,0,0,7.05,ON_TIME,HIGH
j_hist_008744,18.56,17,19.4,10,0,0,0,69.51,ON_TIME,HIGH
j_hist_008745,18.16,26,16.4,21,0,1,2,146.47,HEAVY_DELAY,LOW
j_hist_008746,6.08,6,31.6,14,1,1,1,22.72,SLIGHT_DELAY,MEDIUM
j_hist_008747,4.53,6,25.0,18,1,0,1,18.44,SLIGHT_DELAY,HIGH
j_hist_008748,5.2,6,18.6,19,0,0,0,23.02,ON_TIME,HIGH
j_hist_008749,4.43,7,17.3,14,0,0,1,23.97,SLIGHT_DELAY,MEDIUM
j_hist_008750,21.73,20,29.6,10,1,1,0,68.81,MODERATE_DELAY,HIGH
j_hist_008751,7.68,10,22.4,20,1,0,0,30.49,SLIGHT_DELAY,LOW
j_hist_008752,9.55,11,41.9,6,0,0,0,21.5,ON_TIME,LOW
j_hist_008753,6.9,8,25.4,14,1,0,0,24.61,SLIGHT_DELAY,MEDIUM
j_hist_008754,33.57,44,19.9,9,0,0,0,131.8,ON_TIME,HIGH
j_hist_008755,30.06,29,31.6,13,0,2,1,130.04,HEAVY_DELAY,MEDIUM
j_hist_008756,8.84,10,20.8,13,0,0,0,31.22,ON_TIME,MEDIUM
j_hist_008757,12.14,13,27.8,20,0,0,1,44.99,MODERATE_DELAY,LOW
j_hist_008758,8.14,11,27.5,8,0,0,0,24.09,ON_TIME,HIGH
j_hist_008759,17.72,23,26.7,9,1,2,2,112.02,HEAVY_DELAY,HIGH
j_hist_008760,1.67,3,36.3,22,0,0,1,9.29,SLIGHT_DELAY,LOW
j_hist_008761,23.83,24,20.1,12,0,0,1,110.84,HEAVY_DELAY,MEDIUM
j_hist_008762,18.79,21,39.3,17,0,0,1,53.35,MODERATE_DELAY,HIGH
j_hist_008763,31.55,33,36.2,13,1,0,0,76.55,ON_TIME,MEDIUM
j_hist_008764,6.59,10,23.3,14,0,2,0,33.14,MODERATE_DELAY,MEDIUM
j_hist_008765,28.34,38,19.1,8,0,2,0,153.68,HEAVY_DELAY,HIGH
j_hist_008766,27.93,34,21.8,8,0,2,1,170.59,HEAVY_DELAY,HIGH
j_hist_008767,5.32,7,23.3,17,0,0,0,18.98,ON_TIME,HIGH
j_hist_008768,14.55,19,29.6,21,1,2,0,58.94,HEAVY_DELAY,LOW
j_hist_008769,6.79,10,15.3,15,0,0,2,48.45,MODERATE_DELAY,MEDIUM
j_hist_008770,9.66,13,39.6,6,0,0,1,33.0,MODERATE_DELAY,LOW
j_hist_008771,9.95,14,16.8,9,0,0,2,69.13,HEAVY_DELAY,HIGH
j_hist_008772,19.91,26,21.8,17,0,0,1,92.69,HEAVY_DELAY,HIGH
j_hist_008773,14.99,19,17.1,7,0,0,2,98.02,HEAVY_DELAY,LOW
j_hist_008774,33.22,34,21.2,20,0,1,0,136.59,HEAVY_DELAY,LOW
j_hist_008775,5.3,8,37.5,20,0,1,1,20.4,SLIGHT_DELAY,LOW
j_hist_008776,34.11,33,31.2,7,1,0,0,91.04,ON_TIME,LOW
j_hist_008777,8.84,13,20.4,13,0,0,0,35.61,ON_TIME,MEDIUM
j_hist_008778,27.28,36,38.4,5,0,1,2,123.38,HEAVY_DELAY,LOW
j_hist_008779,12.52,18,36.4,18,0,0,0,31.28,ON_TIME,HIGH
j_hist_008780,5.86,8,35.1,15,0,1,0,19.2,SLIGHT_DELAY,MEDIUM
j_hist_008781,30.17,29,37.7,22,0,1,0,76.33,SLIGHT_DELAY,LOW
j_hist_008782,11.5,11,31.4,11,1,1,0,34.7,SLIGHT_DELAY,MEDIUM
j_hist_008783,23.4,31,28.0,10,0,1,0,85.01,MODERATE_DELAY,HIGH
j_hist_008784,20.26,28,24.5,16,0,1,1,101.18,HEAVY_DELAY,MEDIUM
j_hist_008785,17.04,22,20.3,6,0,2,1,110.93,HEAVY_DELAY,LOW
j_hist_008786,17.86,17,29.6,17,0,1,1,71.43,HEAVY_DELAY,HIGH
j_hist_008787,25.9,37,38.9,5,1,0,0,68.31,ON_TIME,LOW
j_hist_008788,3.98,7,30.6,19,1,0,1,16.84,SLIGHT_DELAY,HIGH
j_hist_008789,23.72,27,39.7,12,1,0,0,55.07,ON_TIME,MEDIUM
j_hist_008790,31.46,38,24.0,22,1,2,1,173.76,HEAVY_DELAY,LOW
j_hist_008791,2.96,5,33.5,19,0,2,0,15.14,SLIGHT_DELAY,HIGH
j_hist_008792,5.78,9,32.2,12,0,1,2,29.87,MODERATE_DELAY,MEDIUM
j_hist_008793,25.37,37,32.8,6,0,0,0,72.57,ON_TIME,LOW
j_hist_008794,15.87,15,32.1,15,0,2,0,55.54,MODERATE_DELAY,MEDIUM
j_hist_008795,14.72,18,20.2,12,0,0,1,73.05,HEAVY_DELAY,MEDIUM
j_hist_008796,5.66,8,18.0,17,0,0,2,37.03,MODERATE_DELAY,HIGH
j_hist_008797,18.23,26,41.4,5,1,0,0,44.42,ON_TIME,LOW
j_hist_008798,5.3,9,15.3,22,1,2,0,37.97,MODERATE_DELAY,LOW
j_hist_008799,17.21,25,27.1,9,0,0,0,56.3,ON_TIME,HIGH
j_hist_008800,26.96,31,25.9,5,0,0,0,86.75,ON_TIME,LOW
j_hist_008801,9.78,14,24.1,16,0,0,0,36.37,ON_TIME,MEDIUM
j_hist_008802,17.35,20,35.9,9,0,0,0,43.87,ON_TIME,HIGH
j_hist_008803,34.73,38,34.9,20,0,1,0,102.9,MODERATE_DELAY,LOW
j_hist_008804,24.35,25,39.3,22,0,0,0,55.45,ON_TIME,LOW
j_hist_008805,29.61,40,25.1,6,0,0,2,150.26,HEAVY_DELAY,LOW
j_hist_008806,15.1,23,29.8,19,0,1,1,66.15,HEAVY_DELAY,HIGH
j_hist_008807,27.11,27,39.0,15,0,0,0,63.46,ON_TIME,MEDIUM
j_hist_008808,2.38,3,41.8,14,0,0,1,6.43,ON_TIME,MEDIUM
j_hist_008809,5.18,8,41.1,7,0,2,0,17.81,SLIGHT_DELAY,LOW
j_hist_008810,7.9,11,34.1,17,0,0,1,28.09,SLIGHT_DELAY,HIGH
j_hist_008811,14.67,22,18.0,17,1,1,1,94.25,HEAVY_DELAY,HIGH
j_hist_008812,29.76,30,14.6,7,0,0,1,179.86,HEAVY_DELAY,LOW
j_hist_008813,12.77,12,37.1,14,0,0,0,28.97,ON_TIME,MEDIUM
j_hist_008814,23.26,27,37.5,8,0,0,0,57.54,ON_TIME,HIGH
j_hist_008815,25.12,23,34.9,18,0,0,1,71.94,MODERATE_DELAY,HIGH
j_hist_008816,20.93,22,21.8,21,0,0,0,70.57,ON_TIME,LOW
j_hist_008817,13.15,13,31.9,5,1,0,2,52.74,HEAVY_DELAY,LOW
j_hist_008818,20.62,21,22.9,19,1,1,0,82.7,MODERATE_DELAY,HIGH
j_hist_008819,12.64,12,26.6,6,0,0,1,47.71,MODERATE_DELAY,LOW
j_hist_008820,3.85,7,24.7,22,1,1,0,19.2,SLIGHT_DELAY,LOW
j_hist_008821,34.76,35,39.6,11,1,0,1,99.72,HEAVY_DELAY,MEDIUM
j_hist_008822,5.32,7,20.6,17,1,0,0,21.45,ON_TIME,HIGH
j_hist_008823,3.46,6,30.2,7,0,0,1,12.31,ON_TIME,LOW
j_hist_008824,30.87,39,24.1,7,1,0,1,133.08,HEAVY_DELAY,LOW
j_hist_008825,11.26,15,32.6,17,0,1,0,35.67,SLIGHT_DELAY,HIGH
j_hist_008826,23.11,30,29.8,8,0,2,1,110.12,HEAVY_DELAY,HIGH
j_hist_008827,12.19,17,39.9,20,1,0,2,47.58,HEAVY_DELAY,LOW
j_hist_008828,14.31,20,16.8,12,0,2,0,86.09,HEAVY_DELAY,MEDIUM
j_hist_008829,9.91,13,20.2,12,0,0,0,39.63,ON_TIME,MEDIUM
j_hist_008830,12.66,18,35.5,20,1,0,1,43.23,MODERATE_DELAY,LOW
j_hist_008831,14.96,18,24.3,6,1,0,1,65.53,HEAVY_DELAY,LOW
j_hist_008832,25.49,26,18.6,13,1,0,0,102.61,ON_TIME,MEDIUM
j_hist_008833,18.39,26,28.1,17,1,1,1,83.47,HEAVY_DELAY,HIGH
j_hist_008834,33.08,39,32.3,16,0,0,1,113.37,HEAVY_DELAY,MEDIUM
j_hist_008835,2.42,5,15.3,6,0,0,0,11.04,ON_TIME,LOW
j_hist_008836,18.1,16,22.2,13,1,0,1,74.41,MODERATE_DELAY,MEDIUM
j_hist_008837,20.86,23,36.7,5,0,0,0,50.64,ON_TIME,LOW
j_hist_008838,32.29,46,28.6,10,1,1,0,117.94,HEAVY_DELAY,HIGH
j_hist_008839,2.67,4,15.0,6,0,0,0,13.76,ON_TIME,LOW
j_hist_008840,20.5,29,21.9,7,1,0,0,77.82,ON_TIME,LOW
j_hist_008841,30.02,43,31.9,19,0,0,2,127.85,HEAVY_DELAY,HIGH
j_hist_008842,9.23,14,19.6,11,0,0,0,36.83,ON_TIME,MEDIUM
j_hist_008843,30.79,37,37.2,17,1,0,2,115.28,HEAVY_DELAY,HIGH
j_hist_008844,1.65,3,32.9,20,0,0,0,6.23,ON_TIME,LOW
j_hist_008845,25.9,36,27.2,17,0,2,2,163.51,HEAVY_DELAY,HIGH
j_hist_008846,32.73,43,39.6,16,0,0,0,81.9,ON_TIME,MEDIUM
j_hist_008847,23.34,29,25.0,21,0,0,1,96.81,HEAVY_DELAY,LOW
j_hist_008848,15.93,24,20.6,15,0,0,1,82.79,HEAVY_DELAY,MEDIUM
j_hist_008849,2.53,5,32.5,11,1,0,2,13.02,SLIGHT_DELAY,MEDIUM
j_hist_008850,32.28,46,30.1,17,0,0,1,123.21,HEAVY_DELAY,HIGH
j_hist_008851,16.99,16,23.4,14,0,1,0,66.11,MODERATE_DELAY,MEDIUM
j_hist_008852,1.99,3,23.6,14,0,0,1,8.31,ON_TIME,MEDIUM
j_hist_008853,24.45,28,25.1,17,0,0,0,78.91,ON_TIME,HIGH
j_hist_008854,17.38,19,22.2,21,0,1,0,68.3,SLIGHT_DELAY,LOW
j_hist_008855,5.23,8,33.9,11,0,0,1,20.17,SLIGHT_DELAY,MEDIUM
j_hist_008856,8.29,9,32.2,8,0,0,0,22.16,ON_TIME,HIGH
j_hist_008857,3.19,6,26.3,21,0,2,1,19.95,MODERATE_DELAY,LOW
j_hist_008858,20.53,22,25.1,8,1,0,1,83.98,HEAVY_DELAY,HIGH
j_hist_008859,22.15,25,24.2,22,0,1,2,129.69,HEAVY_DELAY,LOW
j_hist_008860,18.2,19,21.9,12,1,1,1,91.52,HEAVY_DELAY,MEDIUM
j_hist_008861,28.78,35,16.4,12,0,0,0,131.86,ON_TIME,MEDIUM
j_hist_008862,30.27,27,21.5,20,0,2,1,170.45,HEAVY_DELAY,LOW
j_hist_008863,21.93,21,23.0,19,0,0,1,91.64,HEAVY_DELAY,HIGH
j_hist_008864,1.43,3,29.3,22,0,0,1,6.4,ON_TIME,LOW
j_hist_008865,24.64,24,35.7,10,0,0,0,61.23,ON_TIME,HIGH
j_hist_008866,15.21,16,25.1,13,0,0,1,59.89,MODERATE_DELAY,MEDIUM
j_hist_008867,20.23,27,40.5,20,1,0,2,78.17,HEAVY_DELAY,LOW
j_hist_008868,23.07,21,37.2,13,0,0,0,52.4,ON_TIME,MEDIUM
j_hist_008869,12.91,15,41.6,21,1,0,1,36.24,SLIGHT_DELAY,LOW
j_hist_008870,32.18,28,38.5,8,1,0,2,105.49,HEAVY_DELAY,HIGH
j_hist_008871,5.56,7,31.3,19,1,0,1,19.11,SLIGHT_DELAY,HIGH
j_hist_008872,23.83,31,30.8,15,0,0,0,69.73,ON_TIME,MEDIUM
j_hist_008873,1.15,2,17.6,18,0,1,0,5.0,ON_TIME,HIGH
j_hist_008874,32.44,45,34.2,21,0,1,1,127.55,HEAVY_DELAY,LOW
j_hist_008875,4.83,8,30.8,17,1,1,0,16.48,ON_TIME,HIGH
j_hist_008876,4.23,5,28.2,13,0,0,2,19.32,SLIGHT_DELAY,MEDIUM
j_hist_008877,12.32,19,33.4,20,0,0,0,36.67,ON_TIME,LOW
j_hist_008878,13.7,15,26.4,12,0,0,1,52.53,MODERATE_DELAY,MEDIUM
j_hist_008879,8.29,9,28.7,18,0,0,2,36.32,MODERATE_DELAY,HIGH
j_hist_008880,20.89,18,25.2,19,0,0,0,62.83,ON_TIME,HIGH
j_hist_008881,16.06,18,34.1,11,0,0,1,51.32,MODERATE_DELAY,MEDIUM
j_hist_008882,2.16,4,38.5,15,1,0,2,10.6,SLIGHT_DELAY,MEDIUM
j_hist_008883,11.87,13,37.5,7,0,0,2,43.36,MODERATE_DELAY,LOW
j_hist_008884,28.55,39,36.0,11,0,2,2,150.38,HEAVY_DELAY,MEDIUM
j_hist_008885,24.45,32,14.4,9,0,0,0,125.96,ON_TIME,HIGH
j_hist_008886,25.65,27,39.5,13,0,0,0,59.44,ON_TIME,MEDIUM
j_hist_008887,24.74,32,21.7,17,0,0,0,93.25,ON_TIME,HIGH
j_hist_008888,11.57,17,38.9,20,0,0,0,33.52,SLIGHT_DELAY,LOW
j_hist_008889,4.39,5,19.5,6,1,0,1,20.88,SLIGHT_DELAY,LOW
j_hist_008890,10.26,12,26.3,5,0,2,1,51.75,HEAVY_DELAY,LOW
j_hist_008891,29.28,33,35.0,7,0,0,0,77.1,SLIGHT_DELAY,LOW
j_hist_008892,34.34,39,31.9,16,1,0,2,139.72,HEAVY_DELAY,MEDIUM
j_hist_008893,17.79,22,25.6,10,0,2,1,94.44,HEAVY_DELAY,HIGH
j_hist_008894,1.33,3,33.0,6,0,0,1,5.0,ON_TIME,LOW
j_hist_008895,5.76,8,29.4,20,0,1,2,32.16,MODERATE_DELAY,LOW
j_hist_008896,11.95,16,21.7,9,1,1,0,51.29,SLIGHT_DELAY,HIGH
j_hist_008897,20.67,25,32.1,16,0,0,0,56.14,ON_TIME,MEDIUM
j_hist_008898,3.55,5,19.7,8,1,0,0,13.76,ON_TIME,HIGH
j_hist_008899,33.07,37,33.4,18,0,0,1,109.95,HEAVY_DELAY,HIGH
j_hist_008900,13.41,15,14.1,21,0,0,0,68.42,ON_TIME,LOW
j_hist_008901,32.03,37,29.4,16,0,2,1,151.44,HEAVY_DELAY,MEDIUM
j_hist_008902,27.54,39,25.2,17,0,0,2,142.79,HEAVY_DELAY,HIGH
j_hist_008903,26.68,31,22.5,21,0,0,2,139.9,HEAVY_DELAY,LOW
j_hist_008904,21.63,19,28.4,19,0,2,1,97.98,HEAVY_DELAY,HIGH
j_hist_008905,22.31,25,32.1,13,0,0,1,77.67,HEAVY_DELAY,MEDIUM
j_hist_008906,22.69,31,41.0,14,1,0,1,71.96,HEAVY_DELAY,MEDIUM
j_hist_008907,22.38,30,37.3,10,0,0,0,57.6,ON_TIME,HIGH
j_hist_008908,19.83,23,34.1,21,0,1,0,59.5,MODERATE_DELAY,LOW
j_hist_008909,34.54,34,27.4,16,1,1,2,172.35,HEAVY_DELAY,MEDIUM
j_hist_008910,25.9,29,25.0,13,0,1,0,96.49,MODERATE_DELAY,MEDIUM
j_hist_008911,27.42,33,14.9,6,0,1,0,152.62,HEAVY_DELAY,LOW
j_hist_008912,30.66,44,24.1,20,0,1,0,124.15,MODERATE_DELAY,LOW
j_hist_008913,8.33,11,37.8,20,0,1,1,30.28,MODERATE_DELAY,LOW
j_hist_008914,3.85,6,24.8,5,1,0,0,12.72,ON_TIME,LOW
j_hist_008915,17.42,21,26.9,15,0,1,1,79.27,HEAVY_DELAY,MEDIUM
j_hist_008916,18.48,20,21.6,7,0,0,2,101.52,HEAVY_DELAY,LOW
j_hist_008917,29.19,39,21.7,6,0,0,0,110.37,ON_TIME,LOW
j_hist_008918,16.09,19,15.7,18,0,1,0,88.47,MODERATE_DELAY,HIGH
j_hist_008919,20.41,30,31.2,5,0,1,0,70.96,MODERATE_DELAY,LOW
j_hist_008920,18.92,22,26.5,10,0,0,0,59.92,ON_TIME,HIGH
j_hist_008921,2.3,3,31.0,11,0,0,0,6.6,ON_TIME,MEDIUM
j_hist_008922,21.92,28,29.3,6,0,0,1,83.55,HEAVY_DELAY,LOW
j_hist_008923,29.15,26,36.4,6,1,0,1,86.79,HEAVY_DELAY,LOW
j_hist_008924,6.36,8,35.0,19,1,0,1,22.36,SLIGHT_DELAY,HIGH
j_hist_008925,21.21,23,35.6,9,0,1,1,73.87,HEAVY_DELAY,HIGH
j_hist_008926,21.18,28,28.0,17,0,0,0,64.79,ON_TIME,HIGH
j_hist_008927,6.58,9,23.9,19,0,0,0,23.71,ON_TIME,HIGH
j_hist_008928,5.2,6,40.1,5,0,0,1,15.48,SLIGHT_DELAY,LOW
j_hist_008929,34.32,42,15.5,7,0,0,0,165.75,ON_TIME,LOW
j_hist_008930,14.39,17,18.3,22,1,0,0,59.68,ON_TIME,LOW
j_hist_008931,8.73,13,25.7,21,1,1,1,42.1,MODERATE_DELAY,LOW
j_hist_008932,6.83,9,31.2,12,0,0,0,19.04,ON_TIME,MEDIUM
j_hist_008933,23.7,31,14.2,15,0,1,0,140.93,HEAVY_DELAY,MEDIUM
j_hist_008934,21.72,22,34.1,12,1,0,0,54.9,ON_TIME,MEDIUM
j_hist_008935,22.88,30,29.6,10,0,1,1,99.49,HEAVY_DELAY,HIGH
j_hist_008936,3.99,6,27.6,10,0,1,0,16.76,SLIGHT_DELAY,HIGH
j_hist_008937,31.38,44,25.9,10,0,1,0,119.92,MODERATE_DELAY,HIGH
j_hist_008938,14.24,13,28.5,6,0,0,2,58.59,HEAVY_DELAY,LOW
j_hist_008939,11.65,14,18.5,14,1,1,0,56.98,MODERATE_DELAY,MEDIUM
j_hist_008940,16.72,22,17.0,14,0,0,0,76.34,ON_TIME,MEDIUM
j_hist_008941,14.26,14,22.1,13,1,0,1,62.86,MODERATE_DELAY,MEDIUM
j_hist_008942,30.36,33,33.9,7,0,0,0,79.59,ON_TIME,LOW
j_hist_008943,32.59,46,30.5,6,1,0,1,121.87,HEAVY_DELAY,LOW
j_hist_008944,11.32,14,27.4,8,0,0,1,46.52,MODERATE_DELAY,HIGH
j_hist_008945,30.37,44,30.0,12,1,0,0,92.38,ON_TIME,MEDIUM
j_hist_008946,27.57,24,29.7,13,1,2,1,120.34,HEAVY_DELAY,MEDIUM
j_hist_008947,32.65,42,22.6,6,0,0,1,150.09,HEAVY_DELAY,LOW
j_hist_008948,9.36,12,16.7,20,0,0,1,50.9,MODERATE_DELAY,LOW
j_hist_008949,20.62,24,39.1,10,1,1,0,57.26,MODERATE_DELAY,HIGH
j_hist_008950,10.33,16,30.8,12,0,0,0,30.35,ON_TIME,MEDIUM
j_hist_008951,29.02,27,33.5,7,0,0,2,109.77,HEAVY_DELAY,LOW
j_hist_008952,1.18,3,27.0,15,1,1,1,5.36,ON_TIME,MEDIUM
j_hist_008953,20.2,26,35.2,9,0,0,0,52.61,ON_TIME,HIGH
j_hist_008954,12.53,13,30.4,16,1,0,1,43.77,MODERATE_DELAY,MEDIUM
j_hist_008955,11.97,18,15.5,15,0,0,0,60.84,ON_TIME,MEDIUM
j_hist_008956,22.93,26,38.9,9,0,0,1,68.85,MODERATE_DELAY,HIGH
j_hist_008957,29.95,40,22.6,7,0,0,1,138.05,HEAVY_DELAY,LOW
j_hist_008958,21.71,24,17.9,13,1,0,2,137.65,HEAVY_DELAY,MEDIUM
j_hist_008959,30.01,41,16.5,22,0,0,0,140.55,ON_TIME,LOW
j_hist_008960,10.0,13,34.2,16,1,0,1,33.66,SLIGHT_DELAY,MEDIUM
j_hist_008961,18.66,18,33.7,8,0,1,1,65.05,HEAVY_DELAY,HIGH
j_hist_008962,16.32,21,33.6,11,1,0,0,43.32,ON_TIME,MEDIUM
j_hist_008963,1.4,3,39.6,15,0,2,1,8.47,SLIGHT_DELAY,MEDIUM
j_hist_008964,19.93,22,23.8,6,0,0,0,67.29,ON_TIME,LOW
j_hist_008965,23.49,23,29.7,16,0,2,0,83.77,HEAVY_DELAY,MEDIUM
j_hist_008966,21.13,19,31.3,13,0,0,0,53.91,ON_TIME,MEDIUM
j_hist_008967,26.03,26,41.4,10,0,0,0,55.06,ON_TIME,HIGH
j_hist_008968,20.43,24,22.7,11,1,0,0,73.24,ON_TIME,MEDIUM
j_hist_008969,3.27,5,40.8,10,1,0,0,7.73,ON_TIME,HIGH
j_hist_008970,4.96,7,18.2,22,0,2,1,34.81,MODERATE_DELAY,LOW
j_hist_008971,21.28,22,35.4,17,0,2,0,69.59,HEAVY_DELAY,HIGH
j_hist_008972,10.35,14,31.7,13,0,0,2,44.0,MODERATE_DELAY,MEDIUM
j_hist_008973,3.71,6,36.9,8,1,0,0,10.8,ON_TIME,HIGH
j_hist_008974,15.61,17,14.8,8,0,2,1,123.2,HEAVY_DELAY,HIGH
j_hist_008975,19.85,28,16.2,17,0,1,0,108.72,MODERATE_DELAY,HIGH
j_hist_008976,12.18,16,16.0,15,0,0,1,70.78,MODERATE_DELAY,MEDIUM
j_hist_008977,25.49,33,30.6,6,0,0,0,75.52,ON_TIME,LOW
j_hist_008978,22.89,24,30.9,10,0,0,1,78.55,HEAVY_DELAY,HIGH
j_hist_008979,12.32,11,39.4,16,0,0,0,28.36,ON_TIME,MEDIUM
j_hist_008980,26.67,37,27.1,12,1,0,0,86.88,ON_TIME,MEDIUM
j_hist_008981,23.06,31,15.9,9,1,0,0,108.3,ON_TIME,HIGH
j_hist_008982,22.67,21,19.9,13,1,0,0,83.91,ON_TIME,MEDIUM
j_hist_008983,19.82,22,14.2,8,0,2,0,128.04,HEAVY_DELAY,HIGH
j_hist_008984,1.39,3,35.7,13,1,0,0,7.09,SLIGHT_DELAY,MEDIUM
j_hist_008985,24.68,31,36.8,16,1,1,1,90.68,HEAVY_DELAY,MEDIUM
j_hist_008986,13.79,20,41.9,8,0,1,0,40.02,SLIGHT_DELAY,HIGH
j_hist_008987,33.05,31,25.5,21,1,2,1,164.28,HEAVY_DELAY,LOW
j_hist_008988,28.81,32,14.5,6,1,0,1,178.05,HEAVY_DELAY,LOW
j_hist_008989,20.98,20,20.6,17,1,0,1,97.09,HEAVY_DELAY,HIGH
j_hist_008990,9.57,11,30.5,19,1,0,1,33.93,SLIGHT_DELAY,HIGH
j_hist_008991,7.93,8,40.9,12,1,0,1,20.84,SLIGHT_DELAY,MEDIUM
j_hist_008992,12.57,18,16.9,10,1,0,1,72.35,MODERATE_DELAY,HIGH
j_hist_008993,17.2,21,17.4,13,0,0,2,113.09,HEAVY_DELAY,MEDIUM
j_hist_008994,11.07,16,33.6,15,1,0,1,38.93,MODERATE_DELAY,MEDIUM
j_hist_008995,18.51,17,32.7,16,1,0,0,46.29,ON_TIME,MEDIUM
j_hist_008996,6.62,8,21.0,6,0,0,0,25.56,ON_TIME,LOW
j_hist_008997,34.24,34,36.8,6,0,2,0,105.48,HEAVY_DELAY,LOW
j_hist_008998,4.67,6,17.6,15,0,2,2,40.15,HEAVY_DELAY,MEDIUM
j_hist_008999,32.69,43,39.9,12,1,0,2,122.35,HEAVY_DELAY,MEDIUM
j_hist_009000,32.06,35,19.6,10,0,1,0,141.92,HEAVY_DELAY,HIGH
j_hist_009001,18.86,19,16.3,22,0,0,2,124.9,HEAVY_DELAY,LOW
j_hist_009002,25.65,23,23.5,15,0,1,0,92.63,MODERATE_DELAY,MEDIUM
j_hist_009003,15.83,15,19.3,10,1,1,0,71.44,MODERATE_DELAY,HIGH
j_hist_009004,22.42,30,28.8,13,1,0,1,87.04,HEAVY_DELAY,MEDIUM
j_hist_009005,12.58,15,33.2,18,0,0,1,41.91,MODERATE_DELAY,HIGH
j_hist_009006,11.24,15,27.7,10,0,1,1,50.01,MODERATE_DELAY,HIGH
j_hist_009007,20.66,26,32.5,14,1,0,2,83.46,HEAVY_DELAY,MEDIUM
j_hist_009008,17.94,17,24.2,18,0,0,0,55.01,ON_TIME,HIGH
j_hist_009009,20.7,20,14.8,9,0,0,0,101.52,SLIGHT_DELAY,HIGH
j_hist_009010,10.75,15,41.3,16,1,0,0,25.13,ON_TIME,MEDIUM
j_hist_009011,13.48,18,36.9,6,0,1,2,60.42,HEAVY_DELAY,LOW
j_hist_009012,3.85,5,16.1,19,0,0,0,19.55,ON_TIME,HIGH
j_hist_009013,2.78,4,26.6,10,1,0,1,9.8,ON_TIME,HIGH
j_hist_009014,9.62,9,31.8,12,0,1,1,36.17,MODERATE_DELAY,MEDIUM
j_hist_009015,3.52,5,19.3,18,0,0,0,13.81,ON_TIME,HIGH
j_hist_009016,4.53,5,30.2,7,0,0,1,15.03,SLIGHT_DELAY,LOW
j_hist_009017,28.64,28,28.9,10,1,0,0,80.43,ON_TIME,HIGH
j_hist_009018,2.32,4,19.8,15,0,0,1,10.39,ON_TIME,MEDIUM
j_hist_009019,23.4,22,18.0,13,0,2,0,122.42,HEAVY_DELAY,MEDIUM
j_hist_009020,10.27,10,35.3,21,0,0,1,31.14,SLIGHT_DELAY,LOW
j_hist_009021,30.63,42,23.0,6,0,1,0,125.19,MODERATE_DELAY,LOW
j_hist_009022,17.49,22,20.8,12,1,0,0,69.22,SLIGHT_DELAY,MEDIUM
j_hist_009023,11.39,17,34.7,14,1,0,2,50.74,HEAVY_DELAY,MEDIUM
j_hist_009024,18.6,20,34.6,7,1,0,2,68.7,HEAVY_DELAY,LOW
j_hist_009025,13.99,18,21.7,14,0,0,2,77.04,HEAVY_DELAY,MEDIUM
j_hist_009026,20.19,20,38.4,6,0,0,1,60.23,MODERATE_DELAY,LOW
j_hist_009027,4.89,7,33.3,11,1,0,1,18.05,SLIGHT_DELAY,MEDIUM
j_hist_009028,34.9,32,23.7,5,0,2,0,146.45,HEAVY_DELAY,LOW
j_hist_009029,15.47,14,26.0,16,0,2,2,91.5,HEAVY_DELAY,MEDIUM
j_hist_009030,12.84,19,34.3,9,0,0,2,55.8,HEAVY_DELAY,HIGH
j_hist_009031,25.15,30,19.9,13,1,1,2,169.49,HEAVY_DELAY,MEDIUM
j_hist_009032,13.37,20,27.1,16,1,0,1,54.67,MODERATE_DELAY,MEDIUM
j_hist_009033,29.33,31,32.3,15,0,0,2,116.59,HEAVY_DELAY,MEDIUM
j_hist_009034,16.45,18,29.1,16,1,0,2,73.35,HEAVY_DELAY,MEDIUM
j_hist_009035,25.46,28,31.0,7,1,2,0,93.42,HEAVY_DELAY,LOW
j_hist_009036,4.65,7,29.3,16,0,1,0,16.49,ON_TIME,MEDIUM
j_hist_009037,29.77,35,19.6,5,0,0,0,115.03,ON_TIME,LOW
j_hist_009038,26.01,37,25.5,10,0,0,1,110.89,HEAVY_DELAY,HIGH
j_hist_009039,8.2,8,28.9,15,1,1,0,22.45,ON_TIME,MEDIUM
j_hist_009040,5.94,9,35.8,6,0,0,1,21.68,SLIGHT_DELAY,LOW
j_hist_009041,11.75,13,32.3,12,0,0,0,30.79,ON_TIME,MEDIUM
j_hist_009042,34.19,33,25.9,15,1,1,0,117.91,MODERATE_DELAY,MEDIUM
j_hist_009043,9.73,12,41.3,16,0,0,0,21.34,ON_TIME,MEDIUM
j_hist_009044,16.51,20,17.0,13,0,0,0,72.36,ON_TIME,MEDIUM
j_hist_009045,2.02,3,19.8,15,1,0,0,6.62,ON_TIME,MEDIUM
j_hist_009046,14.51,15,23.6,22,0,0,0,48.99,ON_TIME,LOW
j_hist_009047,20.42,23,20.4,13,0,0,2,112.58,HEAVY_DELAY,MEDIUM
j_hist_009048,33.41,36,31.5,19,0,1,0,104.97,MODERATE_DELAY,HIGH
j_hist_009049,18.57,20,15.1,22,1,0,0,89.9,ON_TIME,LOW
j_hist_009050,28.85,27,19.0,12,0,0,0,112.5,ON_TIME,MEDIUM
j_hist_009051,19.6,17,22.2,8,0,0,1,80.75,HEAVY_DELAY,HIGH
j_hist_009052,2.39,5,33.1,17,0,1,0,8.95,ON_TIME,HIGH
j_hist_009053,11.71,17,38.5,19,0,0,0,30.58,ON_TIME,HIGH
j_hist_009054,20.57,24,36.4,12,0,0,0,49.5,ON_TIME,MEDIUM
j_hist_009055,33.32,48,19.1,20,0,0,1,174.17,HEAVY_DELAY,LOW
j_hist_009056,30.21,38,29.8,15,0,2,1,145.94,HEAVY_DELAY,MEDIUM
j_hist_009057,8.76,9,14.8,17,0,0,1,51.06,MODERATE_DELAY,HIGH
j_hist_009058,8.48,9,22.7,11,1,0,0,31.35,SLIGHT_DELAY,MEDIUM
j_hist_009059,7.84,12,36.6,22,1,0,1,27.99,SLIGHT_DELAY,LOW
j_hist_009060,32.36,40,26.8,12,0,1,0,116.27,MODERATE_DELAY,MEDIUM
j_hist_009061,29.99,41,18.2,6,0,0,0,131.05,ON_TIME,LOW
j_hist_009062,27.35,38,26.3,7,0,1,0,104.46,MODERATE_DELAY,LOW
j_hist_009063,14.35,17,19.5,14,1,0,1,72.86,HEAVY_DELAY,MEDIUM
j_hist_009064,18.15,17,25.0,11,1,0,2,84.59,HEAVY_DELAY,MEDIUM
j_hist_009065,16.79,17,27.7,11,1,0,0,50.26,ON_TIME,MEDIUM
j_hist_009066,9.62,10,23.8,8,0,2,0,42.16,MODERATE_DELAY,HIGH
j_hist_009067,18.17,18,40.2,12,0,0,0,40.13,ON_TIME,MEDIUM
j_hist_009068,2.04,4,29.8,16,0,0,0,6.69,ON_TIME,MEDIUM
j_hist_009069,5.48,6,37.6,14,0,0,0,13.89,ON_TIME,MEDIUM
j_hist_009070,31.14,30,35.3,18,0,0,1,94.85,HEAVY_DELAY,HIGH
j_hist_009071,26.56,30,32.5,16,0,0,0,73.37,ON_TIME,MEDIUM
j_hist_009072,15.38,17,27.9,8,1,0,1,58.46,MODERATE_DELAY,HIGH
j_hist_009073,18.58,22,14.1,11,1,0,1,120.42,HEAVY_DELAY,MEDIUM
j_hist_009074,13.58,16,31.2,5,0,0,0,35.73,ON_TIME,LOW
j_hist_009075,26.19,33,24.0,12,1,0,0,91.63,ON_TIME,MEDIUM
j_hist_009076,27.66,39,17.3,15,1,0,1,156.76,HEAVY_DELAY,MEDIUM
j_hist_009077,26.95,25,26.4,5,0,0,2,119.13,HEAVY_DELAY,LOW
j_hist_009078,25.57,23,34.6,5,1,0,1,76.87,HEAVY_DELAY,LOW
j_hist_009079,7.95,12,40.9,8,0,2,0,23.01,SLIGHT_DELAY,HIGH
j_hist_009080,12.49,15,24.5,8,0,0,1,54.59,MODERATE_DELAY,HIGH
j_hist_009081,16.97,23,29.2,15,1,0,1,65.71,MODERATE_DELAY,MEDIUM
j_hist_009082,12.25,13,37.8,5,1,2,0,40.61,MODERATE_DELAY,LOW
j_hist_009083,26.67,36,23.4,14,1,2,1,159.02,HEAVY_DELAY,MEDIUM
j_hist_009084,12.2,18,18.0,8,0,0,0,50.19,ON_TIME,HIGH
j_hist_009085,5.7,8,21.9,11,0,1,0,23.83,SLIGHT_DELAY,MEDIUM
j_hist_009086,14.57,14,39.2,6,0,1,0,37.35,SLIGHT_DELAY,LOW
j_hist_009087,34.32,47,18.5,17,0,0,1,180.0,HEAVY_DELAY,HIGH
j_hist_009088,8.68,13,23.2,8,0,0,1,38.81,SLIGHT_DELAY,HIGH
j_hist_009089,21.81,29,27.0,10,0,1,0,82.44,MODERATE_DELAY,HIGH
j_hist_009090,15.72,14,37.7,21,0,0,1,46.46,MODERATE_DELAY,LOW
j_hist_009091,3.41,6,40.3,13,1,0,0,7.28,ON_TIME,MEDIUM
j_hist_009092,17.59,17,25.9,6,0,0,1,67.97,MODERATE_DELAY,LOW
j_hist_009093,24.87,25,40.1,10,0,0,0,54.15,ON_TIME,HIGH
j_hist_009094,18.45,23,18.5,22,0,1,1,111.24,HEAVY_DELAY,LOW
j_hist_009095,30.65,31,18.4,19,1,1,0,140.43,HEAVY_DELAY,HIGH
j_hist_009096,10.82,14,40.6,20,0,2,0,35.93,MODERATE_DELAY,LOW
j_hist_009097,3.93,6,28.3,5,0,0,0,14.45,ON_TIME,LOW
j_hist_009098,32.84,30,19.2,14,0,0,0,125.25,ON_TIME,MEDIUM
j_hist_009099,13.86,18,27.7,14,0,0,2,67.65,HEAVY_DELAY,MEDIUM
j_hist_009100,20.6,29,35.9,10,0,0,0,55.58,ON_TIME,HIGH
j_hist_009101,27.93,27,37.2,8,0,1,0,75.93,MODERATE_DELAY,HIGH
j_hist_009102,12.03,15,38.2,18,0,0,1,38.39,MODERATE_DELAY,HIGH
j_hist_009103,25.35,27,29.9,21,1,0,2,106.37,HEAVY_DELAY,LOW
j_hist_009104,5.6,8,38.3,7,0,0,1,19.51,SLIGHT_DELAY,LOW
j_hist_009105,10.9,12,28.3,6,0,0,2,49.42,HEAVY_DELAY,LOW
j_hist_009106,5.92,7,31.0,22,0,0,0,15.79,ON_TIME,LOW
j_hist_009107,28.58,25,35.2,21,0,2,0,88.13,HEAVY_DELAY,LOW
j_hist_009108,8.57,13,25.9,17,1,1,0,33.92,SLIGHT_DELAY,HIGH
j_hist_009109,25.39,31,16.1,14,0,0,1,147.88,HEAVY_DELAY,MEDIUM
j_hist_009110,33.07,38,23.8,8,0,0,1,142.18,HEAVY_DELAY,HIGH
j_hist_009111,18.94,21,31.5,21,0,0,0,50.32,ON_TIME,LOW
j_hist_009112,19.36,23,19.4,20,0,1,1,112.78,HEAVY_DELAY,LOW
j_hist_009113,16.68,19,18.2,18,1,0,1,86.05,HEAVY_DELAY,HIGH
j_hist_009114,12.08,14,22.2,19,1,1,1,61.38,HEAVY_DELAY,HIGH
j_hist_009115,17.17,20,14.9,7,0,0,1,104.58,HEAVY_DELAY,LOW
j_hist_009116,21.5,22,34.8,20,1,0,0,53.41,ON_TIME,LOW
j_hist_009117,34.52,33,21.2,11,0,0,1,152.94,HEAVY_DELAY,MEDIUM
j_hist_009118,32.88,39,17.5,22,0,0,0,141.09,ON_TIME,LOW
j_hist_009119,30.31,41,33.6,12,0,0,0,81.55,ON_TIME,MEDIUM
j_hist_009120,31.23,29,37.6,18,0,0,1,90.12,HEAVY_DELAY,HIGH
j_hist_009121,16.91,15,14.6,22,0,0,1,100.73,HEAVY_DELAY,LOW
j_hist_009122,23.35,24,20.5,5,0,2,2,166.48,HEAVY_DELAY,LOW
j_hist_009123,31.43,45,40.5,10,1,0,2,120.25,HEAVY_DELAY,HIGH
j_hist_009124,14.36,20,24.8,17,0,0,2,74.48,HEAVY_DELAY,HIGH
j_hist_009125,33.7,41,40.3,5,0,0,0,84.34,SLIGHT_DELAY,LOW
j_hist_009126,15.14,22,21.7,11,1,0,0,59.28,ON_TIME,MEDIUM
j_hist_009127,21.44,24,20.1,20,1,0,2,124.44,HEAVY_DELAY,LOW
j_hist_009128,25.13,36,20.0,18,0,0,0,102.69,ON_TIME,HIGH
j_hist_009129,33.32,34,16.4,6,0,0,0,147.73,ON_TIME,LOW
j_hist_009130,9.32,10,39.1,11,0,0,1,27.74,SLIGHT_DELAY,MEDIUM
j_hist_009131,26.37,33,41.4,19,0,0,0,61.06,ON_TIME,HIGH
j_hist_009132,18.71,21,40.7,18,0,0,0,42.59,ON_TIME,HIGH
j_hist_009133,10.13,13,37.9,5,0,0,1,31.3,SLIGHT_DELAY,LOW
j_hist_009134,27.4,28,37.7,21,0,0,2,95.91,HEAVY_DELAY,LOW
j_hist_009135,19.78,25,32.5,20,1,0,1,67.23,MODERATE_DELAY,LOW
j_hist_009136,23.47,24,37.1,9,0,2,0,71.71,HEAVY_DELAY,HIGH
j_hist_009137,11.98,11,19.8,7,0,0,0,46.06,ON_TIME,LOW
j_hist_009138,17.36,25,24.9,6,0,0,0,58.18,ON_TIME,LOW
j_hist_009139,21.99,31,31.9,18,0,0,1,81.58,HEAVY_DELAY,HIGH
j_hist_009140,14.77,22,38.5,17,0,0,1,52.7,MODERATE_DELAY,HIGH
j_hist_009141,7.74,11,32.5,17,0,0,0,25.79,SLIGHT_DELAY,HIGH
j_hist_009142,33.7,42,37.5,10,0,1,2,147.27,HEAVY_DELAY,HIGH
j_hist_009143,18.39,22,27.3,13,1,0,1,71.49,MODERATE_DELAY,MEDIUM
j_hist_009144,25.95,24,34.1,5,1,0,0,66.08,SLIGHT_DELAY,LOW
j_hist_009145,14.98,15,41.4,14,0,0,0,31.67,ON_TIME,MEDIUM
j_hist_009146,13.07,14,18.3,7,0,0,2,82.42,HEAVY_DELAY,LOW
j_hist_009147,14.84,21,40.0,10,0,0,0,37.98,ON_TIME,HIGH
j_hist_009148,14.91,15,28.6,20,0,0,0,45.05,SLIGHT_DELAY,LOW
j_hist_009149,19.5,28,32.0,10,0,1,1,81.54,HEAVY_DELAY,HIGH
j_hist_009150,19.48,23,38.6,16,0,0,0,48.53,ON_TIME,MEDIUM
j_hist_009151,17.9,24,25.5,7,0,0,1,77.08,HEAVY_DELAY,LOW
j_hist_009152,5.58,6,25.7,22,1,0,1,22.02,SLIGHT_DELAY,LOW
j_hist_009153,17.87,19,28.8,7,1,1,0,57.1,SLIGHT_DELAY,LOW
j_hist_009154,6.75,11,14.5,9,1,0,1,46.58,MODERATE_DELAY,HIGH
j_hist_009155,5.29,7,27.9,22,0,0,0,17.64,ON_TIME,LOW
j_hist_009156,32.71,33,22.2,12,0,0,0,112.25,ON_TIME,MEDIUM
j_hist_009157,21.57,21,40.0,14,1,0,1,60.64,MODERATE_DELAY,MEDIUM
j_hist_009158,23.42,22,16.5,14,1,0,0,101.92,ON_TIME,MEDIUM
j_hist_009159,14.66,15,26.9,6,0,0,2,64.79,HEAVY_DELAY,LOW
j_hist_009160,31.91,39,40.5,14,1,1,1,108.49,HEAVY_DELAY,MEDIUM
j_hist_009161,22.69,26,39.2,22,1,0,0,51.82,ON_TIME,LOW
j_hist_009162,27.15,32,33.6,8,0,1,0,84.5,MODERATE_DELAY,HIGH
j_hist_009163,13.53,13,30.5,7,0,0,1,44.6,MODERATE_DELAY,LOW
j_hist_009164,33.64,45,21.9,21,0,2,0,164.75,HEAVY_DELAY,LOW
j_hist_009165,28.9,38,24.3,21,1,0,0,101.44,ON_TIME,LOW
j_hist_009166,30.03,26,16.5,16,0,0,1,159.45,HEAVY_DELAY,MEDIUM
j_hist_009167,6.85,9,36.0,21,0,0,0,18.03,ON_TIME,LOW
j_hist_009168,10.21,10,23.1,17,1,2,0,42.48,MODERATE_DELAY,HIGH
j_hist_009169,10.71,15,32.7,13,1,0,0,32.19,ON_TIME,MEDIUM
j_hist_009170,10.21,14,24.0,5,0,1,0,39.19,SLIGHT_DELAY,LOW
j_hist_009171,30.08,42,27.0,19,0,0,0,98.75,ON_TIME,HIGH
j_hist_009172,2.08,3,29.5,13,0,1,2,10.68,SLIGHT_DELAY,MEDIUM
j_hist_009173,3.59,5,36.5,21,1,0,1,13.33,SLIGHT_DELAY,LOW
j_hist_009174,10.31,11,19.9,19,1,1,0,45.12,SLIGHT_DELAY,HIGH
j_hist_009175,7.8,9,25.2,6,1,0,1,34.65,MODERATE_DELAY,LOW
j_hist_009176,8.88,11,17.6,8,0,0,0,38.31,ON_TIME,HIGH
j_hist_009177,28.13,25,16.1,11,0,0,1,154.54,HEAVY_DELAY,MEDIUM
j_hist_009178,20.15,26,30.9,12,1,0,0,59.83,ON_TIME,MEDIUM
j_hist_009179,1.2,3,19.3,5,1,0,1,8.2,SLIGHT_DELAY,LOW
j_hist_009180,15.6,22,15.7,5,0,0,0,75.02,ON_TIME,LOW
j_hist_009181,14.87,16,39.1,9,1,0,0,35.26,ON_TIME,HIGH
j_hist_009182,4.87,8,29.0,12,0,0,2,23.31,MODERATE_DELAY,MEDIUM
j_hist_009183,23.99,35,17.8,5,0,2,0,142.11,HEAVY_DELAY,LOW
j_hist_009184,24.87,35,15.5,7,0,1,0,137.71,HEAVY_DELAY,LOW
j_hist_009185,25.51,34,17.4,21,1,0,0,115.57,ON_TIME,LOW
j_hist_009186,25.77,35,27.2,7,1,0,1,103.78,HEAVY_DELAY,LOW
j_hist_009187,1.0,3,32.7,5,0,2,0,5.0,ON_TIME,LOW
j_hist_009188,33.43,32,32.0,8,0,0,1,106.48,HEAVY_DELAY,HIGH
j_hist_009189,28.68,36,18.0,13,0,0,0,122.58,ON_TIME,MEDIUM
j_hist_009190,31.74,40,31.7,17,0,1,0,101.72,MODERATE_DELAY,HIGH
j_hist_009191,1.53,4,25.3,9,0,0,0,7.34,ON_TIME,HIGH
j_hist_009192,32.75,38,27.0,18,1,2,1,163.93,HEAVY_DELAY,HIGH
j_hist_009193,28.53,29,36.4,18,1,0,0,69.24,ON_TIME,HIGH
j_hist_009194,29.47,37,23.3,8,0,0,2,153.16,HEAVY_DELAY,HIGH
j_hist_009195,4.17,7,18.1,8,0,0,0,15.42,ON_TIME,HIGH
j_hist_009196,26.12,25,38.5,13,1,0,1,72.33,MODERATE_DELAY,MEDIUM
j_hist_009197,33.64,35,19.9,6,0,1,0,149.11,HEAVY_DELAY,LOW
j_hist_009198,24.07,29,22.2,14,1,0,1,110.18,HEAVY_DELAY,MEDIUM
j_hist_009199,20.4,20,33.8,22,1,0,0,52.28,ON_TIME,LOW
j_hist_009200,33.15,28,33.1,11,0,1,0,94.47,MODERATE_DELAY,MEDIUM
j_hist_009201,16.06,18,36.4,18,1,1,2,69.59,HEAVY_DELAY,HIGH
j_hist_009202,21.38,30,19.1,19,0,0,1,115.25,HEAVY_DELAY,HIGH
j_hist_009203,17.2,16,23.9,14,0,0,0,54.71,ON_TIME,MEDIUM
j_hist_009204,32.72,36,17.5,9,0,0,1,174.83,HEAVY_DELAY,HIGH
j_hist_009205,3.59,6,29.1,12,1,0,0,11.31,ON_TIME,MEDIUM
j_hist_009206,18.04,26,22.2,9,0,1,1,98.82,HEAVY_DELAY,HIGH
j_hist_009207,24.36,35,33.3,9,1,2,0,93.33,HEAVY_DELAY,HIGH
j_hist_009208,27.92,31,14.0,18,1,0,1,177.69,HEAVY_DELAY,HIGH
j_hist_009209,20.82,30,15.7,5,1,0,0,99.51,ON_TIME,LOW
j_hist_009210,31.9,28,26.1,9,0,1,1,134.79,HEAVY_DELAY,HIGH
j_hist_009211,33.03,43,40.8,16,0,0,0,78.27,ON_TIME,MEDIUM
j_hist_009212,3.19,5,38.9,19,1,0,0,8.95,ON_TIME,HIGH
j_hist_009213,14.68,15,41.8,7,1,0,0,32.1,ON_TIME,LOW
j_hist_009214,1.8,3,25.7,5,1,1,0,5.08,ON_TIME,LOW
j_hist_009215,12.2,12,15.3,16,0,1,0,61.19,SLIGHT_DELAY,MEDIUM
j_hist_009216,19.25,27,22.6,17,0,0,1,89.33,HEAVY_DELAY,HIGH
j_hist_009217,31.97,34,32.9,18,1,1,1,125.48,HEAVY_DELAY,HIGH
j_hist_009218,29.78,37,17.8,14,1,0,1,159.9,HEAVY_DELAY,MEDIUM
j_hist_009219,5.33,6,22.4,18,0,2,0,23.53,SLIGHT_DELAY,HIGH
j_hist_009220,4.16,5,15.6,18,0,2,2,36.43,HEAVY_DELAY,HIGH
j_hist_009221,21.04,31,27.3,17,0,1,1,100.95,HEAVY_DELAY,HIGH
j_hist_009222,19.09,25,19.8,7,1,1,0,86.55,MODERATE_DELAY,LOW
j_hist_009223,10.06,15,16.6,14,1,0,1,57.74,MODERATE_DELAY,MEDIUM
j_hist_009224,31.58,32,25.5,16,0,0,0,100.08,ON_TIME,MEDIUM
j_hist_009225,32.53,31,23.8,6,1,0,1,130.47,HEAVY_DELAY,LOW
j_hist_009226,14.69,18,29.1,5,1,0,0,44.03,ON_TIME,LOW
j_hist_009227,31.27,36,35.0,8,0,0,0,81.62,ON_TIME,HIGH
j_hist_009228,14.05,14,17.2,12,0,1,0,66.29,SLIGHT_DELAY,MEDIUM
j_hist_009229,26.05,34,36.2,21,0,0,1,84.7,HEAVY_DELAY,LOW
j_hist_009230,17.18,19,14.7,18,1,0,1,108.09,HEAVY_DELAY,HIGH
j_hist_009231,5.17,6,26.4,18,1,0,0,15.1,ON_TIME,HIGH
j_hist_009232,32.55,34,30.4,8,0,2,0,115.67,HEAVY_DELAY,HIGH
j_hist_009233,16.44,20,40.8,20,0,0,1,48.38,MODERATE_DELAY,LOW
j_hist_009234,25.97,34,30.1,17,0,1,1,112.81,HEAVY_DELAY,HIGH
j_hist_009235,13.48,16,18.4,11,1,2,1,93.3,HEAVY_DELAY,MEDIUM
j_hist_009236,1.64,3,28.5,18,1,1,1,8.55,SLIGHT_DELAY,HIGH
j_hist_009237,4.42,5,25.1,14,0,0,0,14.41,ON_TIME,MEDIUM
j_hist_009238,17.87,26,27.4,18,1,1,0,66.77,MODERATE_DELAY,HIGH
j_hist_009239,24.46,35,19.5,15,1,0,0,102.7,ON_TIME,MEDIUM
j_hist_009240,12.38,16,28.0,15,0,1,0,43.59,SLIGHT_DELAY,MEDIUM
j_hist_009241,24.65,21,18.2,19,0,0,2,145.27,HEAVY_DELAY,HIGH
j_hist_009242,24.75,29,34.8,12,0,0,0,67.03,SLIGHT_DELAY,MEDIUM
j_hist_009243,24.93,31,30.6,21,0,0,2,108.4,HEAVY_DELAY,LOW
j_hist_009244,17.75,26,16.2,10,0,0,2,128.68,HEAVY_DELAY,HIGH
j_hist_009245,32.11,46,38.9,18,0,1,1,120.11,HEAVY_DELAY,HIGH
j_hist_009246,17.63,25,31.3,13,0,0,2,78.35,HEAVY_DELAY,MEDIUM
j_hist_009247,16.31,15,22.9,7,0,0,1,65.1,MODERATE_DELAY,LOW
j_hist_009248,7.78,12,15.3,16,0,0,0,41.03,ON_TIME,MEDIUM
j_hist_009249,11.46,15,31.7,8,0,0,1,40.62,MODERATE_DELAY,HIGH
j_hist_009250,2.44,5,24.5,19,1,0,2,14.25,SLIGHT_DELAY,HIGH
j_hist_009251,22.54,25,39.4,17,0,0,2,81.52,HEAVY_DELAY,HIGH
j_hist_009252,9.45,11,15.0,22,0,2,1,76.73,HEAVY_DELAY,LOW
j_hist_009253,11.34,14,15.1,18,0,0,0,54.68,ON_TIME,HIGH
j_hist_009254,27.21,26,40.6,17,0,0,1,74.07,MODERATE_DELAY,HIGH
j_hist_009255,12.13,14,41.0,13,0,0,0,25.31,ON_TIME,MEDIUM
j_hist_009256,9.23,14,14.8,9,0,0,0,48.82,ON_TIME,HIGH
j_hist_009257,6.75,7,34.0,12,0,1,0,20.57,SLIGHT_DELAY,MEDIUM
j_hist_009258,27.35,26,20.2,17,0,1,0,114.78,MODERATE_DELAY,HIGH
j_hist_009259,5.41,6,33.6,13,1,1,1,20.86,SLIGHT_DELAY,MEDIUM
j_hist_009260,16.43,19,38.3,21,0,0,2,61.17,HEAVY_DELAY,LOW
j_hist_009261,18.24,27,16.8,9,0,1,0,96.62,MODERATE_DELAY,HIGH
j_hist_009262,24.37,24,20.7,13,0,0,1,110.56,HEAVY_DELAY,MEDIUM
j_hist_009263,22.53,21,14.7,15,1,0,1,135.17,HEAVY_DELAY,MEDIUM
j_hist_009264,28.56,40,15.2,6,0,2,2,180.0,HEAVY_DELAY,LOW
j_hist_009265,2.52,5,14.8,17,1,1,1,20.93,SLIGHT_DELAY,HIGH
j_hist_009266,11.08,11,36.4,5,0,0,1,32.67,SLIGHT_DELAY,LOW
j_hist_009267,10.52,15,22.4,12,1,0,2,58.11,HEAVY_DELAY,MEDIUM
j_hist_009268,5.96,9,27.8,19,0,0,1,22.02,SLIGHT_DELAY,HIGH
j_hist_009269,10.83,15,36.1,6,0,0,0,28.84,ON_TIME,LOW
j_hist_009270,11.53,14,27.9,7,1,2,0,46.87,MODERATE_DELAY,LOW
j_hist_009271,18.74,28,26.0,21,0,0,2,99.12,HEAVY_DELAY,LOW
j_hist_009272,23.57,21,14.3,22,0,1,1,165.9,HEAVY_DELAY,LOW
j_hist_009273,13.96,15,29.9,21,0,2,1,64.0,HEAVY_DELAY,LOW
j_hist_009274,25.46,28,17.5,18,1,1,1,155.73,HEAVY_DELAY,HIGH
j_hist_009275,12.43,15,35.4,15,0,2,0,41.14,MODERATE_DELAY,MEDIUM
j_hist_009276,10.87,16,21.2,18,0,0,1,51.58,MODERATE_DELAY,HIGH
j_hist_009277,19.4,24,32.9,9,0,0,0,54.75,ON_TIME,HIGH
j_hist_009278,1.81,3,32.1,10,1,0,1,8.87,SLIGHT_DELAY,HIGH
j_hist_009279,3.71,5,31.3,15,1,1,0,10.74,ON_TIME,MEDIUM
j_hist_009280,15.21,17,21.5,6,0,0,0,57.13,ON_TIME,LOW
j_hist_009281,33.06,47,21.5,14,0,1,0,147.13,HEAVY_DELAY,MEDIUM
j_hist_009282,25.53,31,38.2,17,0,0,1,80.48,HEAVY_DELAY,HIGH
j_hist_009283,4.0,6,14.4,6,1,1,0,27.08,SLIGHT_DELAY,LOW
j_hist_009284,29.77,38,19.1,18,0,1,0,138.56,HEAVY_DELAY,HIGH
j_hist_009285,25.9,34,31.1,21,0,1,0,85.3,MODERATE_DELAY,LOW
j_hist_009286,21.77,27,36.9,13,0,1,0,63.72,MODERATE_DELAY,MEDIUM
j_hist_009287,28.89,29,24.0,12,0,0,2,139.54,HEAVY_DELAY,MEDIUM
j_hist_009288,14.74,21,32.3,12,0,0,1,52.89,MODERATE_DELAY,MEDIUM
j_hist_009289,8.53,12,29.6,11,0,1,1,39.17,MODERATE_DELAY,MEDIUM
j_hist_009290,18.41,24,15.8,20,0,2,0,114.55,HEAVY_DELAY,LOW
j_hist_009291,19.66,29,31.4,21,1,0,0,59.71,ON_TIME,LOW
j_hist_009292,19.3,26,36.8,5,0,0,0,51.16,ON_TIME,LOW
j_hist_009293,20.21,28,41.8,17,0,1,0,56.68,SLIGHT_DELAY,HIGH
j_hist_009294,33.26,47,14.8,20,0,0,0,170.18,ON_TIME,LOW
j_hist_009295,31.68,30,32.5,10,0,0,0,80.84,ON_TIME,HIGH
j_hist_009296,30.77,35,25.6,19,0,0,0,99.77,ON_TIME,HIGH
j_hist_009297,28.25,34,14.3,16,1,0,0,145.3,ON_TIME,MEDIUM
j_hist_009298,33.08,34,31.2,12,0,0,0,89.83,ON_TIME,MEDIUM
j_hist_009299,4.35,7,17.4,5,0,0,0,20.32,ON_TIME,LOW
j_hist_009300,10.01,14,24.6,15,1,1,1,49.63,MODERATE_DELAY,MEDIUM
j_hist_009301,17.83,23,21.3,19,0,2,0,85.95,HEAVY_DELAY,HIGH
j_hist_009302,29.78,43,24.1,5,1,0,1,137.43,HEAVY_DELAY,LOW
j_hist_009303,18.18,19,27.8,20,1,0,1,66.86,MODERATE_DELAY,LOW
j_hist_009304,26.43,34,24.1,11,1,0,0,92.53,ON_TIME,MEDIUM
j_hist_009305,5.72,8,29.5,5,0,0,1,23.4,SLIGHT_DELAY,LOW
j_hist_009306,9.58,11,20.7,6,1,0,0,36.13,ON_TIME,LOW
j_hist_009307,25.88,25,31.8,12,0,0,1,84.34,HEAVY_DELAY,MEDIUM
j_hist_009308,6.6,10,37.9,15,1,0,0,17.12,ON_TIME,MEDIUM
j_hist_009309,12.95,16,20.3,17,0,1,1,69.98,HEAVY_DELAY,HIGH
j_hist_009310,10.01,14,28.2,9,1,0,0,34.55,SLIGHT_DELAY,HIGH
j_hist_009311,12.9,16,32.2,22,0,0,2,53.37,HEAVY_DELAY,LOW
j_hist_009312,25.08,25,29.8,7,0,2,0,88.49,HEAVY_DELAY,LOW
j_hist_009313,13.51,15,24.2,5,1,0,1,58.13,MODERATE_DELAY,LOW
j_hist_009314,19.88,22,32.0,9,0,1,1,77.02,HEAVY_DELAY,HIGH
j_hist_009315,4.4,8,14.8,13,0,0,1,30.05,SLIGHT_DELAY,MEDIUM
j_hist_009316,28.37,24,24.4,11,0,0,1,109.23,HEAVY_DELAY,MEDIUM
j_hist_009317,13.58,20,28.9,16,0,0,0,40.96,ON_TIME,MEDIUM
j_hist_009318,23.05,34,14.6,18,0,0,0,120.46,ON_TIME,HIGH
j_hist_009319,25.66,37,28.2,20,0,1,1,118.33,HEAVY_DELAY,LOW
j_hist_009320,8.13,10,32.3,17,0,1,0,25.43,SLIGHT_DELAY,HIGH
j_hist_009321,31.08,44,35.3,22,0,2,0,113.26,HEAVY_DELAY,LOW
j_hist_009322,21.95,24,17.2,14,0,1,1,137.22,HEAVY_DELAY,MEDIUM
j_hist_009323,15.58,14,41.7,10,1,0,0,35.06,SLIGHT_DELAY,HIGH
j_hist_009324,7.2,8,31.0,7,1,0,1,23.48,SLIGHT_DELAY,LOW
j_hist_009325,33.04,47,24.2,8,1,0,0,118.2,ON_TIME,HIGH
j_hist_009326,26.67,23,21.0,5,1,0,1,120.04,HEAVY_DELAY,LOW
j_hist_009327,8.07,11,30.0,15,1,0,0,25.37,ON_TIME,MEDIUM
j_hist_009328,12.48,12,38.7,21,0,0,1,36.44,MODERATE_DELAY,LOW
j_hist_009329,28.53,29,28.6,9,1,1,2,140.96,HEAVY_DELAY,HIGH
j_hist_009330,24.65,23,32.5,16,1,1,1,91.34,HEAVY_DELAY,MEDIUM
j_hist_009331,27.04,37,24.0,11,0,0,0,94.01,ON_TIME,MEDIUM
j_hist_009332,16.0,20,24.9,8,0,0,0,52.69,ON_TIME,HIGH
j_hist_009333,25.36,36,22.0,20,0,1,1,136.91,HEAVY_DELAY,LOW
j_hist_009334,14.14,19,33.8,19,0,2,1,63.39,HEAVY_DELAY,HIGH
j_hist_009335,8.18,13,24.1,18,1,0,0,30.11,ON_TIME,HIGH
j_hist_009336,22.51,26,19.3,6,1,2,0,118.46,HEAVY_DELAY,LOW
j_hist_009337,34.18,42,24.3,14,0,0,0,117.5,ON_TIME,MEDIUM
j_hist_009338,11.56,15,37.9,6,0,2,1,46.49,HEAVY_DELAY,LOW
j_hist_009339,16.67,20,34.7,9,0,1,0,49.07,SLIGHT_DELAY,HIGH
j_hist_009340,23.92,33,23.4,17,0,2,2,167.15,HEAVY_DELAY,HIGH
j_hist_009341,19.41,25,39.4,14,0,0,1,59.48,MODERATE_DELAY,MEDIUM
j_hist_009342,29.68,40,16.1,17,1,0,0,142.35,ON_TIME,HIGH
j_hist_009343,26.9,36,15.4,18,1,0,0,134.3,SLIGHT_DELAY,HIGH
j_hist_009344,2.98,4,17.6,22,1,0,0,11.38,ON_TIME,LOW
j_hist_009345,34.95,43,17.3,12,1,0,0,154.14,ON_TIME,MEDIUM
j_hist_009346,26.58,26,16.5,9,0,0,0,115.99,ON_TIME,HIGH
j_hist_009347,30.37,36,32.5,16,0,0,1,100.78,HEAVY_DELAY,MEDIUM
j_hist_009348,23.14,29,30.8,20,0,0,2,99.16,HEAVY_DELAY,LOW
j_hist_009349,30.11,44,32.1,11,0,0,1,111.35,HEAVY_DELAY,MEDIUM
j_hist_009350,4.82,5,33.3,8,0,2,1,18.54,SLIGHT_DELAY,HIGH
j_hist_009351,12.82,12,35.2,14,0,2,0,39.36,MODERATE_DELAY,MEDIUM
j_hist_009352,30.8,28,19.8,12,0,2,0,149.71,HEAVY_DELAY,MEDIUM
j_hist_009353,7.86,10,31.4,20,0,1,1,32.53,MODERATE_DELAY,LOW
j_hist_009354,3.66,6,30.2,8,0,2,1,20.43,MODERATE_DELAY,HIGH
j_hist_009355,27.8,38,40.4,14,0,1,1,98.62,HEAVY_DELAY,MEDIUM
j_hist_009356,29.41,38,20.5,20,0,2,1,180.0,HEAVY_DELAY,LOW
j_hist_009357,6.53,10,15.6,16,0,0,1,41.44,MODERATE_DELAY,MEDIUM
j_hist_009358,30.05,31,32.3,6,0,2,0,103.94,HEAVY_DELAY,LOW
j_hist_009359,24.35,22,34.7,15,1,0,1,70.02,MODERATE_DELAY,MEDIUM
j_hist_009360,18.68,17,21.9,17,0,0,1,79.07,HEAVY_DELAY,HIGH
j_hist_009361,29.23,40,30.0,7,0,0,0,90.4,ON_TIME,LOW
j_hist_009362,15.25,20,15.7,21,1,0,0,73.42,ON_TIME,LOW
j_hist_009363,7.6,11,40.9,14,0,1,0,20.57,ON_TIME,MEDIUM
j_hist_009364,10.68,12,17.1,12,0,0,1,55.85,MODERATE_DELAY,MEDIUM
j_hist_009365,18.18,20,15.9,10,1,0,0,84.43,ON_TIME,HIGH
j_hist_009366,19.07,28,15.2,18,0,0,0,96.61,ON_TIME,HIGH
j_hist_009367,28.39,25,26.0,5,0,0,0,87.06,SLIGHT_DELAY,LOW
j_hist_009368,27.91,37,16.7,15,0,0,0,125.77,ON_TIME,MEDIUM
j_hist_009369,20.77,22,34.9,18,0,0,1,63.98,MODERATE_DELAY,HIGH
j_hist_009370,27.55,24,39.2,17,0,0,2,91.67,HEAVY_DELAY,HIGH
j_hist_009371,7.52,11,21.3,16,0,0,2,43.15,MODERATE_DELAY,MEDIUM
j_hist_009372,2.7,4,31.6,10,1,0,0,5.39,ON_TIME,HIGH
j_hist_009373,30.7,39,15.2,8,0,1,1,180.0,HEAVY_DELAY,HIGH
j_hist_009374,3.57,6,24.8,13,0,0,0,11.82,ON_TIME,MEDIUM
j_hist_009375,9.39,12,22.2,11,0,0,2,52.91,HEAVY_DELAY,MEDIUM
j_hist_009376,24.64,33,20.4,11,0,0,2,145.06,HEAVY_DELAY,MEDIUM
j_hist_009377,14.92,19,32.1,17,0,0,2,63.98,HEAVY_DELAY,HIGH
j_hist_009378,30.79,31,17.6,6,0,0,0,129.19,ON_TIME,LOW
j_hist_009379,11.13,15,38.1,6,1,1,0,33.45,SLIGHT_DELAY,LOW
j_hist_009380,1.4,3,32.6,19,0,0,1,10.54,SLIGHT_DELAY,HIGH
j_hist_009381,11.22,11,33.9,20,0,2,0,36.93,MODERATE_DELAY,LOW
j_hist_009382,20.65,29,40.2,6,0,0,2,81.45,HEAVY_DELAY,LOW
j_hist_009383,13.78,17,40.4,9,1,0,1,40.14,SLIGHT_DELAY,HIGH
j_hist_009384,19.19,27,29.4,6,0,1,0,68.29,MODERATE_DELAY,LOW
j_hist_009385,30.8,42,27.9,11,1,0,1,123.98,HEAVY_DELAY,MEDIUM
j_hist_009386,32.02,36,23.4,9,0,0,0,109.02,ON_TIME,HIGH
j_hist_009387,10.04,13,34.0,15,0,1,1,40.08,MODERATE_DELAY,MEDIUM
j_hist_009388,16.71,19,29.1,12,0,2,0,65.29,HEAVY_DELAY,MEDIUM
j_hist_009389,19.67,23,40.1,21,0,1,1,67.57,HEAVY_DELAY,LOW
j_hist_009390,33.27,46,20.7,18,0,0,1,161.58,HEAVY_DELAY,HIGH
j_hist_009391,34.95,46,22.7,9,0,0,0,127.14,ON_TIME,HIGH
j_hist_009392,9.0,9,22.9,8,0,0,0,31.44,ON_TIME,HIGH
j_hist_009393,25.72,31,36.6,7,0,1,1,94.56,HEAVY_DELAY,LOW
j_hist_009394,13.85,21,16.8,11,0,0,1,80.85,HEAVY_DELAY,MEDIUM
j_hist_009395,1.28,3,26.8,15,0,2,0,5.03,ON_TIME,MEDIUM
j_hist_009396,1.31,3,26.0,5,0,0,0,5.0,ON_TIME,LOW
j_hist_009397,16.66,23,16.0,22,1,0,0,80.64,ON_TIME,LOW
j_hist_009398,17.6,19,25.5,5,0,0,0,55.87,ON_TIME,LOW
j_hist_009399,1.77,3,28.4,20,1,0,0,5.99,ON_TIME,LOW
j_hist_009400,24.36,32,15.8,17,0,0,2,175.11,HEAVY_DELAY,HIGH
j_hist_009401,11.0,14,28.3,10,1,0,0,33.56,ON_TIME,HIGH
j_hist_009402,20.04,24,40.9,10,0,1,1,69.7,HEAVY_DELAY,HIGH
j_hist_009403,11.23,15,41.4,18,0,1,0,30.01,SLIGHT_DELAY,HIGH
j_hist_009404,6.68,10,28.9,9,0,1,1,31.84,MODERATE_DELAY,HIGH
j_hist_009405,14.84,16,28.4,12,0,0,1,56.04,MODERATE_DELAY,MEDIUM
j_hist_009406,8.9,9,22.0,22,1,0,1,41.92,MODERATE_DELAY,LOW
j_hist_009407,19.18,20,41.9,10,0,0,1,53.82,MODERATE_DELAY,HIGH
j_hist_009408,7.76,10,21.7,9,0,0,0,26.87,ON_TIME,HIGH
j_hist_009409,18.29,20,26.7,14,0,2,0,77.33,HEAVY_DELAY,MEDIUM
j_hist_009410,6.35,9,14.1,22,0,0,1,44.86,MODERATE_DELAY,LOW
j_hist_009411,23.81,21,23.8,17,0,1,0,89.95,MODERATE_DELAY,HIGH
j_hist_009412,26.63,31,16.0,10,0,2,0,159.43,HEAVY_DELAY,HIGH
j_hist_009413,4.75,6,34.8,8,0,0,0,13.04,ON_TIME,HIGH
j_hist_009414,16.91,20,29.7,17,0,0,0,49.17,ON_TIME,HIGH
j_hist_009415,3.41,5,30.0,22,0,1,0,11.68,ON_TIME,LOW
j_hist_009416,21.34,22,22.0,17,1,0,0,73.26,ON_TIME,HIGH
j_hist_009417,9.99,15,36.8,17,0,0,0,28.98,ON_TIME,HIGH
j_hist_009418,18.94,19,14.1,11,1,0,0,96.98,SLIGHT_DELAY,MEDIUM
j_hist_009419,18.59,24,23.3,9,0,0,1,84.11,HEAVY_DELAY,HIGH
j_hist_009420,32.43,45,32.5,7,0,1,0,106.74,MODERATE_DELAY,LOW
j_hist_009421,19.67,24,39.4,10,0,0,0,46.97,ON_TIME,HIGH
j_hist_009422,20.82,29,20.6,12,0,0,1,104.35,HEAVY_DELAY,MEDIUM
j_hist_009423,14.66,14,29.2,16,0,1,0,48.27,MODERATE_DELAY,MEDIUM
j_hist_009424,33.27,38,29.1,6,1,0,0,97.78,ON_TIME,LOW
j_hist_009425,27.42,31,38.5,15,1,1,0,75.24,MODERATE_DELAY,MEDIUM
j_hist_009426,10.7,10,15.4,7,0,2,1,81.7,HEAVY_DELAY,LOW
j_hist_009427,29.7,33,25.9,14,1,0,0,95.64,SLIGHT_DELAY,MEDIUM
j_hist_009428,15.7,18,19.1,12,0,0,1,79.65,HEAVY_DELAY,MEDIUM
j_hist_009429,29.17,37,14.6,12,0,0,2,180.0,HEAVY_DELAY,MEDIUM
j_hist_009430,28.98,41,18.1,18,1,0,0,125.66,ON_TIME,HIGH
j_hist_009431,7.42,8,41.3,8,0,0,0,18.89,SLIGHT_DELAY,HIGH
j_hist_009432,24.84,26,20.0,19,0,1,1,134.58,HEAVY_DELAY,HIGH
j_hist_009433,10.88,13,40.2,14,1,2,1,41.83,HEAVY_DELAY,MEDIUM
j_hist_009434,11.11,13,19.7,22,1,0,2,65.98,HEAVY_DELAY,LOW
j_hist_009435,11.08,16,40.1,19,0,1,2,48.73,HEAVY_DELAY,HIGH
j_hist_009436,25.67,29,32.3,7,0,1,0,81.25,MODERATE_DELAY,LOW
j_hist_009437,8.81,9,17.2,6,1,0,0,37.73,ON_TIME,LOW
j_hist_009438,1.03,3,30.3,17,1,0,2,5.68,ON_TIME,HIGH
j_hist_009439,25.32,35,22.9,17,1,0,2,139.01,HEAVY_DELAY,HIGH
j_hist_009440,6.82,9,24.7,13,1,0,0,22.12,ON_TIME,MEDIUM
j_hist_009441,4.55,7,26.3,7,1,1,0,17.15,ON_TIME,LOW
j_hist_009442,9.08,10,25.8,6,0,0,1,35.1,SLIGHT_DELAY,LOW
j_hist_009443,13.92,14,32.6,18,1,0,0,37.68,ON_TIME,HIGH
j_hist_009444,17.18,18,35.5,20,0,0,2,64.77,HEAVY_DELAY,LOW
j_hist_009445,2.52,4,23.2,18,1,0,1,10.03,ON_TIME,HIGH
j_hist_009446,34.0,48,39.9,8,0,0,2,130.38,HEAVY_DELAY,HIGH
j_hist_009447,25.35,30,40.3,6,1,1,0,67.79,MODERATE_DELAY,LOW
j_hist_009448,11.99,12,15.1,20,1,0,2,83.78,HEAVY_DELAY,LOW
j_hist_009449,11.84,13,14.4,12,0,0,1,73.19,MODERATE_DELAY,MEDIUM
j_hist_009450,16.25,18,25.9,5,1,0,0,51.75,ON_TIME,LOW
j_hist_009451,22.29,28,30.5,22,1,1,0,75.1,MODERATE_DELAY,LOW
j_hist_009452,5.98,8,21.8,13,0,0,0,20.53,ON_TIME,MEDIUM
j_hist_009453,7.42,9,21.3,16,1,0,1,32.78,SLIGHT_DELAY,MEDIUM
j_hist_009454,30.22,36,33.0,9,0,0,0,81.35,ON_TIME,HIGH
j_hist_009455,9.71,11,30.8,7,0,0,0,27.69,ON_TIME,LOW
j_hist_009456,13.93,13,18.7,12,1,2,2,106.29,HEAVY_DELAY,MEDIUM
j_hist_009457,30.62,26,38.8,20,1,1,1,93.33,HEAVY_DELAY,LOW
j_hist_009458,23.55,24,33.0,22,0,0,1,76.84,HEAVY_DELAY,LOW
j_hist_009459,12.62,12,24.2,16,1,1,1,55.63,HEAVY_DELAY,MEDIUM
j_hist_009460,24.25,26,33.1,16,0,0,1,80.13,HEAVY_DELAY,MEDIUM
j_hist_009461,1.67,4,17.2,8,0,1,2,16.45,MODERATE_DELAY,HIGH
j_hist_009462,26.01,33,27.1,14,0,0,1,105.9,HEAVY_DELAY,MEDIUM
j_hist_009463,17.56,22,18.7,13,0,0,0,73.63,ON_TIME,MEDIUM
j_hist_009464,28.65,39,15.2,8,1,0,0,145.92,SLIGHT_DELAY,HIGH
j_hist_009465,33.46,34,23.5,5,1,0,1,141.77,HEAVY_DELAY,LOW
j_hist_009466,32.48,45,18.2,9,1,1,0,161.75,HEAVY_DELAY,HIGH
j_hist_009467,31.92,35,31.7,7,0,2,0,112.37,HEAVY_DELAY,LOW
j_hist_009468,18.41,21,32.9,15,0,0,2,77.16,HEAVY_DELAY,MEDIUM
j_hist_009469,13.24,15,18.2,17,0,0,1,70.7,HEAVY_DELAY,HIGH
j_hist_009470,16.81,16,14.7,15,1,0,0,83.55,SLIGHT_DELAY,MEDIUM
j_hist_009471,24.46,35,36.2,10,0,0,0,66.9,ON_TIME,HIGH
j_hist_009472,31.06,29,14.1,8,0,0,0,152.83,ON_TIME,HIGH
j_hist_009473,8.04,10,23.6,11,1,0,0,27.37,ON_TIME,MEDIUM
j_hist_009474,32.22,33,27.8,7,0,0,0,94.27,ON_TIME,LOW
j_hist_009475,28.72,26,36.9,14,0,1,1,94.42,HEAVY_DELAY,MEDIUM
j_hist_009476,34.28,32,37.5,9,0,1,0,88.31,MODERATE_DELAY,HIGH
j_hist_009477,30.93,27,34.3,22,0,1,1,106.86,HEAVY_DELAY,LOW
j_hist_009478,10.52,12,20.9,21,0,0,0,39.78,ON_TIME,LOW
j_hist_009479,4.6,8,34.2,5,1,0,2,19.0,SLIGHT_DELAY,LOW
j_hist_009480,4.82,6,20.9,9,1,0,0,19.06,ON_TIME,HIGH
j_hist_009481,10.9,11,20.0,21,0,1,1,58.37,HEAVY_DELAY,LOW
j_hist_009482,21.88,27,29.3,13,0,0,0,65.78,ON_TIME,MEDIUM
j_hist_009483,28.35,41,33.0,15,0,0,2,126.08,HEAVY_DELAY,MEDIUM
j_hist_009484,31.57,31,15.5,11,0,0,1,180.0,HEAVY_DELAY,MEDIUM
j_hist_009485,22.21,23,15.7,11,0,0,1,125.03,HEAVY_DELAY,MEDIUM
j_hist_009486,1.19,3,36.0,6,0,0,1,5.81,ON_TIME,LOW
j_hist_009487,7.33,8,38.1,18,0,1,2,29.8,MODERATE_DELAY,HIGH
j_hist_009488,4.39,6,30.9,20,0,0,1,17.11,SLIGHT_DELAY,LOW
j_hist_009489,13.35,14,26.0,9,0,0,1,50.61,MODERATE_DELAY,HIGH
j_hist_009490,18.05,26,37.7,22,1,1,0,56.66,MODERATE_DELAY,LOW
j_hist_009491,2.48,5,34.4,8,0,0,1,8.89,ON_TIME,HIGH
j_hist_009492,12.85,18,30.2,16,0,0,1,48.65,MODERATE_DELAY,MEDIUM
j_hist_009493,7.09,9,23.0,17,1,0,0,26.05,ON_TIME,HIGH
j_hist_009494,23.0,25,19.5,10,0,0,1,111.65,HEAVY_DELAY,HIGH
j_hist_009495,16.79,17,25.7,15,1,1,1,76.21,HEAVY_DELAY,MEDIUM
j_hist_009496,17.84,25,22.0,19,0,0,0,69.22,ON_TIME,HIGH
j_hist_009497,15.54,22,23.5,21,0,0,0,57.28,ON_TIME,LOW
j_hist_009498,33.5,37,28.4,6,0,0,1,124.13,HEAVY_DELAY,LOW
j_hist_009499,8.3,11,18.7,17,0,0,0,34.92,ON_TIME,HIGH
j_hist_009500,18.57,18,36.6,5,0,1,1,61.53,HEAVY_DELAY,LOW
j_hist_009501,26.02,29,18.1,8,1,0,0,109.98,ON_TIME,HIGH
j_hist_009502,19.93,25,27.5,19,0,0,1,74.61,MODERATE_DELAY,HIGH
j_hist_009503,32.59,35,34.9,20,0,0,0,78.84,ON_TIME,LOW
j_hist_009504,13.85,16,27.6,15,0,0,0,42.2,ON_TIME,MEDIUM
j_hist_009505,16.76,15,24.1,7,1,1,1,75.27,HEAVY_DELAY,LOW
j_hist_009506,4.01,7,27.3,16,1,0,1,17.62,SLIGHT_DELAY,MEDIUM
j_hist_009507,21.71,30,37.8,16,1,0,1,70.11,MODERATE_DELAY,MEDIUM
j_hist_009508,10.8,16,41.7,15,0,0,0,28.35,ON_TIME,MEDIUM
j_hist_009509,6.45,9,31.7,20,0,1,2,32.02,MODERATE_DELAY,LOW
j_hist_009510,19.51,24,36.2,17,1,0,0,50.05,ON_TIME,HIGH
j_hist_009511,19.1,20,14.4,16,1,0,0,93.96,ON_TIME,MEDIUM
j_hist_009512,3.58,7,38.7,14,0,0,1,16.05,SLIGHT_DELAY,MEDIUM
j_hist_009513,24.74,30,40.7,15,1,0,2,86.16,HEAVY_DELAY,MEDIUM
j_hist_009514,22.21,28,30.1,22,0,0,1,83.79,HEAVY_DELAY,LOW
j_hist_009515,7.43,10,35.1,9,0,0,0,18.64,ON_TIME,HIGH
j_hist_009516,16.96,24,28.4,17,1,0,0,51.89,ON_TIME,HIGH
j_hist_009517,25.49,22,22.0,21,1,0,1,106.5,HEAVY_DELAY,LOW
j_hist_009518,19.0,19,37.9,16,0,0,2,65.81,HEAVY_DELAY,MEDIUM
j_hist_009519,14.45,19,30.7,21,1,2,0,55.95,MODERATE_DELAY,LOW
j_hist_009520,11.96,17,30.2,5,0,2,0,45.67,MODERATE_DELAY,LOW
j_hist_009521,21.75,28,32.5,12,0,0,0,60.1,ON_TIME,MEDIUM
j_hist_009522,32.93,36,38.0,20,0,0,1,100.63,HEAVY_DELAY,LOW
j_hist_009523,23.84,26,34.5,19,0,0,0,60.76,ON_TIME,HIGH
j_hist_009524,3.54,6,19.9,14,0,1,0,15.83,ON_TIME,MEDIUM
j_hist_009525,16.66,22,27.1,6,0,1,1,78.88,HEAVY_DELAY,LOW
j_hist_009526,31.29,38,41.4,8,1,0,0,72.93,ON_TIME,HIGH
j_hist_009527,4.21,6,29.5,8,0,0,2,17.8,SLIGHT_DELAY,HIGH
j_hist_009528,34.62,48,40.3,16,0,0,1,107.34,HEAVY_DELAY,MEDIUM
j_hist_009529,33.27,39,36.8,21,1,0,0,83.66,ON_TIME,LOW
j_hist_009530,3.66,6,32.6,8,1,0,1,15.32,SLIGHT_DELAY,HIGH
j_hist_009531,32.74,32,23.8,12,0,0,2,157.91,HEAVY_DELAY,MEDIUM
j_hist_009532,13.35,15,22.5,20,1,1,0,53.32,SLIGHT_DELAY,LOW
j_hist_009533,29.72,41,32.0,19,0,1,1,126.87,HEAVY_DELAY,HIGH
j_hist_009534,15.23,14,26.1,18,0,2,0,58.77,MODERATE_DELAY,HIGH
j_hist_009535,15.99,19,36.4,15,0,1,0,47.39,SLIGHT_DELAY,MEDIUM
j_hist_009536,22.56,26,35.3,17,0,0,1,72.19,MODERATE_DELAY,HIGH
j_hist_009537,27.33,36,22.7,12,1,0,1,125.79,HEAVY_DELAY,MEDIUM
j_hist_009538,2.15,4,33.7,13,0,0,1,9.7,SLIGHT_DELAY,MEDIUM
j_hist_009539,21.17,21,27.8,6,1,0,2,92.79,HEAVY_DELAY,LOW
j_hist_009540,7.35,11,23.1,6,0,1,1,38.18,MODERATE_DELAY,LOW
j_hist_009541,12.76,16,25.6,12,0,0,2,66.88,HEAVY_DELAY,MEDIUM
j_hist_009542,12.83,13,39.1,22,0,2,1,45.94,HEAVY_DELAY,LOW
j_hist_009543,16.95,17,24.1,11,1,2,0,72.01,HEAVY_DELAY,MEDIUM
j_hist_009544,12.36,19,22.0,15,0,0,1,60.27,MODERATE_DELAY,MEDIUM
j_hist_009545,4.65,6,23.9,5,0,0,0,16.36,ON_TIME,LOW
j_hist_009546,5.95,8,20.0,20,0,1,0,29.39,SLIGHT_DELAY,LOW
j_hist_009547,2.14,4,29.2,20,0,0,0,6.19,ON_TIME,LOW
j_hist_009548,16.99,24,18.1,14,0,0,1,93.16,HEAVY_DELAY,MEDIUM
j_hist_009549,33.45,43,36.9,21,0,1,1,123.7,HEAVY_DELAY,LOW
j_hist_009550,4.93,7,20.3,14,0,0,2,30.61,MODERATE_DELAY,MEDIUM
j_hist_009551,33.17,28,30.7,10,1,0,2,128.17,HEAVY_DELAY,HIGH
j_hist_009552,25.93,36,17.5,18,0,0,1,144.15,HEAVY_DELAY,HIGH
j_hist_009553,22.67,26,41.4,19,0,0,0,51.48,ON_TIME,HIGH
j_hist_009554,22.94,33,26.7,8,0,0,0,73.13,ON_TIME,HIGH
j_hist_009555,29.11,33,37.0,6,0,0,0,71.78,ON_TIME,LOW
j_hist_009556,4.64,7,35.5,17,0,0,0,11.56,ON_TIME,HIGH
j_hist_009557,18.16,17,34.0,16,0,0,1,53.2,MODERATE_DELAY,MEDIUM
j_hist_009558,24.7,32,37.2,17,0,0,1,80.08,HEAVY_DELAY,HIGH
j_hist_009559,20.95,23,16.8,19,0,1,0,103.75,MODERATE_DELAY,HIGH
j_hist_009560,29.31,31,33.0,6,1,0,1,98.21,HEAVY_DELAY,LOW
j_hist_009561,3.46,5,21.4,12,0,0,1,15.26,ON_TIME,MEDIUM
j_hist_009562,24.48,23,36.0,7,0,0,0,59.52,ON_TIME,LOW
j_hist_009563,19.16,19,40.8,5,0,2,2,84.91,HEAVY_DELAY,LOW
j_hist_009564,13.89,15,39.2,15,1,0,0,33.37,ON_TIME,MEDIUM
j_hist_009565,12.57,18,17.2,13,0,0,0,55.34,ON_TIME,MEDIUM
j_hist_009566,22.11,24,24.3,21,0,0,1,93.58,HEAVY_DELAY,LOW
j_hist_009567,31.29,40,24.2,11,1,0,0,108.95,ON_TIME,MEDIUM
j_hist_009568,17.87,17,17.4,8,0,0,2,112.6,HEAVY_DELAY,HIGH
j_hist_009569,29.04,35,16.7,17,1,0,1,161.65,HEAVY_DELAY,HIGH
j_hist_009570,14.67,17,24.8,9,1,0,1,59.88,MODERATE_DELAY,HIGH
j_hist_009571,4.48,8,41.8,16,1,0,1,13.33,ON_TIME,MEDIUM
j_hist_009572,3.09,6,29.9,9,0,0,1,11.39,ON_TIME,HIGH
j_hist_009573,2.75,4,31.4,15,0,1,0,11.6,SLIGHT_DELAY,MEDIUM
j_hist_009574,13.93,19,27.2,6,0,0,1,57.33,MODERATE_DELAY,LOW
j_hist_009575,12.47,13,32.5,8,0,0,1,39.93,MODERATE_DELAY,HIGH
j_hist_009576,25.41,30,40.8,14,0,0,0,59.73,ON_TIME,MEDIUM
j_hist_009577,26.26,24,30.5,11,0,0,0,71.72,SLIGHT_DELAY,MEDIUM
j_hist_009578,2.73,4,15.8,16,0,0,0,14.95,ON_TIME,MEDIUM
j_hist_009579,8.52,9,27.8,12,0,0,2,36.17,MODERATE_DELAY,MEDIUM
j_hist_009580,10.32,14,41.8,20,0,0,1,30.63,SLIGHT_DELAY,LOW
j_hist_009581,19.62,23,24.8,6,1,0,2,97.08,HEAVY_DELAY,LOW
j_hist_009582,5.91,9,30.6,7,1,0,1,24.19,SLIGHT_DELAY,LOW
j_hist_009583,5.55,8,17.0,21,0,0,1,30.36,SLIGHT_DELAY,LOW
j_hist_009584,33.09,30,18.0,19,0,2,0,171.1,HEAVY_DELAY,HIGH
j_hist_009585,28.34,37,38.5,22,1,0,2,107.04,HEAVY_DELAY,LOW
j_hist_009586,7.14,11,22.4,14,0,1,1,37.0,MODERATE_DELAY,MEDIUM
j_hist_009587,14.82,21,22.6,6,0,1,1,79.57,HEAVY_DELAY,LOW
j_hist_009588,13.09,16,24.8,21,0,2,1,68.46,HEAVY_DELAY,LOW
j_hist_009589,27.89,36,41.1,20,0,2,0,90.72,HEAVY_DELAY,LOW
j_hist_009590,18.35,24,16.4,11,0,0,0,83.51,ON_TIME,MEDIUM
j_hist_009591,5.35,6,36.9,20,1,0,1,14.23,ON_TIME,LOW
j_hist_009592,26.13,25,23.6,5,0,0,2,129.72,HEAVY_DELAY,LOW
j_hist_009593,14.49,14,37.8,8,1,0,0,33.92,ON_TIME,HIGH
j_hist_009594,9.94,11,41.8,17,0,0,2,32.68,MODERATE_DELAY,HIGH
j_hist_009595,13.77,16,23.8,14,1,0,0,47.24,ON_TIME,MEDIUM
j_hist_009596,17.92,27,17.6,15,0,2,1,134.31,HEAVY_DELAY,MEDIUM
j_hist_009597,12.67,15,18.0,19,0,1,0,61.93,MODERATE_DELAY,HIGH
j_hist_009598,9.22,13,35.2,15,0,0,2,39.67,MODERATE_DELAY,MEDIUM
j_hist_009599,14.55,19,18.1,7,1,0,0,60.39,ON_TIME,LOW
j_hist_009600,1.65,3,21.3,6,1,0,0,7.58,ON_TIME,LOW
j_hist_009601,27.26,24,19.7,15,0,0,1,125.79,HEAVY_DELAY,MEDIUM
j_hist_009602,6.81,9,24.0,14,0,0,1,30.16,SLIGHT_DELAY,MEDIUM
j_hist_009603,2.49,5,16.1,7,1,0,0,12.77,ON_TIME,LOW
j_hist_009604,23.23,34,38.0,9,1,0,1,75.77,MODERATE_DELAY,HIGH
j_hist_009605,27.31,29,38.1,19,0,1,1,93.46,HEAVY_DELAY,HIGH
j_hist_009606,28.67,40,25.6,8,0,0,0,98.7,ON_TIME,HIGH
j_hist_009607,17.78,20,31.1,21,0,0,1,60.8,MODERATE_DELAY,LOW
j_hist_009608,7.98,11,32.0,5,0,0,0,25.06,ON_TIME,LOW
j_hist_009609,26.07,32,35.0,5,0,0,1,85.61,HEAVY_DELAY,LOW
j_hist_009610,24.79,22,28.6,16,0,0,1,87.89,HEAVY_DELAY,MEDIUM
j_hist_009611,9.37,9,28.3,14,0,1,0,30.63,SLIGHT_DELAY,MEDIUM
j_hist_009612,31.72,27,31.7,13,0,0,0,81.14,ON_TIME,MEDIUM
j_hist_009613,4.55,6,33.7,13,1,0,1,15.24,SLIGHT_DELAY,MEDIUM
j_hist_009614,34.41,44,23.7,18,1,1,0,138.38,HEAVY_DELAY,HIGH
j_hist_009615,30.25,29,23.3,14,0,0,0,99.68,ON_TIME,MEDIUM
j_hist_009616,24.39,30,21.6,7,0,0,0,88.67,ON_TIME,LOW
j_hist_009617,32.92,34,29.4,21,0,0,1,116.74,HEAVY_DELAY,LOW
j_hist_009618,25.56,34,24.1,7,1,0,0,89.46,ON_TIME,LOW
j_hist_009619,7.48,11,29.1,16,0,1,0,29.48,SLIGHT_DELAY,MEDIUM
j_hist_009620,16.03,22,25.4,19,0,1,2,92.76,HEAVY_DELAY,HIGH
j_hist_009621,3.43,5,37.4,9,0,2,0,8.34,ON_TIME,HIGH
j_hist_009622,14.25,15,16.0,19,0,1,0,76.58,MODERATE_DELAY,HIGH
j_hist_009623,26.21,35,30.0,20,0,0,1,97.15,HEAVY_DELAY,LOW
j_hist_009624,14.14,14,30.1,13,0,0,1,48.46,MODERATE_DELAY,MEDIUM
j_hist_009625,12.23,13,24.7,12,0,1,1,54.09,MODERATE_DELAY,MEDIUM
j_hist_009626,21.24,21,25.8,15,0,0,0,64.29,ON_TIME,MEDIUM
j_hist_009627,30.65,38,36.4,13,0,0,0,79.66,ON_TIME,MEDIUM
j_hist_009628,2.62,5,21.9,20,0,1,0,11.15,ON_TIME,LOW
j_hist_009629,14.11,18,38.4,18,0,1,0,39.84,SLIGHT_DELAY,HIGH
j_hist_009630,6.38,8,39.1,19,0,1,1,19.87,SLIGHT_DELAY,HIGH
j_hist_009631,24.64,23,32.2,18,0,0,0,65.45,SLIGHT_DELAY,HIGH
j_hist_009632,4.59,8,35.6,14,0,0,2,18.92,SLIGHT_DELAY,MEDIUM
j_hist_009633,23.6,28,31.2,17,1,0,0,64.37,ON_TIME,HIGH
j_hist_009634,10.73,13,28.7,5,0,1,0,33.29,ON_TIME,LOW
j_hist_009635,7.76,10,41.1,13,0,0,1,22.17,SLIGHT_DELAY,MEDIUM
j_hist_009636,32.84,32,21.9,21,1,0,0,115.45,ON_TIME,LOW
j_hist_009637,1.63,3,18.3,21,0,1,0,10.38,SLIGHT_DELAY,LOW
j_hist_009638,15.88,18,22.0,14,1,0,0,56.11,ON_TIME,MEDIUM
j_hist_009639,1.74,3,31.2,17,0,2,2,8.76,SLIGHT_DELAY,HIGH
j_hist_009640,17.44,18,19.2,22,0,1,0,77.67,MODERATE_DELAY,LOW
j_hist_009641,18.04,26,39.4,17,0,2,2,91.09,HEAVY_DELAY,HIGH
j_hist_009642,11.94,15,25.5,17,1,1,0,46.09,SLIGHT_DELAY,HIGH
j_hist_009643,5.49,7,37.8,14,0,0,2,21.12,MODERATE_DELAY,MEDIUM
j_hist_009644,13.8,18,21.0,11,0,0,0,55.17,SLIGHT_DELAY,MEDIUM
j_hist_009645,23.86,34,22.8,11,1,2,1,142.01,HEAVY_DELAY,MEDIUM
j_hist_009646,27.6,25,15.7,13,1,0,1,153.68,HEAVY_DELAY,MEDIUM
j_hist_009647,19.05,26,21.2,20,1,0,1,91.41,HEAVY_DELAY,LOW
j_hist_009648,21.05,26,27.7,19,1,0,1,81.18,HEAVY_DELAY,HIGH
j_hist_009649,7.82,8,40.5,7,0,0,1,23.2,SLIGHT_DELAY,LOW
j_hist_009650,10.77,12,24.9,17,0,2,0,45.42,MODERATE_DELAY,HIGH
j_hist_009651,6.5,9,31.9,15,0,0,1,23.38,SLIGHT_DELAY,MEDIUM
j_hist_009652,9.48,13,26.0,12,0,0,1,41.56,MODERATE_DELAY,MEDIUM
j_hist_009653,8.65,10,15.3,10,0,0,0,39.06,ON_TIME,HIGH
j_hist_009654,18.66,22,28.1,14,0,0,1,73.8,HEAVY_DELAY,MEDIUM
j_hist_009655,20.13,26,15.8,21,0,0,0,96.17,ON_TIME,LOW
j_hist_009656,33.13,37,38.7,13,0,2,1,125.59,HEAVY_DELAY,MEDIUM
j_hist_009657,7.65,12,35.1,18,1,0,0,21.65,ON_TIME,HIGH
j_hist_009658,22.82,32,24.6,17,1,0,0,76.19,ON_TIME,HIGH
j_hist_009659,28.79,33,31.9,5,0,0,1,97.37,HEAVY_DELAY,LOW
j_hist_009660,20.05,29,17.1,13,0,2,2,178.32,HEAVY_DELAY,MEDIUM
j_hist_009661,9.67,10,33.7,21,1,0,0,28.23,SLIGHT_DELAY,LOW
j_hist_009662,9.93,9,37.0,19,0,0,0,22.59,ON_TIME,HIGH
j_hist_009663,2.33,4,37.0,9,0,2,0,8.68,ON_TIME,HIGH
j_hist_009664,11.39,15,22.0,8,1,0,0,40.66,ON_TIME,HIGH
j_hist_009665,26.32,32,21.4,8,0,0,2,149.94,HEAVY_DELAY,HIGH
j_hist_009666,2.62,4,28.6,19,1,0,0,9.12,ON_TIME,HIGH
j_hist_009667,8.46,9,41.1,9,0,0,2,27.3,MODERATE_DELAY,HIGH
j_hist_009668,25.01,24,39.8,21,1,2,2,107.49,HEAVY_DELAY,LOW
j_hist_009669,27.61,38,24.1,11,0,0,1,119.88,HEAVY_DELAY,MEDIUM
j_hist_009670,16.48,23,35.8,10,0,1,0,51.71,SLIGHT_DELAY,HIGH
j_hist_009671,24.73,31,39.8,19,0,0,1,74.49,MODERATE_DELAY,HIGH
j_hist_009672,14.19,19,21.3,18,0,0,1,66.95,MODERATE_DELAY,HIGH
j_hist_009673,6.44,9,37.2,14,0,0,0,18.81,ON_TIME,MEDIUM
j_hist_009674,14.54,15,21.5,10,0,0,2,76.39,HEAVY_DELAY,HIGH
j_hist_009675,20.72,23,23.6,14,0,1,0,80.42,MODERATE_DELAY,MEDIUM
j_hist_009676,33.23,42,19.6,13,1,0,0,132.49,ON_TIME,MEDIUM
j_hist_009677,3.34,5,28.2,17,0,0,2,16.27,SLIGHT_DELAY,HIGH
j_hist_009678,18.25,16,37.6,18,0,1,1,58.88,HEAVY_DELAY,HIGH
j_hist_009679,12.18,18,28.8,5,1,0,1,48.06,MODERATE_DELAY,LOW
j_hist_009680,18.28,25,17.5,5,0,0,0,83.37,ON_TIME,LOW
j_hist_009681,1.82,3,21.0,13,0,1,2,14.34,SLIGHT_DELAY,MEDIUM
j_hist_009682,11.64,15,29.8,9,0,1,0,37.35,SLIGHT_DELAY,HIGH
j_hist_009683,28.88,41,30.3,21,0,0,1,105.92,HEAVY_DELAY,LOW
j_hist_009684,19.83,19,30.2,20,0,1,1,79.04,HEAVY_DELAY,LOW
j_hist_009685,16.32,19,16.2,16,0,0,0,74.65,ON_TIME,MEDIUM
j_hist_009686,10.71,13,35.1,9,1,0,1,35.12,MODERATE_DELAY,HIGH
j_hist_009687,11.13,13,39.5,10,1,0,0,28.74,SLIGHT_DELAY,HIGH
j_hist_009688,14.03,20,28.3,15,1,0,0,43.38,ON_TIME,MEDIUM
j_hist_009689,29.41,32,34.1,10,1,0,0,75.81,ON_TIME,HIGH
j_hist_009690,33.89,30,39.6,14,0,0,0,73.87,ON_TIME,MEDIUM
j_hist_009691,15.91,15,32.0,19,0,1,1,60.74,HEAVY_DELAY,HIGH
j_hist_009692,14.37,13,32.9,22,1,1,1,51.77,HEAVY_DELAY,LOW
j_hist_009693,29.78,33,34.2,11,0,2,0,99.58,HEAVY_DELAY,MEDIUM
j_hist_009694,15.51,21,21.3,7,1,0,1,73.4,MODERATE_DELAY,LOW
j_hist_009695,19.77,20,30.3,20,1,0,0,54.73,ON_TIME,LOW
j_hist_009696,8.85,12,37.6,17,0,0,1,28.29,SLIGHT_DELAY,HIGH
j_hist_009697,26.28,33,22.3,21,0,1,1,134.63,HEAVY_DELAY,LOW
j_hist_009698,19.09,20,39.1,8,0,0,2,66.55,HEAVY_DELAY,HIGH
j_hist_009699,28.51,35,31.4,8,0,1,1,112.13,HEAVY_DELAY,HIGH
j_hist_009700,27.54,35,25.8,16,0,1,0,105.43,HEAVY_DELAY,MEDIUM
j_hist_009701,8.31,10,31.4,8,1,0,1,27.62,SLIGHT_DELAY,HIGH
j_hist_009702,25.33,27,25.3,21,0,0,0,81.09,ON_TIME,LOW
j_hist_009703,28.2,35,37.5,22,0,2,1,117.29,HEAVY_DELAY,LOW
j_hist_009704,12.77,19,27.5,10,1,0,2,64.39,HEAVY_DELAY,HIGH
j_hist_009705,6.87,9,39.2,9,0,1,0,22.53,SLIGHT_DELAY,HIGH
j_hist_009706,1.09,3,28.3,6,1,0,0,5.0,ON_TIME,LOW
j_hist_009707,16.33,19,32.5,15,1,1,0,51.77,MODERATE_DELAY,MEDIUM
j_hist_009708,12.98,12,41.9,17,0,0,0,27.61,ON_TIME,HIGH
j_hist_009709,19.87,24,18.1,9,0,1,1,120.46,HEAVY_DELAY,HIGH
j_hist_009710,7.39,9,34.6,12,0,2,1,32.0,MODERATE_DELAY,MEDIUM
j_hist_009711,30.23,28,17.9,15,1,1,2,180.0,HEAVY_DELAY,MEDIUM
j_hist_009712,9.76,12,37.5,8,1,0,1,31.75,MODERATE_DELAY,HIGH
j_hist_009713,8.7,8,30.7,22,0,0,0,22.37,ON_TIME,LOW
j_hist_009714,17.34,20,40.3,19,0,0,2,63.03,HEAVY_DELAY,HIGH
j_hist_009715,17.96,17,38.2,9,1,0,1,51.19,MODERATE_DELAY,HIGH
j_hist_009716,8.31,8,16.1,16,0,0,0,37.28,ON_TIME,MEDIUM
j_hist_009717,10.24,15,17.8,8,0,1,1,66.61,HEAVY_DELAY,HIGH
j_hist_009718,6.77,11,30.8,8,0,2,1,34.19,MODERATE_DELAY,HIGH
j_hist_009719,25.43,25,28.5,13,0,0,1,87.7,HEAVY_DELAY,MEDIUM
j_hist_009720,27.18,32,18.7,13,0,0,2,168.85,HEAVY_DELAY,MEDIUM
j_hist_009721,16.72,18,17.6,18,0,2,1,116.33,HEAVY_DELAY,HIGH
j_hist_009722,25.28,29,29.8,12,1,0,0,72.37,ON_TIME,MEDIUM
j_hist_009723,26.02,29,15.4,5,0,1,0,140.99,HEAVY_DELAY,LOW
j_hist_009724,5.7,7,38.5,15,0,0,0,11.06,ON_TIME,MEDIUM
j_hist_009725,33.85,43,36.6,8,0,2,0,114.68,HEAVY_DELAY,HIGH
j_hist_009726,28.92,27,36.0,21,0,0,0,66.6,ON_TIME,LOW
j_hist_009727,7.95,8,14.4,21,0,0,0,39.47,ON_TIME,LOW
j_hist_009728,7.33,11,15.3,17,0,0,0,36.8,ON_TIME,HIGH
j_hist_009729,5.27,8,29.4,21,1,0,0,16.39,ON_TIME,LOW
j_hist_009730,5.7,8,41.8,16,1,1,1,20.05,SLIGHT_DELAY,MEDIUM
j_hist_009731,26.44,30,23.6,18,1,0,1,112.24,HEAVY_DELAY,HIGH
j_hist_009732,16.97,20,23.6,13,0,0,0,55.68,ON_TIME,MEDIUM
j_hist_009733,27.62,31,17.8,16,1,0,0,118.39,ON_TIME,MEDIUM
j_hist_009734,26.37,29,32.9,21,0,0,2,103.96,HEAVY_DELAY,LOW
j_hist_009735,21.56,25,32.1,20,0,0,0,58.56,ON_TIME,LOW
j_hist_009736,24.34,29,16.8,16,1,2,0,139.37,HEAVY_DELAY,MEDIUM
j_hist_009737,1.62,3,27.1,14,0,0,1,7.89,SLIGHT_DELAY,MEDIUM
j_hist_009738,11.6,16,32.7,6,0,1,1,48.11,MODERATE_DELAY,LOW
j_hist_009739,22.69,25,27.8,7,1,0,0,64.53,ON_TIME,LOW
j_hist_009740,1.32,3,32.9,9,0,2,0,7.03,SLIGHT_DELAY,HIGH
j_hist_009741,2.12,4,36.9,20,0,0,0,8.83,SLIGHT_DELAY,LOW
j_hist_009742,29.96,35,33.2,17,1,1,1,115.32,HEAVY_DELAY,HIGH
j_hist_009743,24.26,28,31.3,22,0,0,1,81.92,MODERATE_DELAY,LOW
j_hist_009744,10.02,15,37.9,6,0,1,0,30.25,SLIGHT_DELAY,LOW
j_hist_009745,24.39,31,39.2,5,0,0,0,58.8,ON_TIME,LOW
j_hist_009746,27.94,39,24.9,13,0,0,1,121.6,HEAVY_DELAY,MEDIUM
j_hist_009747,11.43,16,18.9,22,1,1,0,55.19,SLIGHT_DELAY,LOW
j_hist_009748,2.23,5,36.9,9,0,0,2,11.29,SLIGHT_DELAY,HIGH
j_hist_009749,32.71,40,20.0,7,0,1,0,149.65,HEAVY_DELAY,LOW
j_hist_009750,12.74,19,40.0,9,0,0,0,33.87,ON_TIME,HIGH
j_hist_009751,4.62,6,14.6,16,0,0,0,21.64,ON_TIME,MEDIUM
j_hist_009752,17.72,16,39.8,12,0,0,1,47.9,MODERATE_DELAY,MEDIUM
j_hist_009753,27.13,33,30.5,12,0,0,1,97.5,HEAVY_DELAY,MEDIUM
j_hist_009754,8.54,13,35.7,11,0,0,2,34.5,MODERATE_DELAY,MEDIUM
j_hist_009755,10.16,12,25.2,6,0,2,0,44.48,MODERATE_DELAY,LOW
j_hist_009756,9.25,10,41.8,5,1,1,1,30.97,MODERATE_DELAY,LOW
j_hist_009757,34.72,40,20.4,5,1,0,0,130.5,ON_TIME,LOW
j_hist_009758,7.71,11,21.4,12,0,0,1,36.75,SLIGHT_DELAY,MEDIUM
j_hist_009759,20.57,22,15.4,21,0,1,0,111.89,HEAVY_DELAY,LOW
j_hist_009760,32.46,41,40.3,9,1,2,0,103.3,HEAVY_DELAY,HIGH
j_hist_009761,5.99,10,26.8,18,0,0,2,31.8,MODERATE_DELAY,HIGH
j_hist_009762,34.01,47,32.9,12,0,0,1,120.21,HEAVY_DELAY,MEDIUM
j_hist_009763,33.21,34,33.2,22,0,0,2,127.09,HEAVY_DELAY,LOW
j_hist_009764,31.08,32,38.5,11,1,1,0,81.44,MODERATE_DELAY,MEDIUM
j_hist_009765,8.29,10,32.6,18,0,0,0,21.8,ON_TIME,HIGH
j_hist_009766,22.56,25,29.7,18,0,0,2,94.96,HEAVY_DELAY,HIGH
j_hist_009767,26.87,25,33.9,10,1,0,0,70.16,SLIGHT_DELAY,HIGH
j_hist_009768,34.52,45,35.0,7,1,0,0,94.7,ON_TIME,LOW
j_hist_009769,7.13,9,19.2,18,0,0,0,30.41,ON_TIME,HIGH
j_hist_009770,27.04,37,17.1,18,0,1,0,143.14,HEAVY_DELAY,HIGH
j_hist_009771,12.52,18,16.1,7,1,0,2,92.1,HEAVY_DELAY,LOW
j_hist_009772,6.97,7,24.5,14,0,1,0,24.42,SLIGHT_DELAY,MEDIUM
j_hist_009773,15.33,23,27.9,13,1,1,2,87.59,HEAVY_DELAY,MEDIUM
j_hist_009774,27.99,36,31.2,11,0,0,2,120.89,HEAVY_DELAY,MEDIUM
j_hist_009775,16.8,20,40.8,11,1,0,0,37.94,ON_TIME,MEDIUM
j_hist_009776,19.28,21,23.3,11,0,0,2,98.96,HEAVY_DELAY,MEDIUM
j_hist_009777,34.84,40,35.3,16,0,0,1,111.99,HEAVY_DELAY,MEDIUM
j_hist_009778,14.57,16,28.9,8,0,0,2,62.73,HEAVY_DELAY,HIGH
j_hist_009779,21.92,27,20.2,17,0,1,2,147.92,HEAVY_DELAY,HIGH
j_hist_009780,13.42,13,31.2,7,0,0,0,35.54,ON_TIME,LOW
j_hist_009781,14.35,18,41.1,13,1,0,2,51.7,HEAVY_DELAY,MEDIUM
j_hist_009782,24.65,25,17.5,17,1,0,0,105.5,SLIGHT_DELAY,HIGH
j_hist_009783,32.89,28,28.2,5,0,0,1,115.24,HEAVY_DELAY,LOW
j_hist_009784,19.44,23,15.4,10,0,1,0,102.95,MODERATE_DELAY,HIGH
j_hist_009785,27.13,33,23.0,12,1,1,1,135.42,HEAVY_DELAY,MEDIUM
j_hist_009786,4.03,6,31.4,21,1,0,0,11.86,ON_TIME,LOW
j_hist_009787,8.18,8,37.5,22,0,0,0,21.14,SLIGHT_DELAY,LOW
j_hist_009788,18.07,26,34.4,8,0,0,1,60.02,MODERATE_DELAY,HIGH
j_hist_009789,1.68,3,27.0,16,0,0,0,5.93,ON_TIME,MEDIUM
j_hist_009790,9.6,10,39.5,20,0,0,1,28.25,SLIGHT_DELAY,LOW
j_hist_009791,18.59,22,22.5,22,0,0,1,82.11,HEAVY_DELAY,LOW
j_hist_009792,1.51,3,35.1,14,0,0,0,5.0,ON_TIME,MEDIUM
j_hist_009793,9.99,10,27.3,8,0,0,1,35.36,SLIGHT_DELAY,HIGH
j_hist_009794,18.48,23,39.2,6,0,1,1,62.94,HEAVY_DELAY,LOW
j_hist_009795,20.49,28,36.3,19,1,1,1,80.19,HEAVY_DELAY,HIGH
j_hist_009796,32.48,42,39.2,13,1,0,1,101.4,HEAVY_DELAY,MEDIUM
j_hist_009797,22.94,23,20.0,19,1,0,0,88.22,SLIGHT_DELAY,HIGH
j_hist_009798,15.1,21,32.7,9,0,0,0,44.39,ON_TIME,HIGH
j_hist_009799,32.63,34,34.7,7,0,1,2,140.04,HEAVY_DELAY,LOW
j_hist_009800,27.69,39,34.8,21,1,2,1,123.34,HEAVY_DELAY,LOW
j_hist_009801,7.8,8,28.1,17,0,0,0,24.9,SLIGHT_DELAY,HIGH
j_hist_009802,5.45,7,14.3,7,1,0,2,44.85,HEAVY_DELAY,LOW
j_hist_009803,23.98,29,21.3,8,0,1,0,103.89,MODERATE_DELAY,HIGH
j_hist_009804,20.04,21,23.1,22,1,1,0,77.9,MODERATE_DELAY,LOW
j_hist_009805,27.85,37,37.9,7,0,0,2,106.83,HEAVY_DELAY,LOW
j_hist_009806,26.12,32,37.5,18,0,0,1,84.84,HEAVY_DELAY,HIGH
j_hist_009807,22.26,20,16.9,20,0,0,1,117.64,HEAVY_DELAY,LOW
j_hist_009808,34.54,42,40.6,16,0,0,0,80.86,ON_TIME,MEDIUM
j_hist_009809,19.14,22,19.1,15,0,0,0,76.0,ON_TIME,MEDIUM
j_hist_009810,4.85,6,25.6,6,0,0,0,13.52,ON_TIME,LOW
j_hist_009811,29.16,42,20.0,5,1,0,1,148.42,HEAVY_DELAY,LOW
j_hist_009812,9.56,14,38.1,17,0,1,0,30.19,SLIGHT_DELAY,HIGH
j_hist_009813,27.43,28,35.0,22,1,1,0,79.02,MODERATE_DELAY,LOW
j_hist_009814,33.54,39,23.9,22,1,0,2,168.94,HEAVY_DELAY,LOW
j_hist_009815,24.69,26,33.1,17,0,0,2,96.9,HEAVY_DELAY,HIGH
j_hist_009816,21.27,28,19.2,8,0,1,0,101.76,MODERATE_DELAY,HIGH
j_hist_009817,16.65,24,24.7,5,0,0,0,57.91,ON_TIME,LOW
j_hist_009818,13.39,15,24.6,19,0,0,2,66.5,HEAVY_DELAY,HIGH
j_hist_009819,13.0,18,20.7,21,1,0,0,50.21,ON_TIME,LOW
j_hist_009820,22.64,26,38.5,10,0,1,1,77.03,HEAVY_DELAY,HIGH
j_hist_009821,26.54,29,33.0,9,0,0,1,88.84,HEAVY_DELAY,HIGH
j_hist_009822,24.07,34,21.8,5,0,0,0,90.52,ON_TIME,LOW
j_hist_009823,7.75,10,20.8,20,0,0,0,31.89,SLIGHT_DELAY,LOW
j_hist_009824,17.8,21,14.5,18,0,0,1,111.91,HEAVY_DELAY,HIGH
j_hist_009825,27.92,35,23.7,9,1,0,1,121.0,HEAVY_DELAY,HIGH
j_hist_009826,17.17,18,28.7,7,0,0,0,50.36,ON_TIME,LOW
j_hist_009827,19.25,21,21.8,7,1,0,2,102.81,HEAVY_DELAY,LOW
j_hist_009828,27.22,38,33.6,16,0,0,2,115.48,HEAVY_DELAY,MEDIUM
j_hist_009829,23.48,30,25.5,22,0,0,0,78.41,ON_TIME,LOW
j_hist_009830,14.92,21,22.9,13,0,1,0,62.05,MODERATE_DELAY,MEDIUM
j_hist_009831,31.44,32,40.3,21,1,1,0,83.76,MODERATE_DELAY,LOW
j_hist_009832,6.53,9,21.4,21,0,0,2,39.41,MODERATE_DELAY,LOW
j_hist_009833,34.85,50,25.2,22,0,0,0,121.65,ON_TIME,LOW
j_hist_009834,5.04,6,24.7,7,1,0,0,14.67,ON_TIME,LOW
j_hist_009835,1.51,3,20.8,22,0,0,0,7.98,ON_TIME,LOW
j_hist_009836,31.26,36,20.1,19,0,1,0,139.6,HEAVY_DELAY,HIGH
j_hist_009837,9.33,11,22.5,5,0,0,2,49.12,HEAVY_DELAY,LOW
j_hist_009838,25.81,25,38.2,7,0,2,2,116.96,HEAVY_DELAY,LOW
j_hist_009839,28.57,40,35.5,11,1,1,1,112.81,HEAVY_DELAY,MEDIUM
j_hist_009840,30.21,44,33.1,14,0,1,1,123.86,HEAVY_DELAY,MEDIUM
j_hist_009841,34.71,41,26.8,13,0,1,0,123.93,HEAVY_DELAY,MEDIUM
j_hist_009842,11.0,15,28.2,13,0,0,1,44.62,MODERATE_DELAY,MEDIUM
j_hist_009843,25.15,35,21.5,12,0,0,2,145.11,HEAVY_DELAY,MEDIUM
j_hist_009844,4.92,8,16.1,10,1,1,0,25.32,ON_TIME,HIGH
j_hist_009845,14.83,14,23.3,5,0,0,1,60.95,MODERATE_DELAY,LOW
j_hist_009846,29.83,28,27.9,20,0,0,1,106.1,HEAVY_DELAY,LOW
j_hist_009847,13.5,13,15.6,14,1,0,1,74.85,MODERATE_DELAY,MEDIUM
j_hist_009848,21.1,19,16.5,15,0,0,0,90.43,ON_TIME,MEDIUM
j_hist_009849,18.13,19,21.4,16,0,0,2,98.86,HEAVY_DELAY,MEDIUM
j_hist_009850,22.96,25,24.3,7,0,0,1,92.47,HEAVY_DELAY,LOW
j_hist_009851,34.08,34,25.0,10,1,0,0,107.56,ON_TIME,HIGH
j_hist_009852,2.9,4,17.3,12,1,0,1,15.88,SLIGHT_DELAY,MEDIUM
j_hist_009853,20.51,24,20.3,17,0,0,1,100.7,HEAVY_DELAY,HIGH
j_hist_009854,30.34,31,21.3,12,0,0,1,136.95,HEAVY_DELAY,MEDIUM
j_hist_009855,17.37,24,15.9,17,0,1,0,94.89,MODERATE_DELAY,HIGH
j_hist_009856,3.67,4,23.1,8,0,0,1,18.78,SLIGHT_DELAY,HIGH
j_hist_009857,20.06,28,16.0,7,0,0,0,94.15,ON_TIME,LOW
j_hist_009858,12.29,18,33.7,7,0,0,0,36.42,ON_TIME,LOW
j_hist_009859,6.27,9,24.8,16,0,0,1,26.78,SLIGHT_DELAY,MEDIUM
j_hist_009860,29.87,39,23.1,9,1,2,0,140.36,HEAVY_DELAY,HIGH
j_hist_009861,18.73,27,17.5,10,0,0,0,83.38,ON_TIME,HIGH
j_hist_009862,32.73,32,20.3,22,0,0,1,150.21,HEAVY_DELAY,LOW
j_hist_009863,28.4,41,20.5,18,0,0,1,143.66,HEAVY_DELAY,HIGH
j_hist_009864,24.56,33,41.6,9,0,0,0,59.23,ON_TIME,HIGH
j_hist_009865,1.17,3,37.4,15,0,0,0,5.0,ON_TIME,MEDIUM
j_hist_009866,15.55,17,14.4,13,1,0,1,97.85,HEAVY_DELAY,MEDIUM
j_hist_009867,7.71,10,31.3,21,0,0,0,21.63,ON_TIME,LOW
j_hist_009868,31.97,40,21.2,16,0,0,1,148.08,HEAVY_DELAY,MEDIUM
j_hist_009869,6.94,10,16.9,5,0,0,0,31.27,ON_TIME,LOW
j_hist_009870,10.73,15,33.8,5,0,1,2,51.68,HEAVY_DELAY,LOW
j_hist_009871,18.57,17,17.7,8,0,0,1,93.59,HEAVY_DELAY,HIGH
j_hist_009872,9.95,12,26.4,22,1,1,0,37.24,SLIGHT_DELAY,LOW
j_hist_009873,8.14,10,31.7,21,0,0,0,21.3,ON_TIME,LOW
j_hist_009874,21.37,22,29.5,16,0,1,0,69.96,MODERATE_DELAY,MEDIUM
j_hist_009875,4.02,5,41.4,16,0,0,1,12.9,SLIGHT_DELAY,MEDIUM
j_hist_009876,2.98,4,36.0,9,1,0,0,7.87,ON_TIME,HIGH
j_hist_009877,13.66,15,35.7,5,0,0,0,36.7,SLIGHT_DELAY,LOW
j_hist_009878,25.5,29,24.0,11,0,0,0,84.36,ON_TIME,MEDIUM
j_hist_009879,19.86,18,14.2,19,0,0,0,96.88,ON_TIME,HIGH
j_hist_009880,15.38,23,34.6,18,0,0,0,41.94,ON_TIME,HIGH
j_hist_009881,20.24,27,42.0,7,0,0,2,77.1,HEAVY_DELAY,LOW
j_hist_009882,13.43,18,25.4,9,0,0,1,57.67,MODERATE_DELAY,HIGH
j_hist_009883,32.83,31,41.6,10,0,0,2,104.98,HEAVY_DELAY,HIGH
j_hist_009884,2.87,5,18.0,15,0,0,0,14.15,ON_TIME,MEDIUM
j_hist_009885,23.9,28,22.3,6,0,0,0,87.86,SLIGHT_DELAY,LOW
j_hist_009886,31.3,45,18.8,16,1,0,2,180.0,HEAVY_DELAY,MEDIUM
j_hist_009887,28.33,37,27.3,18,1,0,0,87.97,ON_TIME,HIGH
j_hist_009888,7.26,10,36.3,13,1,2,1,32.66,MODERATE_DELAY,MEDIUM
j_hist_009889,11.06,16,23.5,20,0,0,1,48.99,MODERATE_DELAY,LOW
j_hist_009890,25.38,24,39.4,21,1,1,1,82.28,HEAVY_DELAY,LOW
j_hist_009891,3.87,5,29.3,21,0,0,1,13.49,ON_TIME,LOW
j_hist_009892,28.6,36,27.0,6,0,0,1,113.74,HEAVY_DELAY,LOW
j_hist_009893,25.44,23,36.0,14,0,0,0,59.66,ON_TIME,MEDIUM
j_hist_009894,25.81,24,16.8,15,0,0,1,135.04,HEAVY_DELAY,MEDIUM
j_hist_009895,4.41,7,35.7,7,1,1,0,14.26,ON_TIME,LOW
j_hist_009896,25.4,26,20.8,6,0,1,0,107.1,MODERATE_DELAY,LOW
j_hist_009897,24.11,30,21.9,8,0,0,1,112.6,HEAVY_DELAY,HIGH
j_hist_009898,29.25,41,30.8,12,1,0,1,108.26,HEAVY_DELAY,MEDIUM
j_hist_009899,2.41,4,39.3,22,0,0,2,10.17,SLIGHT_DELAY,LOW
j_hist_009900,1.79,3,30.2,5,0,0,0,6.0,ON_TIME,LOW
j_hist_009901,13.68,13,32.2,6,0,1,2,58.6,HEAVY_DELAY,LOW
j_hist_009902,6.06,7,35.7,12,0,0,1,23.15,MODERATE_DELAY,MEDIUM
j_hist_009903,19.99,18,21.3,14,1,0,0,68.36,ON_TIME,MEDIUM
j_hist_009904,32.19,29,37.2,11,0,2,1,119.21,HEAVY_DELAY,MEDIUM
j_hist_009905,14.31,17,25.7,21,0,0,2,70.14,HEAVY_DELAY,LOW
j_hist_009906,29.73,31,18.9,7,0,2,1,180.0,HEAVY_DELAY,LOW
j_hist_009907,1.01,3,23.8,19,0,0,0,7.67,SLIGHT_DELAY,HIGH
j_hist_009908,6.73,10,20.9,8,1,0,0,25.98,ON_TIME,HIGH
j_hist_009909,2.03,4,20.4,21,0,1,0,11.5,SLIGHT_DELAY,LOW
j_hist_009910,12.16,15,21.9,15,0,0,2,66.22,HEAVY_DELAY,MEDIUM
j_hist_009911,31.88,29,19.1,10,0,1,1,176.39,HEAVY_DELAY,HIGH
j_hist_009912,4.3,7,32.7,21,0,0,1,16.86,SLIGHT_DELAY,LOW
j_hist_009913,21.62,24,30.2,14,1,2,1,96.62,HEAVY_DELAY,MEDIUM
j_hist_009914,16.35,15,32.2,5,0,0,1,51.4,MODERATE_DELAY,LOW
j_hist_009915,32.91,44,23.6,22,0,2,0,150.31,HEAVY_DELAY,LOW
j_hist_009916,5.17,7,35.6,18,1,1,1,20.65,SLIGHT_DELAY,HIGH
j_hist_009917,8.21,9,17.6,22,0,0,2,52.05,HEAVY_DELAY,LOW
j_hist_009918,2.0,4,30.0,5,0,0,1,10.02,SLIGHT_DELAY,LOW
j_hist_009919,15.75,23,21.7,5,0,0,2,93.43,HEAVY_DELAY,LOW
j_hist_009920,10.45,12,28.8,13,1,0,0,29.09,ON_TIME,MEDIUM
j_hist_009921,30.58,32,23.1,18,0,2,0,133.18,HEAVY_DELAY,HIGH
j_hist_009922,21.57,26,36.1,7,0,0,1,68.55,MODERATE_DELAY,LOW
j_hist_009923,21.88,29,39.0,16,0,0,0,56.66,ON_TIME,MEDIUM
j_hist_009924,19.08,17,34.8,21,1,1,0,50.26,SLIGHT_DELAY,LOW
j_hist_009925,4.12,6,18.9,21,1,0,1,24.77,MODERATE_DELAY,LOW
j_hist_009926,16.13,24,21.7,6,0,0,2,95.41,HEAVY_DELAY,LOW
j_hist_009927,34.98,35,39.7,10,1,0,2,118.7,HEAVY_DELAY,HIGH
j_hist_009928,29.4,41,26.2,5,0,0,0,99.88,ON_TIME,LOW
j_hist_009929,31.38,44,40.4,16,0,0,0,79.35,ON_TIME,MEDIUM
j_hist_009930,28.99,29,25.0,8,0,1,0,102.57,MODERATE_DELAY,HIGH
j_hist_009931,4.5,7,40.6,20,0,0,1,16.74,SLIGHT_DELAY,LOW
j_hist_009932,8.73,10,39.9,15,0,1,1,30.94,MODERATE_DELAY,MEDIUM
j_hist_009933,1.11,3,32.5,14,1,0,0,5.15,ON_TIME,MEDIUM
j_hist_009934,11.32,16,14.2,12,0,0,0,60.42,ON_TIME,MEDIUM
j_hist_009935,4.69,6,25.2,6,1,0,0,14.71,ON_TIME,LOW
j_hist_009936,17.07,22,39.5,12,0,0,0,39.85,ON_TIME,MEDIUM
j_hist_009937,24.02,32,38.8,5,1,0,0,57.63,ON_TIME,LOW
j_hist_009938,30.73,33,19.2,11,0,1,0,135.71,HEAVY_DELAY,MEDIUM
j_hist_009939,26.47,25,25.2,18,0,0,1,102.26,HEAVY_DELAY,HIGH
j_hist_009940,32.91,30,37.4,8,0,0,0,73.18,ON_TIME,HIGH
j_hist_009941,2.83,5,30.2,21,0,0,0,7.0,ON_TIME,LOW
j_hist_009942,1.41,3,37.7,6,1,0,1,5.0,ON_TIME,LOW
j_hist_009943,23.49,32,37.1,6,0,0,0,62.0,ON_TIME,LOW
j_hist_009944,10.84,13,39.4,12,0,0,0,27.64,ON_TIME,MEDIUM
j_hist_009945,9.62,12,17.3,11,0,1,0,52.23,MODERATE_DELAY,MEDIUM
j_hist_009946,12.25,13,18.1,12,1,0,1,65.85,HEAVY_DELAY,MEDIUM
j_hist_009947,10.17,11,16.3,21,0,0,1,56.54,MODERATE_DELAY,LOW
j_hist_009948,18.39,22,40.2,21,0,1,0,48.74,SLIGHT_DELAY,LOW
j_hist_009949,15.97,19,27.3,11,1,0,0,50.39,ON_TIME,MEDIUM
j_hist_009950,18.42,22,15.8,9,1,0,1,107.8,HEAVY_DELAY,HIGH
j_hist_009951,23.87,34,23.0,19,1,0,0,87.67,ON_TIME,HIGH
j_hist_009952,14.16,18,23.8,6,0,0,0,48.72,ON_TIME,LOW
j_hist_009953,9.54,13,36.7,15,0,2,0,32.07,SLIGHT_DELAY,MEDIUM
j_hist_009954,6.65,7,34.6,21,1,0,0,17.87,ON_TIME,LOW
j_hist_009955,12.88,20,33.3,17,1,0,0,39.61,ON_TIME,HIGH
j_hist_009956,26.22,35,14.6,8,1,0,0,133.77,ON_TIME,HIGH
j_hist_009957,26.73,37,39.5,22,0,0,1,85.97,HEAVY_DELAY,LOW
j_hist_009958,23.67,26,20.0,18,0,1,0,102.85,MODERATE_DELAY,HIGH
j_hist_009959,8.96,11,31.6,7,1,0,0,24.81,ON_TIME,LOW
j_hist_009960,20.99,25,15.7,8,1,0,1,122.73,HEAVY_DELAY,HIGH
j_hist_009961,20.4,20,16.3,13,0,0,1,113.42,HEAVY_DELAY,MEDIUM
j_hist_009962,17.47,23,14.3,18,0,0,0,90.53,ON_TIME,HIGH
j_hist_009963,19.7,28,29.8,21,0,1,0,70.1,MODERATE_DELAY,LOW
j_hist_009964,17.72,17,31.6,6,1,2,0,59.25,MODERATE_DELAY,LOW
j_hist_009965,20.23,19,15.4,18,0,0,0,96.06,SLIGHT_DELAY,HIGH
j_hist_009966,25.33,33,22.1,20,1,1,2,160.77,HEAVY_DELAY,LOW
j_hist_009967,4.73,6,37.8,20,0,0,0,9.74,ON_TIME,LOW
j_hist_009968,26.49,33,16.8,15,0,0,2,180.0,HEAVY_DELAY,MEDIUM
j_hist_009969,5.62,8,20.1,18,0,1,0,23.99,ON_TIME,HIGH
j_hist_009970,3.27,5,25.9,11,1,0,1,12.91,ON_TIME,MEDIUM
j_hist_009971,34.19,46,37.6,9,0,0,0,89.23,ON_TIME,HIGH
j_hist_009972,33.54,39,21.1,12,0,0,1,154.74,HEAVY_DELAY,MEDIUM
j_hist_009973,3.05,6,41.9,21,0,0,1,10.69,ON_TIME,LOW
j_hist_009974,16.07,22,23.9,18,0,2,0,73.24,HEAVY_DELAY,HIGH
j_hist_009975,7.33,11,24.8,14,0,1,0,29.36,SLIGHT_DELAY,MEDIUM
j_hist_009976,17.5,16,17.4,16,0,1,2,121.96,HEAVY_DELAY,MEDIUM
j_hist_009977,29.23,29,33.0,9,0,0,2,113.35,HEAVY_DELAY,HIGH
j_hist_009978,33.32,30,20.8,12,0,1,0,136.66,HEAVY_DELAY,MEDIUM
j_hist_009979,22.56,26,31.6,16,0,0,0,62.58,ON_TIME,MEDIUM
j_hist_009980,13.03,19,20.2,8,1,0,1,65.78,MODERATE_DELAY,HIGH
j_hist_009981,21.51,25,24.9,17,0,1,2,121.06,HEAVY_DELAY,HIGH
j_hist_009982,11.61,17,38.0,21,0,0,1,39.46,MODERATE_DELAY,LOW
j_hist_009983,31.93,33,34.7,9,1,1,1,116.77,HEAVY_DELAY,HIGH
j_hist_009984,30.59,32,18.3,10,0,1,0,143.69,HEAVY_DELAY,HIGH
j_hist_009985,19.98,28,31.0,13,0,0,0,62.44,SLIGHT_DELAY,MEDIUM
j_hist_009986,12.04,14,31.6,9,0,0,0,32.8,ON_TIME,HIGH
j_hist_009987,10.98,15,16.5,6,1,0,0,50.7,ON_TIME,LOW
j_hist_009988,2.14,4,27.0,7,0,0,2,13.44,SLIGHT_DELAY,LOW
j_hist_009989,28.74,41,21.3,15,0,1,0,127.26,HEAVY_DELAY,MEDIUM
j_hist_009990,16.31,20,27.1,14,1,0,1,64.43,MODERATE_DELAY,MEDIUM
j_hist_009991,12.05,17,35.8,7,0,0,1,42.47,MODERATE_DELAY,LOW
j_hist_009992,17.02,16,18.4,13,0,0,1,86.26,HEAVY_DELAY,MEDIUM
j_hist_009993,28.84,33,17.5,12,0,0,0,122.64,ON_TIME,MEDIUM
j_hist_009994,5.24,9,21.5,20,1,0,0,21.35,ON_TIME,LOW
j_hist_009995,30.16,41,40.7,6,0,0,1,94.07,HEAVY_DELAY,LOW
j_hist_009996,31.52,28,34.9,14,0,2,1,119.19,HEAVY_DELAY,MEDIUM
j_hist_009997,33.19,34,14.5,18,1,1,2,180.0,HEAVY_DELAY,HIGH
j_hist_009998,14.51,17,25.2,9,0,0,2,71.6,HEAVY_DELAY,HIGH
j_hist_009999,8.38,9,21.2,5,0,0,0,32.6,SLIGHT_DELAY,LOW
